external_id,nombre,apellidos,dni,email,telefono,fecha_alta,estado,sede_externa,empresa_id
S5000-00001,Lucía,"Pérez Núñez",60000001Q,s5000.00001@example.invalid,"+34 600000001",2026-01-01,activo,"Sede sintética",999999
S5000-00002,Iñigo,"Martín Sáez",60000002V,s5000.00002@example.invalid,600-000-002,2026-02-02,activo,"Sede sintética",999999
S5000-00003,"María José","Gómez León",60000003H,s5000.00003@example.invalid,"+34 600000003",2026-03-03,activo,"Sede sintética",999999
S5000-00004,Óscar,"Muñoz García",60000004L,s5000.00004@example.invalid,600-000-004,2026-04-04,activo,"Sede sintética",999999
S5000-00005,Nuria,"Pérez Núñez",60000005C,s5000.00005@example.invalid,"+34 600000005",2026-05-05,activo,"Sede sintética",999999
S5000-00006,Raúl,"Martín Sáez",60000006K,s5000.00006@example.invalid,600-000-006,2026-06-06,activo,"Sede sintética",999999
S5000-00007,Sofía,"Gómez León",60000007E,s5000.00007@example.invalid,"+34 600000007",2026-07-07,activo,"Sede sintética",999999
S5000-00008,Álvaro,"Muñoz García",60000008T,s5000.00008@example.invalid,600-000-008,2026-08-08,activo,"Sede sintética",999999
S5000-00009,Lucía,"Pérez Núñez",60000009R,s5000.00009@example.invalid,"+34 600000009",2026-09-09,activo,"Sede sintética",999999
S5000-00010,Iñigo,"Martín Sáez",60000010W,s5000.00010@example.invalid,600-000-010,2026-10-10,activo,"Sede sintética",999999
S5000-00011,"María José","Gómez León",60000011A,s5000.00011@example.invalid,"+34 600000011",2026-11-11,inactivo,"Sede sintética",999999
S5000-00012,Óscar,"Muñoz García",60000012G,s5000.00012@example.invalid,600-000-012,2026-12-12,activo,"Sede sintética",999999
S5000-00013,Nuria,"Pérez Núñez",60000013M,s5000.00013@example.invalid,"+34 600000013",2026-01-13,activo,"Sede sintética",999999
S5000-00014,Raúl,"Martín Sáez",60000014Y,s5000.00014@example.invalid,600-000-014,2026-02-14,activo,"Sede sintética",999999
S5000-00015,Sofía,"Gómez León",60000015F,s5000.00015@example.invalid,"+34 600000015",2026-03-15,activo,"Sede sintética",999999
S5000-00016,Álvaro,"Muñoz García",60000016P,s5000.00016@example.invalid,600-000-016,2026-04-16,activo,"Sede sintética",999999
S5000-00017,Lucía,"Pérez Núñez",60000017D,s5000.00017@example.invalid,"+34 600000017",2026-05-17,activo,"Sede sintética",999999
S5000-00018,Iñigo,"Martín Sáez",60000018X,s5000.00018@example.invalid,600-000-018,2026-06-18,activo,"Sede sintética",999999
S5000-00019,"María José","Gómez León",60000019B,s5000.00019@example.invalid,"+34 600000019",2026-07-19,activo,"Sede sintética",999999
S5000-00020,Óscar,"Muñoz García",60000020N,s5000.00020@example.invalid,600-000-020,2026-08-20,activo,"Sede sintética",999999
S5000-00021,Nuria,"Pérez Núñez",60000021J,s5000.00021@example.invalid,"+34 600000021",2026-09-21,activo,"Sede sintética",999999
S5000-00022,Raúl,"Martín Sáez",60000022Z,s5000.00022@example.invalid,600-000-022,2026-10-22,inactivo,"Sede sintética",999999
S5000-00023,Sofía,"Gómez León",60000023S,s5000.00023@example.invalid,"+34 600000023",2026-11-23,activo,"Sede sintética",999999
S5000-00024,Álvaro,"Muñoz García",60000024Q,s5000.00024@example.invalid,600-000-024,2026-12-24,activo,"Sede sintética",999999
S5000-00025,Lucía,"Pérez Núñez",60000025V,s5000.00025@example.invalid,"+34 600000025",2026-01-25,activo,"Sede sintética",999999
S5000-00026,Iñigo,"Martín Sáez",60000026H,s5000.00026@example.invalid,600-000-026,2026-02-26,activo,"Sede sintética",999999
S5000-00027,"María José","Gómez León",60000027L,s5000.00027@example.invalid,"+34 600000027",2026-03-27,activo,"Sede sintética",999999
S5000-00028,Óscar,"Muñoz García",60000028C,s5000.00028@example.invalid,600-000-028,2026-04-28,activo,"Sede sintética",999999
S5000-00029,Nuria,"Pérez Núñez",60000029K,s5000.00029@example.invalid,"+34 600000029",2026-05-01,activo,"Sede sintética",999999
S5000-00030,Raúl,"Martín Sáez",60000030E,s5000.00030@example.invalid,600-000-030,2026-06-02,activo,"Sede sintética",999999
S5000-00031,Sofía,"Gómez León",60000031T,s5000.00031@example.invalid,"+34 600000031",2026-07-03,activo,"Sede sintética",999999
S5000-00032,Álvaro,"Muñoz García",60000032R,s5000.00032@example.invalid,600-000-032,2026-08-04,activo,"Sede sintética",999999
S5000-00033,Lucía,"Pérez Núñez",60000033W,s5000.00033@example.invalid,"+34 600000033",2026-09-05,inactivo,"Sede sintética",999999
S5000-00034,Iñigo,"Martín Sáez",60000034A,s5000.00034@example.invalid,600-000-034,2026-10-06,activo,"Sede sintética",999999
S5000-00035,"María José","Gómez León",60000035G,s5000.00035@example.invalid,"+34 600000035",2026-11-07,activo,"Sede sintética",999999
S5000-00036,Óscar,"Muñoz García",60000036M,s5000.00036@example.invalid,600-000-036,2026-12-08,activo,"Sede sintética",999999
S5000-00037,Nuria,"Pérez Núñez",60000037Y,s5000.00037@example.invalid,"+34 600000037",2026-01-09,activo,"Sede sintética",999999
S5000-00038,Raúl,"Martín Sáez",60000038F,s5000.00038@example.invalid,600-000-038,2026-02-10,activo,"Sede sintética",999999
S5000-00039,Sofía,"Gómez León",60000039P,s5000.00039@example.invalid,"+34 600000039",2026-03-11,activo,"Sede sintética",999999
S5000-00040,Álvaro,"Muñoz García",60000040D,s5000.00040@example.invalid,600-000-040,2026-04-12,activo,"Sede sintética",999999
S5000-00041,Lucía,"Pérez Núñez",60000041X,s5000.00041@example.invalid,"+34 600000041",2026-05-13,activo,"Sede sintética",999999
S5000-00042,Iñigo,"Martín Sáez",60000042B,s5000.00042@example.invalid,600-000-042,2026-06-14,activo,"Sede sintética",999999
S5000-00043,"María José","Gómez León",60000043N,s5000.00043@example.invalid,"+34 600000043",2026-07-15,activo,"Sede sintética",999999
S5000-00044,Óscar,"Muñoz García",60000044J,s5000.00044@example.invalid,600-000-044,2026-08-16,inactivo,"Sede sintética",999999
S5000-00045,Nuria,"Pérez Núñez",60000045Z,s5000.00045@example.invalid,"+34 600000045",2026-09-17,activo,"Sede sintética",999999
S5000-00046,Raúl,"Martín Sáez",60000046S,s5000.00046@example.invalid,600-000-046,2026-10-18,activo,"Sede sintética",999999
S5000-00047,Sofía,"Gómez León",60000047Q,s5000.00047@example.invalid,"+34 600000047",2026-11-19,activo,"Sede sintética",999999
S5000-00048,Álvaro,"Muñoz García",60000048V,s5000.00048@example.invalid,600-000-048,2026-12-20,activo,"Sede sintética",999999
S5000-00049,Lucía,"Pérez Núñez",60000049H,s5000.00049@example.invalid,"+34 600000049",2026-01-21,activo,"Sede sintética",999999
S5000-00050,Iñigo,"Martín Sáez",60000050L,s5000.00050@example.invalid,600-000-050,2026-02-22,activo,"Sede sintética",999999
S5000-00051,"María José","Gómez León",60000051C,s5000.00051@example.invalid,"+34 600000051",2026-03-23,activo,"Sede sintética",999999
S5000-00052,Óscar,"Muñoz García",60000052K,s5000.00052@example.invalid,600-000-052,2026-04-24,activo,"Sede sintética",999999
S5000-00053,Nuria,"Pérez Núñez",60000053E,s5000.00053@example.invalid,"+34 600000053",2026-05-25,activo,"Sede sintética",999999
S5000-00054,Raúl,"Martín Sáez",60000054T,s5000.00054@example.invalid,600-000-054,2026-06-26,activo,"Sede sintética",999999
S5000-00055,Sofía,"Gómez León",60000055R,s5000.00055@example.invalid,"+34 600000055",2026-07-27,inactivo,"Sede sintética",999999
S5000-00056,Álvaro,"Muñoz García",60000056W,s5000.00056@example.invalid,600-000-056,2026-08-28,activo,"Sede sintética",999999
S5000-00057,Lucía,"Pérez Núñez",60000057A,s5000.00057@example.invalid,"+34 600000057",2026-09-01,activo,"Sede sintética",999999
S5000-00058,Iñigo,"Martín Sáez",60000058G,s5000.00058@example.invalid,600-000-058,2026-10-02,activo,"Sede sintética",999999
S5000-00059,"María José","Gómez León",60000059M,s5000.00059@example.invalid,"+34 600000059",2026-11-03,activo,"Sede sintética",999999
S5000-00060,Óscar,"Muñoz García",60000060Y,s5000.00060@example.invalid,600-000-060,2026-12-04,activo,"Sede sintética",999999
S5000-00061,Nuria,"Pérez Núñez",60000061F,s5000.00061@example.invalid,"+34 600000061",2026-01-05,activo,"Sede sintética",999999
S5000-00062,Raúl,"Martín Sáez",60000062P,s5000.00062@example.invalid,600-000-062,2026-02-06,activo,"Sede sintética",999999
S5000-00063,Sofía,"Gómez León",60000063D,s5000.00063@example.invalid,"+34 600000063",2026-03-07,activo,"Sede sintética",999999
S5000-00064,Álvaro,"Muñoz García",60000064X,s5000.00064@example.invalid,600-000-064,2026-04-08,activo,"Sede sintética",999999
S5000-00065,Lucía,"Pérez Núñez",60000065B,s5000.00065@example.invalid,"+34 600000065",2026-05-09,activo,"Sede sintética",999999
S5000-00066,Iñigo,"Martín Sáez",60000066N,s5000.00066@example.invalid,600-000-066,2026-06-10,inactivo,"Sede sintética",999999
S5000-00067,"María José","Gómez León",60000067J,s5000.00067@example.invalid,"+34 600000067",2026-07-11,activo,"Sede sintética",999999
S5000-00068,Óscar,"Muñoz García",60000068Z,s5000.00068@example.invalid,600-000-068,2026-08-12,activo,"Sede sintética",999999
S5000-00069,Nuria,"Pérez Núñez",60000069S,s5000.00069@example.invalid,"+34 600000069",2026-09-13,activo,"Sede sintética",999999
S5000-00070,Raúl,"Martín Sáez",60000070Q,s5000.00070@example.invalid,600-000-070,2026-10-14,activo,"Sede sintética",999999
S5000-00071,Sofía,"Gómez León",60000071V,s5000.00071@example.invalid,"+34 600000071",2026-11-15,activo,"Sede sintética",999999
S5000-00072,Álvaro,"Muñoz García",60000072H,s5000.00072@example.invalid,600-000-072,2026-12-16,activo,"Sede sintética",999999
S5000-00073,Lucía,"Pérez Núñez",60000073L,s5000.00073@example.invalid,"+34 600000073",2026-01-17,activo,"Sede sintética",999999
S5000-00074,Iñigo,"Martín Sáez",60000074C,s5000.00074@example.invalid,600-000-074,2026-02-18,activo,"Sede sintética",999999
S5000-00075,"María José","Gómez León",60000075K,s5000.00075@example.invalid,"+34 600000075",2026-03-19,activo,"Sede sintética",999999
S5000-00076,Óscar,"Muñoz García",60000076E,s5000.00076@example.invalid,600-000-076,2026-04-20,activo,"Sede sintética",999999
S5000-00077,Nuria,"Pérez Núñez",60000077T,s5000.00077@example.invalid,"+34 600000077",2026-05-21,inactivo,"Sede sintética",999999
S5000-00078,Raúl,"Martín Sáez",60000078R,s5000.00078@example.invalid,600-000-078,2026-06-22,activo,"Sede sintética",999999
S5000-00079,Sofía,"Gómez León",60000079W,s5000.00079@example.invalid,"+34 600000079",2026-07-23,activo,"Sede sintética",999999
S5000-00080,Álvaro,"Muñoz García",60000080A,s5000.00080@example.invalid,600-000-080,2026-08-24,activo,"Sede sintética",999999
S5000-00081,Lucía,"Pérez Núñez",60000081G,s5000.00081@example.invalid,"+34 600000081",2026-09-25,activo,"Sede sintética",999999
S5000-00082,Iñigo,"Martín Sáez",60000082M,s5000.00082@example.invalid,600-000-082,2026-10-26,activo,"Sede sintética",999999
S5000-00083,"María José","Gómez León",60000083Y,s5000.00083@example.invalid,"+34 600000083",2026-11-27,activo,"Sede sintética",999999
S5000-00084,Óscar,"Muñoz García",60000084F,s5000.00084@example.invalid,600-000-084,2026-12-28,activo,"Sede sintética",999999
S5000-00085,Nuria,"Pérez Núñez",60000085P,s5000.00085@example.invalid,"+34 600000085",2026-01-01,activo,"Sede sintética",999999
S5000-00086,Raúl,"Martín Sáez",60000086D,s5000.00086@example.invalid,600-000-086,2026-02-02,activo,"Sede sintética",999999
S5000-00087,Sofía,"Gómez León",60000087X,s5000.00087@example.invalid,"+34 600000087",2026-03-03,activo,"Sede sintética",999999
S5000-00088,Álvaro,"Muñoz García",60000088B,s5000.00088@example.invalid,600-000-088,2026-04-04,inactivo,"Sede sintética",999999
S5000-00089,Lucía,"Pérez Núñez",60000089N,s5000.00089@example.invalid,"+34 600000089",2026-05-05,activo,"Sede sintética",999999
S5000-00090,Iñigo,"Martín Sáez",60000090J,s5000.00090@example.invalid,600-000-090,2026-06-06,activo,"Sede sintética",999999
S5000-00091,"María José","Gómez León",60000091Z,s5000.00091@example.invalid,"+34 600000091",2026-07-07,activo,"Sede sintética",999999
S5000-00092,Óscar,"Muñoz García",60000092S,s5000.00092@example.invalid,600-000-092,2026-08-08,activo,"Sede sintética",999999
S5000-00093,Nuria,"Pérez Núñez",60000093Q,s5000.00093@example.invalid,"+34 600000093",2026-09-09,activo,"Sede sintética",999999
S5000-00094,Raúl,"Martín Sáez",60000094V,s5000.00094@example.invalid,600-000-094,2026-10-10,activo,"Sede sintética",999999
S5000-00095,Sofía,"Gómez León",60000095H,s5000.00095@example.invalid,"+34 600000095",2026-11-11,activo,"Sede sintética",999999
S5000-00096,Álvaro,"Muñoz García",60000096L,s5000.00096@example.invalid,600-000-096,2026-12-12,activo,"Sede sintética",999999
S5000-00097,Lucía,"Pérez Núñez",60000097C,s5000.00097@example.invalid,"+34 600000097",2026-01-13,activo,"Sede sintética",999999
S5000-00098,Iñigo,"Martín Sáez",60000098K,s5000.00098@example.invalid,600-000-098,2026-02-14,activo,"Sede sintética",999999
S5000-00099,"María José","Gómez León",60000099E,s5000.00099@example.invalid,"+34 600000099",2026-03-15,inactivo,"Sede sintética",999999
S5000-00100,Óscar,"Muñoz García",60000100T,s5000.00100@example.invalid,600-000-100,2026-04-16,activo,"Sede sintética",999999
S5000-00101,Nuria,"Pérez Núñez",60000101R,s5000.00101@example.invalid,"+34 600000101",2026-05-17,activo,"Sede sintética",999999
S5000-00102,Raúl,"Martín Sáez",60000102W,s5000.00102@example.invalid,600-000-102,2026-06-18,activo,"Sede sintética",999999
S5000-00103,Sofía,"Gómez León",60000103A,s5000.00103@example.invalid,"+34 600000103",2026-07-19,activo,"Sede sintética",999999
S5000-00104,Álvaro,"Muñoz García",60000104G,s5000.00104@example.invalid,600-000-104,2026-08-20,activo,"Sede sintética",999999
S5000-00105,Lucía,"Pérez Núñez",60000105M,s5000.00105@example.invalid,"+34 600000105",2026-09-21,activo,"Sede sintética",999999
S5000-00106,Iñigo,"Martín Sáez",60000106Y,s5000.00106@example.invalid,600-000-106,2026-10-22,activo,"Sede sintética",999999
S5000-00107,"María José","Gómez León",60000107F,s5000.00107@example.invalid,"+34 600000107",2026-11-23,activo,"Sede sintética",999999
S5000-00108,Óscar,"Muñoz García",60000108P,s5000.00108@example.invalid,600-000-108,2026-12-24,activo,"Sede sintética",999999
S5000-00109,Nuria,"Pérez Núñez",60000109D,s5000.00109@example.invalid,"+34 600000109",2026-01-25,activo,"Sede sintética",999999
S5000-00110,Raúl,"Martín Sáez",60000110X,s5000.00110@example.invalid,600-000-110,2026-02-26,inactivo,"Sede sintética",999999
S5000-00111,Sofía,"Gómez León",60000111B,s5000.00111@example.invalid,"+34 600000111",2026-03-27,activo,"Sede sintética",999999
S5000-00112,Álvaro,"Muñoz García",60000112N,s5000.00112@example.invalid,600-000-112,2026-04-28,activo,"Sede sintética",999999
S5000-00113,Lucía,"Pérez Núñez",60000113J,s5000.00113@example.invalid,"+34 600000113",2026-05-01,activo,"Sede sintética",999999
S5000-00114,Iñigo,"Martín Sáez",60000114Z,s5000.00114@example.invalid,600-000-114,2026-06-02,activo,"Sede sintética",999999
S5000-00115,"María José","Gómez León",60000115S,s5000.00115@example.invalid,"+34 600000115",2026-07-03,activo,"Sede sintética",999999
S5000-00116,Óscar,"Muñoz García",60000116Q,s5000.00116@example.invalid,600-000-116,2026-08-04,activo,"Sede sintética",999999
S5000-00117,Nuria,"Pérez Núñez",60000117V,s5000.00117@example.invalid,"+34 600000117",2026-09-05,activo,"Sede sintética",999999
S5000-00118,Raúl,"Martín Sáez",60000118H,s5000.00118@example.invalid,600-000-118,2026-10-06,activo,"Sede sintética",999999
S5000-00119,Sofía,"Gómez León",60000119L,s5000.00119@example.invalid,"+34 600000119",2026-11-07,activo,"Sede sintética",999999
S5000-00120,Álvaro,"Muñoz García",60000120C,s5000.00120@example.invalid,600-000-120,2026-12-08,activo,"Sede sintética",999999
S5000-00121,Lucía,"Pérez Núñez",60000121K,s5000.00121@example.invalid,"+34 600000121",2026-01-09,inactivo,"Sede sintética",999999
S5000-00122,Iñigo,"Martín Sáez",60000122E,s5000.00122@example.invalid,600-000-122,2026-02-10,activo,"Sede sintética",999999
S5000-00123,"María José","Gómez León",60000123T,s5000.00123@example.invalid,"+34 600000123",2026-03-11,activo,"Sede sintética",999999
S5000-00124,Óscar,"Muñoz García",60000124R,s5000.00124@example.invalid,600-000-124,2026-04-12,activo,"Sede sintética",999999
S5000-00125,Nuria,"Pérez Núñez",60000125W,s5000.00125@example.invalid,"+34 600000125",2026-05-13,activo,"Sede sintética",999999
S5000-00126,Raúl,"Martín Sáez",60000126A,s5000.00126@example.invalid,600-000-126,2026-06-14,activo,"Sede sintética",999999
S5000-00127,Sofía,"Gómez León",60000127G,s5000.00127@example.invalid,"+34 600000127",2026-07-15,activo,"Sede sintética",999999
S5000-00128,Álvaro,"Muñoz García",60000128M,s5000.00128@example.invalid,600-000-128,2026-08-16,activo,"Sede sintética",999999
S5000-00129,Lucía,"Pérez Núñez",60000129Y,s5000.00129@example.invalid,"+34 600000129",2026-09-17,activo,"Sede sintética",999999
S5000-00130,Iñigo,"Martín Sáez",60000130F,s5000.00130@example.invalid,600-000-130,2026-10-18,activo,"Sede sintética",999999
S5000-00131,"María José","Gómez León",60000131P,s5000.00131@example.invalid,"+34 600000131",2026-11-19,activo,"Sede sintética",999999
S5000-00132,Óscar,"Muñoz García",60000132D,s5000.00132@example.invalid,600-000-132,2026-12-20,inactivo,"Sede sintética",999999
S5000-00133,Nuria,"Pérez Núñez",60000133X,s5000.00133@example.invalid,"+34 600000133",2026-01-21,activo,"Sede sintética",999999
S5000-00134,Raúl,"Martín Sáez",60000134B,s5000.00134@example.invalid,600-000-134,2026-02-22,activo,"Sede sintética",999999
S5000-00135,Sofía,"Gómez León",60000135N,s5000.00135@example.invalid,"+34 600000135",2026-03-23,activo,"Sede sintética",999999
S5000-00136,Álvaro,"Muñoz García",60000136J,s5000.00136@example.invalid,600-000-136,2026-04-24,activo,"Sede sintética",999999
S5000-00137,Lucía,"Pérez Núñez",60000137Z,s5000.00137@example.invalid,"+34 600000137",2026-05-25,activo,"Sede sintética",999999
S5000-00138,Iñigo,"Martín Sáez",60000138S,s5000.00138@example.invalid,600-000-138,2026-06-26,activo,"Sede sintética",999999
S5000-00139,"María José","Gómez León",60000139Q,s5000.00139@example.invalid,"+34 600000139",2026-07-27,activo,"Sede sintética",999999
S5000-00140,Óscar,"Muñoz García",60000140V,s5000.00140@example.invalid,600-000-140,2026-08-28,activo,"Sede sintética",999999
S5000-00141,Nuria,"Pérez Núñez",60000141H,s5000.00141@example.invalid,"+34 600000141",2026-09-01,activo,"Sede sintética",999999
S5000-00142,Raúl,"Martín Sáez",60000142L,s5000.00142@example.invalid,600-000-142,2026-10-02,activo,"Sede sintética",999999
S5000-00143,Sofía,"Gómez León",60000143C,s5000.00143@example.invalid,"+34 600000143",2026-11-03,inactivo,"Sede sintética",999999
S5000-00144,Álvaro,"Muñoz García",60000144K,s5000.00144@example.invalid,600-000-144,2026-12-04,activo,"Sede sintética",999999
S5000-00145,Lucía,"Pérez Núñez",60000145E,s5000.00145@example.invalid,"+34 600000145",2026-01-05,activo,"Sede sintética",999999
S5000-00146,Iñigo,"Martín Sáez",60000146T,s5000.00146@example.invalid,600-000-146,2026-02-06,activo,"Sede sintética",999999
S5000-00147,"María José","Gómez León",60000147R,s5000.00147@example.invalid,"+34 600000147",2026-03-07,activo,"Sede sintética",999999
S5000-00148,Óscar,"Muñoz García",60000148W,s5000.00148@example.invalid,600-000-148,2026-04-08,activo,"Sede sintética",999999
S5000-00149,Nuria,"Pérez Núñez",60000149A,s5000.00149@example.invalid,"+34 600000149",2026-05-09,activo,"Sede sintética",999999
S5000-00150,Raúl,"Martín Sáez",60000150G,s5000.00150@example.invalid,600-000-150,2026-06-10,activo,"Sede sintética",999999
S5000-00151,Sofía,"Gómez León",60000151M,s5000.00151@example.invalid,"+34 600000151",2026-07-11,activo,"Sede sintética",999999
S5000-00152,Álvaro,"Muñoz García",60000152Y,s5000.00152@example.invalid,600-000-152,2026-08-12,activo,"Sede sintética",999999
S5000-00153,Lucía,"Pérez Núñez",60000153F,s5000.00153@example.invalid,"+34 600000153",2026-09-13,activo,"Sede sintética",999999
S5000-00154,Iñigo,"Martín Sáez",60000154P,s5000.00154@example.invalid,600-000-154,2026-10-14,inactivo,"Sede sintética",999999
S5000-00155,"María José","Gómez León",60000155D,s5000.00155@example.invalid,"+34 600000155",2026-11-15,activo,"Sede sintética",999999
S5000-00156,Óscar,"Muñoz García",60000156X,s5000.00156@example.invalid,600-000-156,2026-12-16,activo,"Sede sintética",999999
S5000-00157,Nuria,"Pérez Núñez",60000157B,s5000.00157@example.invalid,"+34 600000157",2026-01-17,activo,"Sede sintética",999999
S5000-00158,Raúl,"Martín Sáez",60000158N,s5000.00158@example.invalid,600-000-158,2026-02-18,activo,"Sede sintética",999999
S5000-00159,Sofía,"Gómez León",60000159J,s5000.00159@example.invalid,"+34 600000159",2026-03-19,activo,"Sede sintética",999999
S5000-00160,Álvaro,"Muñoz García",60000160Z,s5000.00160@example.invalid,600-000-160,2026-04-20,activo,"Sede sintética",999999
S5000-00161,Lucía,"Pérez Núñez",60000161S,s5000.00161@example.invalid,"+34 600000161",2026-05-21,activo,"Sede sintética",999999
S5000-00162,Iñigo,"Martín Sáez",60000162Q,s5000.00162@example.invalid,600-000-162,2026-06-22,activo,"Sede sintética",999999
S5000-00163,"María José","Gómez León",60000163V,s5000.00163@example.invalid,"+34 600000163",2026-07-23,activo,"Sede sintética",999999
S5000-00164,Óscar,"Muñoz García",60000164H,s5000.00164@example.invalid,600-000-164,2026-08-24,activo,"Sede sintética",999999
S5000-00165,Nuria,"Pérez Núñez",60000165L,s5000.00165@example.invalid,"+34 600000165",2026-09-25,inactivo,"Sede sintética",999999
S5000-00166,Raúl,"Martín Sáez",60000166C,s5000.00166@example.invalid,600-000-166,2026-10-26,activo,"Sede sintética",999999
S5000-00167,Sofía,"Gómez León",60000167K,s5000.00167@example.invalid,"+34 600000167",2026-11-27,activo,"Sede sintética",999999
S5000-00168,Álvaro,"Muñoz García",60000168E,s5000.00168@example.invalid,600-000-168,2026-12-28,activo,"Sede sintética",999999
S5000-00169,Lucía,"Pérez Núñez",60000169T,s5000.00169@example.invalid,"+34 600000169",2026-01-01,activo,"Sede sintética",999999
S5000-00170,Iñigo,"Martín Sáez",60000170R,s5000.00170@example.invalid,600-000-170,2026-02-02,activo,"Sede sintética",999999
S5000-00171,"María José","Gómez León",60000171W,s5000.00171@example.invalid,"+34 600000171",2026-03-03,activo,"Sede sintética",999999
S5000-00172,Óscar,"Muñoz García",60000172A,s5000.00172@example.invalid,600-000-172,2026-04-04,activo,"Sede sintética",999999
S5000-00173,Nuria,"Pérez Núñez",60000173G,s5000.00173@example.invalid,"+34 600000173",2026-05-05,activo,"Sede sintética",999999
S5000-00174,Raúl,"Martín Sáez",60000174M,s5000.00174@example.invalid,600-000-174,2026-06-06,activo,"Sede sintética",999999
S5000-00175,Sofía,"Gómez León",60000175Y,s5000.00175@example.invalid,"+34 600000175",2026-07-07,activo,"Sede sintética",999999
S5000-00176,Álvaro,"Muñoz García",60000176F,s5000.00176@example.invalid,600-000-176,2026-08-08,inactivo,"Sede sintética",999999
S5000-00177,Lucía,"Pérez Núñez",60000177P,s5000.00177@example.invalid,"+34 600000177",2026-09-09,activo,"Sede sintética",999999
S5000-00178,Iñigo,"Martín Sáez",60000178D,s5000.00178@example.invalid,600-000-178,2026-10-10,activo,"Sede sintética",999999
S5000-00179,"María José","Gómez León",60000179X,s5000.00179@example.invalid,"+34 600000179",2026-11-11,activo,"Sede sintética",999999
S5000-00180,Óscar,"Muñoz García",60000180B,s5000.00180@example.invalid,600-000-180,2026-12-12,activo,"Sede sintética",999999
S5000-00181,Nuria,"Pérez Núñez",60000181N,s5000.00181@example.invalid,"+34 600000181",2026-01-13,activo,"Sede sintética",999999
S5000-00182,Raúl,"Martín Sáez",60000182J,s5000.00182@example.invalid,600-000-182,2026-02-14,activo,"Sede sintética",999999
S5000-00183,Sofía,"Gómez León",60000183Z,s5000.00183@example.invalid,"+34 600000183",2026-03-15,activo,"Sede sintética",999999
S5000-00184,Álvaro,"Muñoz García",60000184S,s5000.00184@example.invalid,600-000-184,2026-04-16,activo,"Sede sintética",999999
S5000-00185,Lucía,"Pérez Núñez",60000185Q,s5000.00185@example.invalid,"+34 600000185",2026-05-17,activo,"Sede sintética",999999
S5000-00186,Iñigo,"Martín Sáez",60000186V,s5000.00186@example.invalid,600-000-186,2026-06-18,activo,"Sede sintética",999999
S5000-00187,"María José","Gómez León",60000187H,s5000.00187@example.invalid,"+34 600000187",2026-07-19,inactivo,"Sede sintética",999999
S5000-00188,Óscar,"Muñoz García",60000188L,s5000.00188@example.invalid,600-000-188,2026-08-20,activo,"Sede sintética",999999
S5000-00189,Nuria,"Pérez Núñez",60000189C,s5000.00189@example.invalid,"+34 600000189",2026-09-21,activo,"Sede sintética",999999
S5000-00190,Raúl,"Martín Sáez",60000190K,s5000.00190@example.invalid,600-000-190,2026-10-22,activo,"Sede sintética",999999
S5000-00191,Sofía,"Gómez León",60000191E,s5000.00191@example.invalid,"+34 600000191",2026-11-23,activo,"Sede sintética",999999
S5000-00192,Álvaro,"Muñoz García",60000192T,s5000.00192@example.invalid,600-000-192,2026-12-24,activo,"Sede sintética",999999
S5000-00193,Lucía,"Pérez Núñez",60000193R,s5000.00193@example.invalid,"+34 600000193",2026-01-25,activo,"Sede sintética",999999
S5000-00194,Iñigo,"Martín Sáez",60000194W,s5000.00194@example.invalid,600-000-194,2026-02-26,activo,"Sede sintética",999999
S5000-00195,"María José","Gómez León",60000195A,s5000.00195@example.invalid,"+34 600000195",2026-03-27,activo,"Sede sintética",999999
S5000-00196,Óscar,"Muñoz García",60000196G,s5000.00196@example.invalid,600-000-196,2026-04-28,activo,"Sede sintética",999999
S5000-00197,Nuria,"Pérez Núñez",60000197M,s5000.00197@example.invalid,"+34 600000197",2026-05-01,activo,"Sede sintética",999999
S5000-00198,Raúl,"Martín Sáez",60000198Y,s5000.00198@example.invalid,600-000-198,2026-06-02,inactivo,"Sede sintética",999999
S5000-00199,Sofía,"Gómez León",60000199F,s5000.00199@example.invalid,"+34 600000199",2026-07-03,activo,"Sede sintética",999999
S5000-00200,Álvaro,"Muñoz García",60000200P,s5000.00200@example.invalid,600-000-200,2026-08-04,activo,"Sede sintética",999999
S5000-00201,Lucía,"Pérez Núñez",60000201D,s5000.00201@example.invalid,"+34 600000201",2026-09-05,activo,"Sede sintética",999999
S5000-00202,Iñigo,"Martín Sáez",60000202X,s5000.00202@example.invalid,600-000-202,2026-10-06,activo,"Sede sintética",999999
S5000-00203,"María José","Gómez León",60000203B,s5000.00203@example.invalid,"+34 600000203",2026-11-07,activo,"Sede sintética",999999
S5000-00204,Óscar,"Muñoz García",60000204N,s5000.00204@example.invalid,600-000-204,2026-12-08,activo,"Sede sintética",999999
S5000-00205,Nuria,"Pérez Núñez",60000205J,s5000.00205@example.invalid,"+34 600000205",2026-01-09,activo,"Sede sintética",999999
S5000-00206,Raúl,"Martín Sáez",60000206Z,s5000.00206@example.invalid,600-000-206,2026-02-10,activo,"Sede sintética",999999
S5000-00207,Sofía,"Gómez León",60000207S,s5000.00207@example.invalid,"+34 600000207",2026-03-11,activo,"Sede sintética",999999
S5000-00208,Álvaro,"Muñoz García",60000208Q,s5000.00208@example.invalid,600-000-208,2026-04-12,activo,"Sede sintética",999999
S5000-00209,Lucía,"Pérez Núñez",60000209V,s5000.00209@example.invalid,"+34 600000209",2026-05-13,inactivo,"Sede sintética",999999
S5000-00210,Iñigo,"Martín Sáez",60000210H,s5000.00210@example.invalid,600-000-210,2026-06-14,activo,"Sede sintética",999999
S5000-00211,"María José","Gómez León",60000211L,s5000.00211@example.invalid,"+34 600000211",2026-07-15,activo,"Sede sintética",999999
S5000-00212,Óscar,"Muñoz García",60000212C,s5000.00212@example.invalid,600-000-212,2026-08-16,activo,"Sede sintética",999999
S5000-00213,Nuria,"Pérez Núñez",60000213K,s5000.00213@example.invalid,"+34 600000213",2026-09-17,activo,"Sede sintética",999999
S5000-00214,Raúl,"Martín Sáez",60000214E,s5000.00214@example.invalid,600-000-214,2026-10-18,activo,"Sede sintética",999999
S5000-00215,Sofía,"Gómez León",60000215T,s5000.00215@example.invalid,"+34 600000215",2026-11-19,activo,"Sede sintética",999999
S5000-00216,Álvaro,"Muñoz García",60000216R,s5000.00216@example.invalid,600-000-216,2026-12-20,activo,"Sede sintética",999999
S5000-00217,Lucía,"Pérez Núñez",60000217W,s5000.00217@example.invalid,"+34 600000217",2026-01-21,activo,"Sede sintética",999999
S5000-00218,Iñigo,"Martín Sáez",60000218A,s5000.00218@example.invalid,600-000-218,2026-02-22,activo,"Sede sintética",999999
S5000-00219,"María José","Gómez León",60000219G,s5000.00219@example.invalid,"+34 600000219",2026-03-23,activo,"Sede sintética",999999
S5000-00220,Óscar,"Muñoz García",60000220M,s5000.00220@example.invalid,600-000-220,2026-04-24,inactivo,"Sede sintética",999999
S5000-00221,Nuria,"Pérez Núñez",60000221Y,s5000.00221@example.invalid,"+34 600000221",2026-05-25,activo,"Sede sintética",999999
S5000-00222,Raúl,"Martín Sáez",60000222F,s5000.00222@example.invalid,600-000-222,2026-06-26,activo,"Sede sintética",999999
S5000-00223,Sofía,"Gómez León",60000223P,s5000.00223@example.invalid,"+34 600000223",2026-07-27,activo,"Sede sintética",999999
S5000-00224,Álvaro,"Muñoz García",60000224D,s5000.00224@example.invalid,600-000-224,2026-08-28,activo,"Sede sintética",999999
S5000-00225,Lucía,"Pérez Núñez",60000225X,s5000.00225@example.invalid,"+34 600000225",2026-09-01,activo,"Sede sintética",999999
S5000-00226,Iñigo,"Martín Sáez",60000226B,s5000.00226@example.invalid,600-000-226,2026-10-02,activo,"Sede sintética",999999
S5000-00227,"María José","Gómez León",60000227N,s5000.00227@example.invalid,"+34 600000227",2026-11-03,activo,"Sede sintética",999999
S5000-00228,Óscar,"Muñoz García",60000228J,s5000.00228@example.invalid,600-000-228,2026-12-04,activo,"Sede sintética",999999
S5000-00229,Nuria,"Pérez Núñez",60000229Z,s5000.00229@example.invalid,"+34 600000229",2026-01-05,activo,"Sede sintética",999999
S5000-00230,Raúl,"Martín Sáez",60000230S,s5000.00230@example.invalid,600-000-230,2026-02-06,activo,"Sede sintética",999999
S5000-00231,Sofía,"Gómez León",60000231Q,s5000.00231@example.invalid,"+34 600000231",2026-03-07,inactivo,"Sede sintética",999999
S5000-00232,Álvaro,"Muñoz García",60000232V,s5000.00232@example.invalid,600-000-232,2026-04-08,activo,"Sede sintética",999999
S5000-00233,Lucía,"Pérez Núñez",60000233H,s5000.00233@example.invalid,"+34 600000233",2026-05-09,activo,"Sede sintética",999999
S5000-00234,Iñigo,"Martín Sáez",60000234L,s5000.00234@example.invalid,600-000-234,2026-06-10,activo,"Sede sintética",999999
S5000-00235,"María José","Gómez León",60000235C,s5000.00235@example.invalid,"+34 600000235",2026-07-11,activo,"Sede sintética",999999
S5000-00236,Óscar,"Muñoz García",60000236K,s5000.00236@example.invalid,600-000-236,2026-08-12,activo,"Sede sintética",999999
S5000-00237,Nuria,"Pérez Núñez",60000237E,s5000.00237@example.invalid,"+34 600000237",2026-09-13,activo,"Sede sintética",999999
S5000-00238,Raúl,"Martín Sáez",60000238T,s5000.00238@example.invalid,600-000-238,2026-10-14,activo,"Sede sintética",999999
S5000-00239,Sofía,"Gómez León",60000239R,s5000.00239@example.invalid,"+34 600000239",2026-11-15,activo,"Sede sintética",999999
S5000-00240,Álvaro,"Muñoz García",60000240W,s5000.00240@example.invalid,600-000-240,2026-12-16,activo,"Sede sintética",999999
S5000-00241,Lucía,"Pérez Núñez",60000241A,s5000.00241@example.invalid,"+34 600000241",2026-01-17,activo,"Sede sintética",999999
S5000-00242,Iñigo,"Martín Sáez",60000242G,s5000.00242@example.invalid,600-000-242,2026-02-18,inactivo,"Sede sintética",999999
S5000-00243,"María José","Gómez León",60000243M,s5000.00243@example.invalid,"+34 600000243",2026-03-19,activo,"Sede sintética",999999
S5000-00244,Óscar,"Muñoz García",60000244Y,s5000.00244@example.invalid,600-000-244,2026-04-20,activo,"Sede sintética",999999
S5000-00245,Nuria,"Pérez Núñez",60000245F,s5000.00245@example.invalid,"+34 600000245",2026-05-21,activo,"Sede sintética",999999
S5000-00246,Raúl,"Martín Sáez",60000246P,s5000.00246@example.invalid,600-000-246,2026-06-22,activo,"Sede sintética",999999
S5000-00247,Sofía,"Gómez León",60000247D,s5000.00247@example.invalid,"+34 600000247",2026-07-23,activo,"Sede sintética",999999
S5000-00248,Álvaro,"Muñoz García",60000248X,s5000.00248@example.invalid,600-000-248,2026-08-24,activo,"Sede sintética",999999
S5000-00249,Lucía,"Pérez Núñez",60000249B,s5000.00249@example.invalid,"+34 600000249",2026-09-25,activo,"Sede sintética",999999
S5000-00250,Iñigo,"Martín Sáez",60000250N,s5000.00250@example.invalid,600-000-250,2026-10-26,activo,"Sede sintética",999999
S5000-00251,"María José","Gómez León",60000251J,s5000.00251@example.invalid,"+34 600000251",2026-11-27,activo,"Sede sintética",999999
S5000-00252,Óscar,"Muñoz García",60000252Z,s5000.00252@example.invalid,600-000-252,2026-12-28,activo,"Sede sintética",999999
S5000-00253,Nuria,"Pérez Núñez",60000253S,s5000.00253@example.invalid,"+34 600000253",2026-01-01,inactivo,"Sede sintética",999999
S5000-00254,Raúl,"Martín Sáez",60000254Q,s5000.00254@example.invalid,600-000-254,2026-02-02,activo,"Sede sintética",999999
S5000-00255,Sofía,"Gómez León",60000255V,s5000.00255@example.invalid,"+34 600000255",2026-03-03,activo,"Sede sintética",999999
S5000-00256,Álvaro,"Muñoz García",60000256H,s5000.00256@example.invalid,600-000-256,2026-04-04,activo,"Sede sintética",999999
S5000-00257,Lucía,"Pérez Núñez",60000257L,s5000.00257@example.invalid,"+34 600000257",2026-05-05,activo,"Sede sintética",999999
S5000-00258,Iñigo,"Martín Sáez",60000258C,s5000.00258@example.invalid,600-000-258,2026-06-06,activo,"Sede sintética",999999
S5000-00259,"María José","Gómez León",60000259K,s5000.00259@example.invalid,"+34 600000259",2026-07-07,activo,"Sede sintética",999999
S5000-00260,Óscar,"Muñoz García",60000260E,s5000.00260@example.invalid,600-000-260,2026-08-08,activo,"Sede sintética",999999
S5000-00261,Nuria,"Pérez Núñez",60000261T,s5000.00261@example.invalid,"+34 600000261",2026-09-09,activo,"Sede sintética",999999
S5000-00262,Raúl,"Martín Sáez",60000262R,s5000.00262@example.invalid,600-000-262,2026-10-10,activo,"Sede sintética",999999
S5000-00263,Sofía,"Gómez León",60000263W,s5000.00263@example.invalid,"+34 600000263",2026-11-11,activo,"Sede sintética",999999
S5000-00264,Álvaro,"Muñoz García",60000264A,s5000.00264@example.invalid,600-000-264,2026-12-12,inactivo,"Sede sintética",999999
S5000-00265,Lucía,"Pérez Núñez",60000265G,s5000.00265@example.invalid,"+34 600000265",2026-01-13,activo,"Sede sintética",999999
S5000-00266,Iñigo,"Martín Sáez",60000266M,s5000.00266@example.invalid,600-000-266,2026-02-14,activo,"Sede sintética",999999
S5000-00267,"María José","Gómez León",60000267Y,s5000.00267@example.invalid,"+34 600000267",2026-03-15,activo,"Sede sintética",999999
S5000-00268,Óscar,"Muñoz García",60000268F,s5000.00268@example.invalid,600-000-268,2026-04-16,activo,"Sede sintética",999999
S5000-00269,Nuria,"Pérez Núñez",60000269P,s5000.00269@example.invalid,"+34 600000269",2026-05-17,activo,"Sede sintética",999999
S5000-00270,Raúl,"Martín Sáez",60000270D,s5000.00270@example.invalid,600-000-270,2026-06-18,activo,"Sede sintética",999999
S5000-00271,Sofía,"Gómez León",60000271X,s5000.00271@example.invalid,"+34 600000271",2026-07-19,activo,"Sede sintética",999999
S5000-00272,Álvaro,"Muñoz García",60000272B,s5000.00272@example.invalid,600-000-272,2026-08-20,activo,"Sede sintética",999999
S5000-00273,Lucía,"Pérez Núñez",60000273N,s5000.00273@example.invalid,"+34 600000273",2026-09-21,activo,"Sede sintética",999999
S5000-00274,Iñigo,"Martín Sáez",60000274J,s5000.00274@example.invalid,600-000-274,2026-10-22,activo,"Sede sintética",999999
S5000-00275,"María José","Gómez León",60000275Z,s5000.00275@example.invalid,"+34 600000275",2026-11-23,inactivo,"Sede sintética",999999
S5000-00276,Óscar,"Muñoz García",60000276S,s5000.00276@example.invalid,600-000-276,2026-12-24,activo,"Sede sintética",999999
S5000-00277,Nuria,"Pérez Núñez",60000277Q,s5000.00277@example.invalid,"+34 600000277",2026-01-25,activo,"Sede sintética",999999
S5000-00278,Raúl,"Martín Sáez",60000278V,s5000.00278@example.invalid,600-000-278,2026-02-26,activo,"Sede sintética",999999
S5000-00279,Sofía,"Gómez León",60000279H,s5000.00279@example.invalid,"+34 600000279",2026-03-27,activo,"Sede sintética",999999
S5000-00280,Álvaro,"Muñoz García",60000280L,s5000.00280@example.invalid,600-000-280,2026-04-28,activo,"Sede sintética",999999
S5000-00281,Lucía,"Pérez Núñez",60000281C,s5000.00281@example.invalid,"+34 600000281",2026-05-01,activo,"Sede sintética",999999
S5000-00282,Iñigo,"Martín Sáez",60000282K,s5000.00282@example.invalid,600-000-282,2026-06-02,activo,"Sede sintética",999999
S5000-00283,"María José","Gómez León",60000283E,s5000.00283@example.invalid,"+34 600000283",2026-07-03,activo,"Sede sintética",999999
S5000-00284,Óscar,"Muñoz García",60000284T,s5000.00284@example.invalid,600-000-284,2026-08-04,activo,"Sede sintética",999999
S5000-00285,Nuria,"Pérez Núñez",60000285R,s5000.00285@example.invalid,"+34 600000285",2026-09-05,activo,"Sede sintética",999999
S5000-00286,Raúl,"Martín Sáez",60000286W,s5000.00286@example.invalid,600-000-286,2026-10-06,inactivo,"Sede sintética",999999
S5000-00287,Sofía,"Gómez León",60000287A,s5000.00287@example.invalid,"+34 600000287",2026-11-07,activo,"Sede sintética",999999
S5000-00288,Álvaro,"Muñoz García",60000288G,s5000.00288@example.invalid,600-000-288,2026-12-08,activo,"Sede sintética",999999
S5000-00289,Lucía,"Pérez Núñez",60000289M,s5000.00289@example.invalid,"+34 600000289",2026-01-09,activo,"Sede sintética",999999
S5000-00290,Iñigo,"Martín Sáez",60000290Y,s5000.00290@example.invalid,600-000-290,2026-02-10,activo,"Sede sintética",999999
S5000-00291,"María José","Gómez León",60000291F,s5000.00291@example.invalid,"+34 600000291",2026-03-11,activo,"Sede sintética",999999
S5000-00292,Óscar,"Muñoz García",60000292P,s5000.00292@example.invalid,600-000-292,2026-04-12,activo,"Sede sintética",999999
S5000-00293,Nuria,"Pérez Núñez",60000293D,s5000.00293@example.invalid,"+34 600000293",2026-05-13,activo,"Sede sintética",999999
S5000-00294,Raúl,"Martín Sáez",60000294X,s5000.00294@example.invalid,600-000-294,2026-06-14,activo,"Sede sintética",999999
S5000-00295,Sofía,"Gómez León",60000295B,s5000.00295@example.invalid,"+34 600000295",2026-07-15,activo,"Sede sintética",999999
S5000-00296,Álvaro,"Muñoz García",60000296N,s5000.00296@example.invalid,600-000-296,2026-08-16,activo,"Sede sintética",999999
S5000-00297,Lucía,"Pérez Núñez",60000297J,s5000.00297@example.invalid,"+34 600000297",2026-09-17,inactivo,"Sede sintética",999999
S5000-00298,Iñigo,"Martín Sáez",60000298Z,s5000.00298@example.invalid,600-000-298,2026-10-18,activo,"Sede sintética",999999
S5000-00299,"María José","Gómez León",60000299S,s5000.00299@example.invalid,"+34 600000299",2026-11-19,activo,"Sede sintética",999999
S5000-00300,Óscar,"Muñoz García",60000300Q,s5000.00300@example.invalid,600-000-300,2026-12-20,activo,"Sede sintética",999999
S5000-00301,Nuria,"Pérez Núñez",60000301V,s5000.00301@example.invalid,"+34 600000301",2026-01-21,activo,"Sede sintética",999999
S5000-00302,Raúl,"Martín Sáez",60000302H,s5000.00302@example.invalid,600-000-302,2026-02-22,activo,"Sede sintética",999999
S5000-00303,Sofía,"Gómez León",60000303L,s5000.00303@example.invalid,"+34 600000303",2026-03-23,activo,"Sede sintética",999999
S5000-00304,Álvaro,"Muñoz García",60000304C,s5000.00304@example.invalid,600-000-304,2026-04-24,activo,"Sede sintética",999999
S5000-00305,Lucía,"Pérez Núñez",60000305K,s5000.00305@example.invalid,"+34 600000305",2026-05-25,activo,"Sede sintética",999999
S5000-00306,Iñigo,"Martín Sáez",60000306E,s5000.00306@example.invalid,600-000-306,2026-06-26,activo,"Sede sintética",999999
S5000-00307,"María José","Gómez León",60000307T,s5000.00307@example.invalid,"+34 600000307",2026-07-27,activo,"Sede sintética",999999
S5000-00308,Óscar,"Muñoz García",60000308R,s5000.00308@example.invalid,600-000-308,2026-08-28,inactivo,"Sede sintética",999999
S5000-00309,Nuria,"Pérez Núñez",60000309W,s5000.00309@example.invalid,"+34 600000309",2026-09-01,activo,"Sede sintética",999999
S5000-00310,Raúl,"Martín Sáez",60000310A,s5000.00310@example.invalid,600-000-310,2026-10-02,activo,"Sede sintética",999999
S5000-00311,Sofía,"Gómez León",60000311G,s5000.00311@example.invalid,"+34 600000311",2026-11-03,activo,"Sede sintética",999999
S5000-00312,Álvaro,"Muñoz García",60000312M,s5000.00312@example.invalid,600-000-312,2026-12-04,activo,"Sede sintética",999999
S5000-00313,Lucía,"Pérez Núñez",60000313Y,s5000.00313@example.invalid,"+34 600000313",2026-01-05,activo,"Sede sintética",999999
S5000-00314,Iñigo,"Martín Sáez",60000314F,s5000.00314@example.invalid,600-000-314,2026-02-06,activo,"Sede sintética",999999
S5000-00315,"María José","Gómez León",60000315P,s5000.00315@example.invalid,"+34 600000315",2026-03-07,activo,"Sede sintética",999999
S5000-00316,Óscar,"Muñoz García",60000316D,s5000.00316@example.invalid,600-000-316,2026-04-08,activo,"Sede sintética",999999
S5000-00317,Nuria,"Pérez Núñez",60000317X,s5000.00317@example.invalid,"+34 600000317",2026-05-09,activo,"Sede sintética",999999
S5000-00318,Raúl,"Martín Sáez",60000318B,s5000.00318@example.invalid,600-000-318,2026-06-10,activo,"Sede sintética",999999
S5000-00319,Sofía,"Gómez León",60000319N,s5000.00319@example.invalid,"+34 600000319",2026-07-11,inactivo,"Sede sintética",999999
S5000-00320,Álvaro,"Muñoz García",60000320J,s5000.00320@example.invalid,600-000-320,2026-08-12,activo,"Sede sintética",999999
S5000-00321,Lucía,"Pérez Núñez",60000321Z,s5000.00321@example.invalid,"+34 600000321",2026-09-13,activo,"Sede sintética",999999
S5000-00322,Iñigo,"Martín Sáez",60000322S,s5000.00322@example.invalid,600-000-322,2026-10-14,activo,"Sede sintética",999999
S5000-00323,"María José","Gómez León",60000323Q,s5000.00323@example.invalid,"+34 600000323",2026-11-15,activo,"Sede sintética",999999
S5000-00324,Óscar,"Muñoz García",60000324V,s5000.00324@example.invalid,600-000-324,2026-12-16,activo,"Sede sintética",999999
S5000-00325,Nuria,"Pérez Núñez",60000325H,s5000.00325@example.invalid,"+34 600000325",2026-01-17,activo,"Sede sintética",999999
S5000-00326,Raúl,"Martín Sáez",60000326L,s5000.00326@example.invalid,600-000-326,2026-02-18,activo,"Sede sintética",999999
S5000-00327,Sofía,"Gómez León",60000327C,s5000.00327@example.invalid,"+34 600000327",2026-03-19,activo,"Sede sintética",999999
S5000-00328,Álvaro,"Muñoz García",60000328K,s5000.00328@example.invalid,600-000-328,2026-04-20,activo,"Sede sintética",999999
S5000-00329,Lucía,"Pérez Núñez",60000329E,s5000.00329@example.invalid,"+34 600000329",2026-05-21,activo,"Sede sintética",999999
S5000-00330,Iñigo,"Martín Sáez",60000330T,s5000.00330@example.invalid,600-000-330,2026-06-22,inactivo,"Sede sintética",999999
S5000-00331,"María José","Gómez León",60000331R,s5000.00331@example.invalid,"+34 600000331",2026-07-23,activo,"Sede sintética",999999
S5000-00332,Óscar,"Muñoz García",60000332W,s5000.00332@example.invalid,600-000-332,2026-08-24,activo,"Sede sintética",999999
S5000-00333,Nuria,"Pérez Núñez",60000333A,s5000.00333@example.invalid,"+34 600000333",2026-09-25,activo,"Sede sintética",999999
S5000-00334,Raúl,"Martín Sáez",60000334G,s5000.00334@example.invalid,600-000-334,2026-10-26,activo,"Sede sintética",999999
S5000-00335,Sofía,"Gómez León",60000335M,s5000.00335@example.invalid,"+34 600000335",2026-11-27,activo,"Sede sintética",999999
S5000-00336,Álvaro,"Muñoz García",60000336Y,s5000.00336@example.invalid,600-000-336,2026-12-28,activo,"Sede sintética",999999
S5000-00337,Lucía,"Pérez Núñez",60000337F,s5000.00337@example.invalid,"+34 600000337",2026-01-01,activo,"Sede sintética",999999
S5000-00338,Iñigo,"Martín Sáez",60000338P,s5000.00338@example.invalid,600-000-338,2026-02-02,activo,"Sede sintética",999999
S5000-00339,"María José","Gómez León",60000339D,s5000.00339@example.invalid,"+34 600000339",2026-03-03,activo,"Sede sintética",999999
S5000-00340,Óscar,"Muñoz García",60000340X,s5000.00340@example.invalid,600-000-340,2026-04-04,activo,"Sede sintética",999999
S5000-00341,Nuria,"Pérez Núñez",60000341B,s5000.00341@example.invalid,"+34 600000341",2026-05-05,inactivo,"Sede sintética",999999
S5000-00342,Raúl,"Martín Sáez",60000342N,s5000.00342@example.invalid,600-000-342,2026-06-06,activo,"Sede sintética",999999
S5000-00343,Sofía,"Gómez León",60000343J,s5000.00343@example.invalid,"+34 600000343",2026-07-07,activo,"Sede sintética",999999
S5000-00344,Álvaro,"Muñoz García",60000344Z,s5000.00344@example.invalid,600-000-344,2026-08-08,activo,"Sede sintética",999999
S5000-00345,Lucía,"Pérez Núñez",60000345S,s5000.00345@example.invalid,"+34 600000345",2026-09-09,activo,"Sede sintética",999999
S5000-00346,Iñigo,"Martín Sáez",60000346Q,s5000.00346@example.invalid,600-000-346,2026-10-10,activo,"Sede sintética",999999
S5000-00347,"María José","Gómez León",60000347V,s5000.00347@example.invalid,"+34 600000347",2026-11-11,activo,"Sede sintética",999999
S5000-00348,Óscar,"Muñoz García",60000348H,s5000.00348@example.invalid,600-000-348,2026-12-12,activo,"Sede sintética",999999
S5000-00349,Nuria,"Pérez Núñez",60000349L,s5000.00349@example.invalid,"+34 600000349",2026-01-13,activo,"Sede sintética",999999
S5000-00350,Raúl,"Martín Sáez",60000350C,s5000.00350@example.invalid,600-000-350,2026-02-14,activo,"Sede sintética",999999
S5000-00351,Sofía,"Gómez León",60000351K,s5000.00351@example.invalid,"+34 600000351",2026-03-15,activo,"Sede sintética",999999
S5000-00352,Álvaro,"Muñoz García",60000352E,s5000.00352@example.invalid,600-000-352,2026-04-16,inactivo,"Sede sintética",999999
S5000-00353,Lucía,"Pérez Núñez",60000353T,s5000.00353@example.invalid,"+34 600000353",2026-05-17,activo,"Sede sintética",999999
S5000-00354,Iñigo,"Martín Sáez",60000354R,s5000.00354@example.invalid,600-000-354,2026-06-18,activo,"Sede sintética",999999
S5000-00355,"María José","Gómez León",60000355W,s5000.00355@example.invalid,"+34 600000355",2026-07-19,activo,"Sede sintética",999999
S5000-00356,Óscar,"Muñoz García",60000356A,s5000.00356@example.invalid,600-000-356,2026-08-20,activo,"Sede sintética",999999
S5000-00357,Nuria,"Pérez Núñez",60000357G,s5000.00357@example.invalid,"+34 600000357",2026-09-21,activo,"Sede sintética",999999
S5000-00358,Raúl,"Martín Sáez",60000358M,s5000.00358@example.invalid,600-000-358,2026-10-22,activo,"Sede sintética",999999
S5000-00359,Sofía,"Gómez León",60000359Y,s5000.00359@example.invalid,"+34 600000359",2026-11-23,activo,"Sede sintética",999999
S5000-00360,Álvaro,"Muñoz García",60000360F,s5000.00360@example.invalid,600-000-360,2026-12-24,activo,"Sede sintética",999999
S5000-00361,Lucía,"Pérez Núñez",60000361P,s5000.00361@example.invalid,"+34 600000361",2026-01-25,activo,"Sede sintética",999999
S5000-00362,Iñigo,"Martín Sáez",60000362D,s5000.00362@example.invalid,600-000-362,2026-02-26,activo,"Sede sintética",999999
S5000-00363,"María José","Gómez León",60000363X,s5000.00363@example.invalid,"+34 600000363",2026-03-27,inactivo,"Sede sintética",999999
S5000-00364,Óscar,"Muñoz García",60000364B,s5000.00364@example.invalid,600-000-364,2026-04-28,activo,"Sede sintética",999999
S5000-00365,Nuria,"Pérez Núñez",60000365N,s5000.00365@example.invalid,"+34 600000365",2026-05-01,activo,"Sede sintética",999999
S5000-00366,Raúl,"Martín Sáez",60000366J,s5000.00366@example.invalid,600-000-366,2026-06-02,activo,"Sede sintética",999999
S5000-00367,Sofía,"Gómez León",60000367Z,s5000.00367@example.invalid,"+34 600000367",2026-07-03,activo,"Sede sintética",999999
S5000-00368,Álvaro,"Muñoz García",60000368S,s5000.00368@example.invalid,600-000-368,2026-08-04,activo,"Sede sintética",999999
S5000-00369,Lucía,"Pérez Núñez",60000369Q,s5000.00369@example.invalid,"+34 600000369",2026-09-05,activo,"Sede sintética",999999
S5000-00370,Iñigo,"Martín Sáez",60000370V,s5000.00370@example.invalid,600-000-370,2026-10-06,activo,"Sede sintética",999999
S5000-00371,"María José","Gómez León",60000371H,s5000.00371@example.invalid,"+34 600000371",2026-11-07,activo,"Sede sintética",999999
S5000-00372,Óscar,"Muñoz García",60000372L,s5000.00372@example.invalid,600-000-372,2026-12-08,activo,"Sede sintética",999999
S5000-00373,Nuria,"Pérez Núñez",60000373C,s5000.00373@example.invalid,"+34 600000373",2026-01-09,activo,"Sede sintética",999999
S5000-00374,Raúl,"Martín Sáez",60000374K,s5000.00374@example.invalid,600-000-374,2026-02-10,inactivo,"Sede sintética",999999
S5000-00375,Sofía,"Gómez León",60000375E,s5000.00375@example.invalid,"+34 600000375",2026-03-11,activo,"Sede sintética",999999
S5000-00376,Álvaro,"Muñoz García",60000376T,s5000.00376@example.invalid,600-000-376,2026-04-12,activo,"Sede sintética",999999
S5000-00377,Lucía,"Pérez Núñez",60000377R,s5000.00377@example.invalid,"+34 600000377",2026-05-13,activo,"Sede sintética",999999
S5000-00378,Iñigo,"Martín Sáez",60000378W,s5000.00378@example.invalid,600-000-378,2026-06-14,activo,"Sede sintética",999999
S5000-00379,"María José","Gómez León",60000379A,s5000.00379@example.invalid,"+34 600000379",2026-07-15,activo,"Sede sintética",999999
S5000-00380,Óscar,"Muñoz García",60000380G,s5000.00380@example.invalid,600-000-380,2026-08-16,activo,"Sede sintética",999999
S5000-00381,Nuria,"Pérez Núñez",60000381M,s5000.00381@example.invalid,"+34 600000381",2026-09-17,activo,"Sede sintética",999999
S5000-00382,Raúl,"Martín Sáez",60000382Y,s5000.00382@example.invalid,600-000-382,2026-10-18,activo,"Sede sintética",999999
S5000-00383,Sofía,"Gómez León",60000383F,s5000.00383@example.invalid,"+34 600000383",2026-11-19,activo,"Sede sintética",999999
S5000-00384,Álvaro,"Muñoz García",60000384P,s5000.00384@example.invalid,600-000-384,2026-12-20,activo,"Sede sintética",999999
S5000-00385,Lucía,"Pérez Núñez",60000385D,s5000.00385@example.invalid,"+34 600000385",2026-01-21,inactivo,"Sede sintética",999999
S5000-00386,Iñigo,"Martín Sáez",60000386X,s5000.00386@example.invalid,600-000-386,2026-02-22,activo,"Sede sintética",999999
S5000-00387,"María José","Gómez León",60000387B,s5000.00387@example.invalid,"+34 600000387",2026-03-23,activo,"Sede sintética",999999
S5000-00388,Óscar,"Muñoz García",60000388N,s5000.00388@example.invalid,600-000-388,2026-04-24,activo,"Sede sintética",999999
S5000-00389,Nuria,"Pérez Núñez",60000389J,s5000.00389@example.invalid,"+34 600000389",2026-05-25,activo,"Sede sintética",999999
S5000-00390,Raúl,"Martín Sáez",60000390Z,s5000.00390@example.invalid,600-000-390,2026-06-26,activo,"Sede sintética",999999
S5000-00391,Sofía,"Gómez León",60000391S,s5000.00391@example.invalid,"+34 600000391",2026-07-27,activo,"Sede sintética",999999
S5000-00392,Álvaro,"Muñoz García",60000392Q,s5000.00392@example.invalid,600-000-392,2026-08-28,activo,"Sede sintética",999999
S5000-00393,Lucía,"Pérez Núñez",60000393V,s5000.00393@example.invalid,"+34 600000393",2026-09-01,activo,"Sede sintética",999999
S5000-00394,Iñigo,"Martín Sáez",60000394H,s5000.00394@example.invalid,600-000-394,2026-10-02,activo,"Sede sintética",999999
S5000-00395,"María José","Gómez León",60000395L,s5000.00395@example.invalid,"+34 600000395",2026-11-03,activo,"Sede sintética",999999
S5000-00396,Óscar,"Muñoz García",60000396C,s5000.00396@example.invalid,600-000-396,2026-12-04,inactivo,"Sede sintética",999999
S5000-00397,Nuria,"Pérez Núñez",60000397K,s5000.00397@example.invalid,"+34 600000397",2026-01-05,activo,"Sede sintética",999999
S5000-00398,Raúl,"Martín Sáez",60000398E,s5000.00398@example.invalid,600-000-398,2026-02-06,activo,"Sede sintética",999999
S5000-00399,Sofía,"Gómez León",60000399T,s5000.00399@example.invalid,"+34 600000399",2026-03-07,activo,"Sede sintética",999999
S5000-00400,Álvaro,"Muñoz García",60000400R,s5000.00400@example.invalid,600-000-400,2026-04-08,activo,"Sede sintética",999999
S5000-00401,Lucía,"Pérez Núñez",60000401W,s5000.00401@example.invalid,"+34 600000401",2026-05-09,activo,"Sede sintética",999999
S5000-00402,Iñigo,"Martín Sáez",60000402A,s5000.00402@example.invalid,600-000-402,2026-06-10,activo,"Sede sintética",999999
S5000-00403,"María José","Gómez León",60000403G,s5000.00403@example.invalid,"+34 600000403",2026-07-11,activo,"Sede sintética",999999
S5000-00404,Óscar,"Muñoz García",60000404M,s5000.00404@example.invalid,600-000-404,2026-08-12,activo,"Sede sintética",999999
S5000-00405,Nuria,"Pérez Núñez",60000405Y,s5000.00405@example.invalid,"+34 600000405",2026-09-13,activo,"Sede sintética",999999
S5000-00406,Raúl,"Martín Sáez",60000406F,s5000.00406@example.invalid,600-000-406,2026-10-14,activo,"Sede sintética",999999
S5000-00407,Sofía,"Gómez León",60000407P,s5000.00407@example.invalid,"+34 600000407",2026-11-15,inactivo,"Sede sintética",999999
S5000-00408,Álvaro,"Muñoz García",60000408D,s5000.00408@example.invalid,600-000-408,2026-12-16,activo,"Sede sintética",999999
S5000-00409,Lucía,"Pérez Núñez",60000409X,s5000.00409@example.invalid,"+34 600000409",2026-01-17,activo,"Sede sintética",999999
S5000-00410,Iñigo,"Martín Sáez",60000410B,s5000.00410@example.invalid,600-000-410,2026-02-18,activo,"Sede sintética",999999
S5000-00411,"María José","Gómez León",60000411N,s5000.00411@example.invalid,"+34 600000411",2026-03-19,activo,"Sede sintética",999999
S5000-00412,Óscar,"Muñoz García",60000412J,s5000.00412@example.invalid,600-000-412,2026-04-20,activo,"Sede sintética",999999
S5000-00413,Nuria,"Pérez Núñez",60000413Z,s5000.00413@example.invalid,"+34 600000413",2026-05-21,activo,"Sede sintética",999999
S5000-00414,Raúl,"Martín Sáez",60000414S,s5000.00414@example.invalid,600-000-414,2026-06-22,activo,"Sede sintética",999999
S5000-00415,Sofía,"Gómez León",60000415Q,s5000.00415@example.invalid,"+34 600000415",2026-07-23,activo,"Sede sintética",999999
S5000-00416,Álvaro,"Muñoz García",60000416V,s5000.00416@example.invalid,600-000-416,2026-08-24,activo,"Sede sintética",999999
S5000-00417,Lucía,"Pérez Núñez",60000417H,s5000.00417@example.invalid,"+34 600000417",2026-09-25,activo,"Sede sintética",999999
S5000-00418,Iñigo,"Martín Sáez",60000418L,s5000.00418@example.invalid,600-000-418,2026-10-26,inactivo,"Sede sintética",999999
S5000-00419,"María José","Gómez León",60000419C,s5000.00419@example.invalid,"+34 600000419",2026-11-27,activo,"Sede sintética",999999
S5000-00420,Óscar,"Muñoz García",60000420K,s5000.00420@example.invalid,600-000-420,2026-12-28,activo,"Sede sintética",999999
S5000-00421,Nuria,"Pérez Núñez",60000421E,s5000.00421@example.invalid,"+34 600000421",2026-01-01,activo,"Sede sintética",999999
S5000-00422,Raúl,"Martín Sáez",60000422T,s5000.00422@example.invalid,600-000-422,2026-02-02,activo,"Sede sintética",999999
S5000-00423,Sofía,"Gómez León",60000423R,s5000.00423@example.invalid,"+34 600000423",2026-03-03,activo,"Sede sintética",999999
S5000-00424,Álvaro,"Muñoz García",60000424W,s5000.00424@example.invalid,600-000-424,2026-04-04,activo,"Sede sintética",999999
S5000-00425,Lucía,"Pérez Núñez",60000425A,s5000.00425@example.invalid,"+34 600000425",2026-05-05,activo,"Sede sintética",999999
S5000-00426,Iñigo,"Martín Sáez",60000426G,s5000.00426@example.invalid,600-000-426,2026-06-06,activo,"Sede sintética",999999
S5000-00427,"María José","Gómez León",60000427M,s5000.00427@example.invalid,"+34 600000427",2026-07-07,activo,"Sede sintética",999999
S5000-00428,Óscar,"Muñoz García",60000428Y,s5000.00428@example.invalid,600-000-428,2026-08-08,activo,"Sede sintética",999999
S5000-00429,Nuria,"Pérez Núñez",60000429F,s5000.00429@example.invalid,"+34 600000429",2026-09-09,inactivo,"Sede sintética",999999
S5000-00430,Raúl,"Martín Sáez",60000430P,s5000.00430@example.invalid,600-000-430,2026-10-10,activo,"Sede sintética",999999
S5000-00431,Sofía,"Gómez León",60000431D,s5000.00431@example.invalid,"+34 600000431",2026-11-11,activo,"Sede sintética",999999
S5000-00432,Álvaro,"Muñoz García",60000432X,s5000.00432@example.invalid,600-000-432,2026-12-12,activo,"Sede sintética",999999
S5000-00433,Lucía,"Pérez Núñez",60000433B,s5000.00433@example.invalid,"+34 600000433",2026-01-13,activo,"Sede sintética",999999
S5000-00434,Iñigo,"Martín Sáez",60000434N,s5000.00434@example.invalid,600-000-434,2026-02-14,activo,"Sede sintética",999999
S5000-00435,"María José","Gómez León",60000435J,s5000.00435@example.invalid,"+34 600000435",2026-03-15,activo,"Sede sintética",999999
S5000-00436,Óscar,"Muñoz García",60000436Z,s5000.00436@example.invalid,600-000-436,2026-04-16,activo,"Sede sintética",999999
S5000-00437,Nuria,"Pérez Núñez",60000437S,s5000.00437@example.invalid,"+34 600000437",2026-05-17,activo,"Sede sintética",999999
S5000-00438,Raúl,"Martín Sáez",60000438Q,s5000.00438@example.invalid,600-000-438,2026-06-18,activo,"Sede sintética",999999
S5000-00439,Sofía,"Gómez León",60000439V,s5000.00439@example.invalid,"+34 600000439",2026-07-19,activo,"Sede sintética",999999
S5000-00440,Álvaro,"Muñoz García",60000440H,s5000.00440@example.invalid,600-000-440,2026-08-20,inactivo,"Sede sintética",999999
S5000-00441,Lucía,"Pérez Núñez",60000441L,s5000.00441@example.invalid,"+34 600000441",2026-09-21,activo,"Sede sintética",999999
S5000-00442,Iñigo,"Martín Sáez",60000442C,s5000.00442@example.invalid,600-000-442,2026-10-22,activo,"Sede sintética",999999
S5000-00443,"María José","Gómez León",60000443K,s5000.00443@example.invalid,"+34 600000443",2026-11-23,activo,"Sede sintética",999999
S5000-00444,Óscar,"Muñoz García",60000444E,s5000.00444@example.invalid,600-000-444,2026-12-24,activo,"Sede sintética",999999
S5000-00445,Nuria,"Pérez Núñez",60000445T,s5000.00445@example.invalid,"+34 600000445",2026-01-25,activo,"Sede sintética",999999
S5000-00446,Raúl,"Martín Sáez",60000446R,s5000.00446@example.invalid,600-000-446,2026-02-26,activo,"Sede sintética",999999
S5000-00447,Sofía,"Gómez León",60000447W,s5000.00447@example.invalid,"+34 600000447",2026-03-27,activo,"Sede sintética",999999
S5000-00448,Álvaro,"Muñoz García",60000448A,s5000.00448@example.invalid,600-000-448,2026-04-28,activo,"Sede sintética",999999
S5000-00449,Lucía,"Pérez Núñez",60000449G,s5000.00449@example.invalid,"+34 600000449",2026-05-01,activo,"Sede sintética",999999
S5000-00450,Iñigo,"Martín Sáez",60000450M,s5000.00450@example.invalid,600-000-450,2026-06-02,activo,"Sede sintética",999999
S5000-00451,"María José","Gómez León",60000451Y,s5000.00451@example.invalid,"+34 600000451",2026-07-03,inactivo,"Sede sintética",999999
S5000-00452,Óscar,"Muñoz García",60000452F,s5000.00452@example.invalid,600-000-452,2026-08-04,activo,"Sede sintética",999999
S5000-00453,Nuria,"Pérez Núñez",60000453P,s5000.00453@example.invalid,"+34 600000453",2026-09-05,activo,"Sede sintética",999999
S5000-00454,Raúl,"Martín Sáez",60000454D,s5000.00454@example.invalid,600-000-454,2026-10-06,activo,"Sede sintética",999999
S5000-00455,Sofía,"Gómez León",60000455X,s5000.00455@example.invalid,"+34 600000455",2026-11-07,activo,"Sede sintética",999999
S5000-00456,Álvaro,"Muñoz García",60000456B,s5000.00456@example.invalid,600-000-456,2026-12-08,activo,"Sede sintética",999999
S5000-00457,Lucía,"Pérez Núñez",60000457N,s5000.00457@example.invalid,"+34 600000457",2026-01-09,activo,"Sede sintética",999999
S5000-00458,Iñigo,"Martín Sáez",60000458J,s5000.00458@example.invalid,600-000-458,2026-02-10,activo,"Sede sintética",999999
S5000-00459,"María José","Gómez León",60000459Z,s5000.00459@example.invalid,"+34 600000459",2026-03-11,activo,"Sede sintética",999999
S5000-00460,Óscar,"Muñoz García",60000460S,s5000.00460@example.invalid,600-000-460,2026-04-12,activo,"Sede sintética",999999
S5000-00461,Nuria,"Pérez Núñez",60000461Q,s5000.00461@example.invalid,"+34 600000461",2026-05-13,activo,"Sede sintética",999999
S5000-00462,Raúl,"Martín Sáez",60000462V,s5000.00462@example.invalid,600-000-462,2026-06-14,inactivo,"Sede sintética",999999
S5000-00463,Sofía,"Gómez León",60000463H,s5000.00463@example.invalid,"+34 600000463",2026-07-15,activo,"Sede sintética",999999
S5000-00464,Álvaro,"Muñoz García",60000464L,s5000.00464@example.invalid,600-000-464,2026-08-16,activo,"Sede sintética",999999
S5000-00465,Lucía,"Pérez Núñez",60000465C,s5000.00465@example.invalid,"+34 600000465",2026-09-17,activo,"Sede sintética",999999
S5000-00466,Iñigo,"Martín Sáez",60000466K,s5000.00466@example.invalid,600-000-466,2026-10-18,activo,"Sede sintética",999999
S5000-00467,"María José","Gómez León",60000467E,s5000.00467@example.invalid,"+34 600000467",2026-11-19,activo,"Sede sintética",999999
S5000-00468,Óscar,"Muñoz García",60000468T,s5000.00468@example.invalid,600-000-468,2026-12-20,activo,"Sede sintética",999999
S5000-00469,Nuria,"Pérez Núñez",60000469R,s5000.00469@example.invalid,"+34 600000469",2026-01-21,activo,"Sede sintética",999999
S5000-00470,Raúl,"Martín Sáez",60000470W,s5000.00470@example.invalid,600-000-470,2026-02-22,activo,"Sede sintética",999999
S5000-00471,Sofía,"Gómez León",60000471A,s5000.00471@example.invalid,"+34 600000471",2026-03-23,activo,"Sede sintética",999999
S5000-00472,Álvaro,"Muñoz García",60000472G,s5000.00472@example.invalid,600-000-472,2026-04-24,activo,"Sede sintética",999999
S5000-00473,Lucía,"Pérez Núñez",60000473M,s5000.00473@example.invalid,"+34 600000473",2026-05-25,inactivo,"Sede sintética",999999
S5000-00474,Iñigo,"Martín Sáez",60000474Y,s5000.00474@example.invalid,600-000-474,2026-06-26,activo,"Sede sintética",999999
S5000-00475,"María José","Gómez León",60000475F,s5000.00475@example.invalid,"+34 600000475",2026-07-27,activo,"Sede sintética",999999
S5000-00476,Óscar,"Muñoz García",60000476P,s5000.00476@example.invalid,600-000-476,2026-08-28,activo,"Sede sintética",999999
S5000-00477,Nuria,"Pérez Núñez",60000477D,s5000.00477@example.invalid,"+34 600000477",2026-09-01,activo,"Sede sintética",999999
S5000-00478,Raúl,"Martín Sáez",60000478X,s5000.00478@example.invalid,600-000-478,2026-10-02,activo,"Sede sintética",999999
S5000-00479,Sofía,"Gómez León",60000479B,s5000.00479@example.invalid,"+34 600000479",2026-11-03,activo,"Sede sintética",999999
S5000-00480,Álvaro,"Muñoz García",60000480N,s5000.00480@example.invalid,600-000-480,2026-12-04,activo,"Sede sintética",999999
S5000-00481,Lucía,"Pérez Núñez",60000481J,s5000.00481@example.invalid,"+34 600000481",2026-01-05,activo,"Sede sintética",999999
S5000-00482,Iñigo,"Martín Sáez",60000482Z,s5000.00482@example.invalid,600-000-482,2026-02-06,activo,"Sede sintética",999999
S5000-00483,"María José","Gómez León",60000483S,s5000.00483@example.invalid,"+34 600000483",2026-03-07,activo,"Sede sintética",999999
S5000-00484,Óscar,"Muñoz García",60000484Q,s5000.00484@example.invalid,600-000-484,2026-04-08,inactivo,"Sede sintética",999999
S5000-00485,Nuria,"Pérez Núñez",60000485V,s5000.00485@example.invalid,"+34 600000485",2026-05-09,activo,"Sede sintética",999999
S5000-00486,Raúl,"Martín Sáez",60000486H,s5000.00486@example.invalid,600-000-486,2026-06-10,activo,"Sede sintética",999999
S5000-00487,Sofía,"Gómez León",60000487L,s5000.00487@example.invalid,"+34 600000487",2026-07-11,activo,"Sede sintética",999999
S5000-00488,Álvaro,"Muñoz García",60000488C,s5000.00488@example.invalid,600-000-488,2026-08-12,activo,"Sede sintética",999999
S5000-00489,Lucía,"Pérez Núñez",60000489K,s5000.00489@example.invalid,"+34 600000489",2026-09-13,activo,"Sede sintética",999999
S5000-00490,Iñigo,"Martín Sáez",60000490E,s5000.00490@example.invalid,600-000-490,2026-10-14,activo,"Sede sintética",999999
S5000-00491,"María José","Gómez León",60000491T,s5000.00491@example.invalid,"+34 600000491",2026-11-15,activo,"Sede sintética",999999
S5000-00492,Óscar,"Muñoz García",60000492R,s5000.00492@example.invalid,600-000-492,2026-12-16,activo,"Sede sintética",999999
S5000-00493,Nuria,"Pérez Núñez",60000493W,s5000.00493@example.invalid,"+34 600000493",2026-01-17,activo,"Sede sintética",999999
S5000-00494,Raúl,"Martín Sáez",60000494A,s5000.00494@example.invalid,600-000-494,2026-02-18,activo,"Sede sintética",999999
S5000-00495,Sofía,"Gómez León",60000495G,s5000.00495@example.invalid,"+34 600000495",2026-03-19,inactivo,"Sede sintética",999999
S5000-00496,Álvaro,"Muñoz García",60000496M,s5000.00496@example.invalid,600-000-496,2026-04-20,activo,"Sede sintética",999999
S5000-00497,Lucía,"Pérez Núñez",60000497Y,s5000.00497@example.invalid,"+34 600000497",2026-05-21,activo,"Sede sintética",999999
S5000-00498,Iñigo,"Martín Sáez",60000498F,s5000.00498@example.invalid,600-000-498,2026-06-22,activo,"Sede sintética",999999
S5000-00499,"María José","Gómez León",60000499P,s5000.00499@example.invalid,"+34 600000499",2026-07-23,activo,"Sede sintética",999999
S5000-00500,Óscar,"Muñoz García",60000500D,s5000.00500@example.invalid,600-000-500,2026-08-24,activo,"Sede sintética",999999
S5000-00501,Nuria,"Pérez Núñez",60000501X,s5000.00501@example.invalid,"+34 600000501",2026-09-25,activo,"Sede sintética",999999
S5000-00502,Raúl,"Martín Sáez",60000502B,s5000.00502@example.invalid,600-000-502,2026-10-26,activo,"Sede sintética",999999
S5000-00503,Sofía,"Gómez León",60000503N,s5000.00503@example.invalid,"+34 600000503",2026-11-27,activo,"Sede sintética",999999
S5000-00504,Álvaro,"Muñoz García",60000504J,s5000.00504@example.invalid,600-000-504,2026-12-28,activo,"Sede sintética",999999
S5000-00505,Lucía,"Pérez Núñez",60000505Z,s5000.00505@example.invalid,"+34 600000505",2026-01-01,activo,"Sede sintética",999999
S5000-00506,Iñigo,"Martín Sáez",60000506S,s5000.00506@example.invalid,600-000-506,2026-02-02,inactivo,"Sede sintética",999999
S5000-00507,"María José","Gómez León",60000507Q,s5000.00507@example.invalid,"+34 600000507",2026-03-03,activo,"Sede sintética",999999
S5000-00508,Óscar,"Muñoz García",60000508V,s5000.00508@example.invalid,600-000-508,2026-04-04,activo,"Sede sintética",999999
S5000-00509,Nuria,"Pérez Núñez",60000509H,s5000.00509@example.invalid,"+34 600000509",2026-05-05,activo,"Sede sintética",999999
S5000-00510,Raúl,"Martín Sáez",60000510L,s5000.00510@example.invalid,600-000-510,2026-06-06,activo,"Sede sintética",999999
S5000-00511,Sofía,"Gómez León",60000511C,s5000.00511@example.invalid,"+34 600000511",2026-07-07,activo,"Sede sintética",999999
S5000-00512,Álvaro,"Muñoz García",60000512K,s5000.00512@example.invalid,600-000-512,2026-08-08,activo,"Sede sintética",999999
S5000-00513,Lucía,"Pérez Núñez",60000513E,s5000.00513@example.invalid,"+34 600000513",2026-09-09,activo,"Sede sintética",999999
S5000-00514,Iñigo,"Martín Sáez",60000514T,s5000.00514@example.invalid,600-000-514,2026-10-10,activo,"Sede sintética",999999
S5000-00515,"María José","Gómez León",60000515R,s5000.00515@example.invalid,"+34 600000515",2026-11-11,activo,"Sede sintética",999999
S5000-00516,Óscar,"Muñoz García",60000516W,s5000.00516@example.invalid,600-000-516,2026-12-12,activo,"Sede sintética",999999
S5000-00517,Nuria,"Pérez Núñez",60000517A,s5000.00517@example.invalid,"+34 600000517",2026-01-13,inactivo,"Sede sintética",999999
S5000-00518,Raúl,"Martín Sáez",60000518G,s5000.00518@example.invalid,600-000-518,2026-02-14,activo,"Sede sintética",999999
S5000-00519,Sofía,"Gómez León",60000519M,s5000.00519@example.invalid,"+34 600000519",2026-03-15,activo,"Sede sintética",999999
S5000-00520,Álvaro,"Muñoz García",60000520Y,s5000.00520@example.invalid,600-000-520,2026-04-16,activo,"Sede sintética",999999
S5000-00521,Lucía,"Pérez Núñez",60000521F,s5000.00521@example.invalid,"+34 600000521",2026-05-17,activo,"Sede sintética",999999
S5000-00522,Iñigo,"Martín Sáez",60000522P,s5000.00522@example.invalid,600-000-522,2026-06-18,activo,"Sede sintética",999999
S5000-00523,"María José","Gómez León",60000523D,s5000.00523@example.invalid,"+34 600000523",2026-07-19,activo,"Sede sintética",999999
S5000-00524,Óscar,"Muñoz García",60000524X,s5000.00524@example.invalid,600-000-524,2026-08-20,activo,"Sede sintética",999999
S5000-00525,Nuria,"Pérez Núñez",60000525B,s5000.00525@example.invalid,"+34 600000525",2026-09-21,activo,"Sede sintética",999999
S5000-00526,Raúl,"Martín Sáez",60000526N,s5000.00526@example.invalid,600-000-526,2026-10-22,activo,"Sede sintética",999999
S5000-00527,Sofía,"Gómez León",60000527J,s5000.00527@example.invalid,"+34 600000527",2026-11-23,activo,"Sede sintética",999999
S5000-00528,Álvaro,"Muñoz García",60000528Z,s5000.00528@example.invalid,600-000-528,2026-12-24,inactivo,"Sede sintética",999999
S5000-00529,Lucía,"Pérez Núñez",60000529S,s5000.00529@example.invalid,"+34 600000529",2026-01-25,activo,"Sede sintética",999999
S5000-00530,Iñigo,"Martín Sáez",60000530Q,s5000.00530@example.invalid,600-000-530,2026-02-26,activo,"Sede sintética",999999
S5000-00531,"María José","Gómez León",60000531V,s5000.00531@example.invalid,"+34 600000531",2026-03-27,activo,"Sede sintética",999999
S5000-00532,Óscar,"Muñoz García",60000532H,s5000.00532@example.invalid,600-000-532,2026-04-28,activo,"Sede sintética",999999
S5000-00533,Nuria,"Pérez Núñez",60000533L,s5000.00533@example.invalid,"+34 600000533",2026-05-01,activo,"Sede sintética",999999
S5000-00534,Raúl,"Martín Sáez",60000534C,s5000.00534@example.invalid,600-000-534,2026-06-02,activo,"Sede sintética",999999
S5000-00535,Sofía,"Gómez León",60000535K,s5000.00535@example.invalid,"+34 600000535",2026-07-03,activo,"Sede sintética",999999
S5000-00536,Álvaro,"Muñoz García",60000536E,s5000.00536@example.invalid,600-000-536,2026-08-04,activo,"Sede sintética",999999
S5000-00537,Lucía,"Pérez Núñez",60000537T,s5000.00537@example.invalid,"+34 600000537",2026-09-05,activo,"Sede sintética",999999
S5000-00538,Iñigo,"Martín Sáez",60000538R,s5000.00538@example.invalid,600-000-538,2026-10-06,activo,"Sede sintética",999999
S5000-00539,"María José","Gómez León",60000539W,s5000.00539@example.invalid,"+34 600000539",2026-11-07,inactivo,"Sede sintética",999999
S5000-00540,Óscar,"Muñoz García",60000540A,s5000.00540@example.invalid,600-000-540,2026-12-08,activo,"Sede sintética",999999
S5000-00541,Nuria,"Pérez Núñez",60000541G,s5000.00541@example.invalid,"+34 600000541",2026-01-09,activo,"Sede sintética",999999
S5000-00542,Raúl,"Martín Sáez",60000542M,s5000.00542@example.invalid,600-000-542,2026-02-10,activo,"Sede sintética",999999
S5000-00543,Sofía,"Gómez León",60000543Y,s5000.00543@example.invalid,"+34 600000543",2026-03-11,activo,"Sede sintética",999999
S5000-00544,Álvaro,"Muñoz García",60000544F,s5000.00544@example.invalid,600-000-544,2026-04-12,activo,"Sede sintética",999999
S5000-00545,Lucía,"Pérez Núñez",60000545P,s5000.00545@example.invalid,"+34 600000545",2026-05-13,activo,"Sede sintética",999999
S5000-00546,Iñigo,"Martín Sáez",60000546D,s5000.00546@example.invalid,600-000-546,2026-06-14,activo,"Sede sintética",999999
S5000-00547,"María José","Gómez León",60000547X,s5000.00547@example.invalid,"+34 600000547",2026-07-15,activo,"Sede sintética",999999
S5000-00548,Óscar,"Muñoz García",60000548B,s5000.00548@example.invalid,600-000-548,2026-08-16,activo,"Sede sintética",999999
S5000-00549,Nuria,"Pérez Núñez",60000549N,s5000.00549@example.invalid,"+34 600000549",2026-09-17,activo,"Sede sintética",999999
S5000-00550,Raúl,"Martín Sáez",60000550J,s5000.00550@example.invalid,600-000-550,2026-10-18,inactivo,"Sede sintética",999999
S5000-00551,Sofía,"Gómez León",60000551Z,s5000.00551@example.invalid,"+34 600000551",2026-11-19,activo,"Sede sintética",999999
S5000-00552,Álvaro,"Muñoz García",60000552S,s5000.00552@example.invalid,600-000-552,2026-12-20,activo,"Sede sintética",999999
S5000-00553,Lucía,"Pérez Núñez",60000553Q,s5000.00553@example.invalid,"+34 600000553",2026-01-21,activo,"Sede sintética",999999
S5000-00554,Iñigo,"Martín Sáez",60000554V,s5000.00554@example.invalid,600-000-554,2026-02-22,activo,"Sede sintética",999999
S5000-00555,"María José","Gómez León",60000555H,s5000.00555@example.invalid,"+34 600000555",2026-03-23,activo,"Sede sintética",999999
S5000-00556,Óscar,"Muñoz García",60000556L,s5000.00556@example.invalid,600-000-556,2026-04-24,activo,"Sede sintética",999999
S5000-00557,Nuria,"Pérez Núñez",60000557C,s5000.00557@example.invalid,"+34 600000557",2026-05-25,activo,"Sede sintética",999999
S5000-00558,Raúl,"Martín Sáez",60000558K,s5000.00558@example.invalid,600-000-558,2026-06-26,activo,"Sede sintética",999999
S5000-00559,Sofía,"Gómez León",60000559E,s5000.00559@example.invalid,"+34 600000559",2026-07-27,activo,"Sede sintética",999999
S5000-00560,Álvaro,"Muñoz García",60000560T,s5000.00560@example.invalid,600-000-560,2026-08-28,activo,"Sede sintética",999999
S5000-00561,Lucía,"Pérez Núñez",60000561R,s5000.00561@example.invalid,"+34 600000561",2026-09-01,inactivo,"Sede sintética",999999
S5000-00562,Iñigo,"Martín Sáez",60000562W,s5000.00562@example.invalid,600-000-562,2026-10-02,activo,"Sede sintética",999999
S5000-00563,"María José","Gómez León",60000563A,s5000.00563@example.invalid,"+34 600000563",2026-11-03,activo,"Sede sintética",999999
S5000-00564,Óscar,"Muñoz García",60000564G,s5000.00564@example.invalid,600-000-564,2026-12-04,activo,"Sede sintética",999999
S5000-00565,Nuria,"Pérez Núñez",60000565M,s5000.00565@example.invalid,"+34 600000565",2026-01-05,activo,"Sede sintética",999999
S5000-00566,Raúl,"Martín Sáez",60000566Y,s5000.00566@example.invalid,600-000-566,2026-02-06,activo,"Sede sintética",999999
S5000-00567,Sofía,"Gómez León",60000567F,s5000.00567@example.invalid,"+34 600000567",2026-03-07,activo,"Sede sintética",999999
S5000-00568,Álvaro,"Muñoz García",60000568P,s5000.00568@example.invalid,600-000-568,2026-04-08,activo,"Sede sintética",999999
S5000-00569,Lucía,"Pérez Núñez",60000569D,s5000.00569@example.invalid,"+34 600000569",2026-05-09,activo,"Sede sintética",999999
S5000-00570,Iñigo,"Martín Sáez",60000570X,s5000.00570@example.invalid,600-000-570,2026-06-10,activo,"Sede sintética",999999
S5000-00571,"María José","Gómez León",60000571B,s5000.00571@example.invalid,"+34 600000571",2026-07-11,activo,"Sede sintética",999999
S5000-00572,Óscar,"Muñoz García",60000572N,s5000.00572@example.invalid,600-000-572,2026-08-12,inactivo,"Sede sintética",999999
S5000-00573,Nuria,"Pérez Núñez",60000573J,s5000.00573@example.invalid,"+34 600000573",2026-09-13,activo,"Sede sintética",999999
S5000-00574,Raúl,"Martín Sáez",60000574Z,s5000.00574@example.invalid,600-000-574,2026-10-14,activo,"Sede sintética",999999
S5000-00575,Sofía,"Gómez León",60000575S,s5000.00575@example.invalid,"+34 600000575",2026-11-15,activo,"Sede sintética",999999
S5000-00576,Álvaro,"Muñoz García",60000576Q,s5000.00576@example.invalid,600-000-576,2026-12-16,activo,"Sede sintética",999999
S5000-00577,Lucía,"Pérez Núñez",60000577V,s5000.00577@example.invalid,"+34 600000577",2026-01-17,activo,"Sede sintética",999999
S5000-00578,Iñigo,"Martín Sáez",60000578H,s5000.00578@example.invalid,600-000-578,2026-02-18,activo,"Sede sintética",999999
S5000-00579,"María José","Gómez León",60000579L,s5000.00579@example.invalid,"+34 600000579",2026-03-19,activo,"Sede sintética",999999
S5000-00580,Óscar,"Muñoz García",60000580C,s5000.00580@example.invalid,600-000-580,2026-04-20,activo,"Sede sintética",999999
S5000-00581,Nuria,"Pérez Núñez",60000581K,s5000.00581@example.invalid,"+34 600000581",2026-05-21,activo,"Sede sintética",999999
S5000-00582,Raúl,"Martín Sáez",60000582E,s5000.00582@example.invalid,600-000-582,2026-06-22,activo,"Sede sintética",999999
S5000-00583,Sofía,"Gómez León",60000583T,s5000.00583@example.invalid,"+34 600000583",2026-07-23,inactivo,"Sede sintética",999999
S5000-00584,Álvaro,"Muñoz García",60000584R,s5000.00584@example.invalid,600-000-584,2026-08-24,activo,"Sede sintética",999999
S5000-00585,Lucía,"Pérez Núñez",60000585W,s5000.00585@example.invalid,"+34 600000585",2026-09-25,activo,"Sede sintética",999999
S5000-00586,Iñigo,"Martín Sáez",60000586A,s5000.00586@example.invalid,600-000-586,2026-10-26,activo,"Sede sintética",999999
S5000-00587,"María José","Gómez León",60000587G,s5000.00587@example.invalid,"+34 600000587",2026-11-27,activo,"Sede sintética",999999
S5000-00588,Óscar,"Muñoz García",60000588M,s5000.00588@example.invalid,600-000-588,2026-12-28,activo,"Sede sintética",999999
S5000-00589,Nuria,"Pérez Núñez",60000589Y,s5000.00589@example.invalid,"+34 600000589",2026-01-01,activo,"Sede sintética",999999
S5000-00590,Raúl,"Martín Sáez",60000590F,s5000.00590@example.invalid,600-000-590,2026-02-02,activo,"Sede sintética",999999
S5000-00591,Sofía,"Gómez León",60000591P,s5000.00591@example.invalid,"+34 600000591",2026-03-03,activo,"Sede sintética",999999
S5000-00592,Álvaro,"Muñoz García",60000592D,s5000.00592@example.invalid,600-000-592,2026-04-04,activo,"Sede sintética",999999
S5000-00593,Lucía,"Pérez Núñez",60000593X,s5000.00593@example.invalid,"+34 600000593",2026-05-05,activo,"Sede sintética",999999
S5000-00594,Iñigo,"Martín Sáez",60000594B,s5000.00594@example.invalid,600-000-594,2026-06-06,inactivo,"Sede sintética",999999
S5000-00595,"María José","Gómez León",60000595N,s5000.00595@example.invalid,"+34 600000595",2026-07-07,activo,"Sede sintética",999999
S5000-00596,Óscar,"Muñoz García",60000596J,s5000.00596@example.invalid,600-000-596,2026-08-08,activo,"Sede sintética",999999
S5000-00597,Nuria,"Pérez Núñez",60000597Z,s5000.00597@example.invalid,"+34 600000597",2026-09-09,activo,"Sede sintética",999999
S5000-00598,Raúl,"Martín Sáez",60000598S,s5000.00598@example.invalid,600-000-598,2026-10-10,activo,"Sede sintética",999999
S5000-00599,Sofía,"Gómez León",60000599Q,s5000.00599@example.invalid,"+34 600000599",2026-11-11,activo,"Sede sintética",999999
S5000-00600,Álvaro,"Muñoz García",60000600V,s5000.00600@example.invalid,600-000-600,2026-12-12,activo,"Sede sintética",999999
S5000-00601,Lucía,"Pérez Núñez",60000601H,s5000.00601@example.invalid,"+34 600000601",2026-01-13,activo,"Sede sintética",999999
S5000-00602,Iñigo,"Martín Sáez",60000602L,s5000.00602@example.invalid,600-000-602,2026-02-14,activo,"Sede sintética",999999
S5000-00603,"María José","Gómez León",60000603C,s5000.00603@example.invalid,"+34 600000603",2026-03-15,activo,"Sede sintética",999999
S5000-00604,Óscar,"Muñoz García",60000604K,s5000.00604@example.invalid,600-000-604,2026-04-16,activo,"Sede sintética",999999
S5000-00605,Nuria,"Pérez Núñez",60000605E,s5000.00605@example.invalid,"+34 600000605",2026-05-17,inactivo,"Sede sintética",999999
S5000-00606,Raúl,"Martín Sáez",60000606T,s5000.00606@example.invalid,600-000-606,2026-06-18,activo,"Sede sintética",999999
S5000-00607,Sofía,"Gómez León",60000607R,s5000.00607@example.invalid,"+34 600000607",2026-07-19,activo,"Sede sintética",999999
S5000-00608,Álvaro,"Muñoz García",60000608W,s5000.00608@example.invalid,600-000-608,2026-08-20,activo,"Sede sintética",999999
S5000-00609,Lucía,"Pérez Núñez",60000609A,s5000.00609@example.invalid,"+34 600000609",2026-09-21,activo,"Sede sintética",999999
S5000-00610,Iñigo,"Martín Sáez",60000610G,s5000.00610@example.invalid,600-000-610,2026-10-22,activo,"Sede sintética",999999
S5000-00611,"María José","Gómez León",60000611M,s5000.00611@example.invalid,"+34 600000611",2026-11-23,activo,"Sede sintética",999999
S5000-00612,Óscar,"Muñoz García",60000612Y,s5000.00612@example.invalid,600-000-612,2026-12-24,activo,"Sede sintética",999999
S5000-00613,Nuria,"Pérez Núñez",60000613F,s5000.00613@example.invalid,"+34 600000613",2026-01-25,activo,"Sede sintética",999999
S5000-00614,Raúl,"Martín Sáez",60000614P,s5000.00614@example.invalid,600-000-614,2026-02-26,activo,"Sede sintética",999999
S5000-00615,Sofía,"Gómez León",60000615D,s5000.00615@example.invalid,"+34 600000615",2026-03-27,activo,"Sede sintética",999999
S5000-00616,Álvaro,"Muñoz García",60000616X,s5000.00616@example.invalid,600-000-616,2026-04-28,inactivo,"Sede sintética",999999
S5000-00617,Lucía,"Pérez Núñez",60000617B,s5000.00617@example.invalid,"+34 600000617",2026-05-01,activo,"Sede sintética",999999
S5000-00618,Iñigo,"Martín Sáez",60000618N,s5000.00618@example.invalid,600-000-618,2026-06-02,activo,"Sede sintética",999999
S5000-00619,"María José","Gómez León",60000619J,s5000.00619@example.invalid,"+34 600000619",2026-07-03,activo,"Sede sintética",999999
S5000-00620,Óscar,"Muñoz García",60000620Z,s5000.00620@example.invalid,600-000-620,2026-08-04,activo,"Sede sintética",999999
S5000-00621,Nuria,"Pérez Núñez",60000621S,s5000.00621@example.invalid,"+34 600000621",2026-09-05,activo,"Sede sintética",999999
S5000-00622,Raúl,"Martín Sáez",60000622Q,s5000.00622@example.invalid,600-000-622,2026-10-06,activo,"Sede sintética",999999
S5000-00623,Sofía,"Gómez León",60000623V,s5000.00623@example.invalid,"+34 600000623",2026-11-07,activo,"Sede sintética",999999
S5000-00624,Álvaro,"Muñoz García",60000624H,s5000.00624@example.invalid,600-000-624,2026-12-08,activo,"Sede sintética",999999
S5000-00625,Lucía,"Pérez Núñez",60000625L,s5000.00625@example.invalid,"+34 600000625",2026-01-09,activo,"Sede sintética",999999
S5000-00626,Iñigo,"Martín Sáez",60000626C,s5000.00626@example.invalid,600-000-626,2026-02-10,activo,"Sede sintética",999999
S5000-00627,"María José","Gómez León",60000627K,s5000.00627@example.invalid,"+34 600000627",2026-03-11,inactivo,"Sede sintética",999999
S5000-00628,Óscar,"Muñoz García",60000628E,s5000.00628@example.invalid,600-000-628,2026-04-12,activo,"Sede sintética",999999
S5000-00629,Nuria,"Pérez Núñez",60000629T,s5000.00629@example.invalid,"+34 600000629",2026-05-13,activo,"Sede sintética",999999
S5000-00630,Raúl,"Martín Sáez",60000630R,s5000.00630@example.invalid,600-000-630,2026-06-14,activo,"Sede sintética",999999
S5000-00631,Sofía,"Gómez León",60000631W,s5000.00631@example.invalid,"+34 600000631",2026-07-15,activo,"Sede sintética",999999
S5000-00632,Álvaro,"Muñoz García",60000632A,s5000.00632@example.invalid,600-000-632,2026-08-16,activo,"Sede sintética",999999
S5000-00633,Lucía,"Pérez Núñez",60000633G,s5000.00633@example.invalid,"+34 600000633",2026-09-17,activo,"Sede sintética",999999
S5000-00634,Iñigo,"Martín Sáez",60000634M,s5000.00634@example.invalid,600-000-634,2026-10-18,activo,"Sede sintética",999999
S5000-00635,"María José","Gómez León",60000635Y,s5000.00635@example.invalid,"+34 600000635",2026-11-19,activo,"Sede sintética",999999
S5000-00636,Óscar,"Muñoz García",60000636F,s5000.00636@example.invalid,600-000-636,2026-12-20,activo,"Sede sintética",999999
S5000-00637,Nuria,"Pérez Núñez",60000637P,s5000.00637@example.invalid,"+34 600000637",2026-01-21,activo,"Sede sintética",999999
S5000-00638,Raúl,"Martín Sáez",60000638D,s5000.00638@example.invalid,600-000-638,2026-02-22,inactivo,"Sede sintética",999999
S5000-00639,Sofía,"Gómez León",60000639X,s5000.00639@example.invalid,"+34 600000639",2026-03-23,activo,"Sede sintética",999999
S5000-00640,Álvaro,"Muñoz García",60000640B,s5000.00640@example.invalid,600-000-640,2026-04-24,activo,"Sede sintética",999999
S5000-00641,Lucía,"Pérez Núñez",60000641N,s5000.00641@example.invalid,"+34 600000641",2026-05-25,activo,"Sede sintética",999999
S5000-00642,Iñigo,"Martín Sáez",60000642J,s5000.00642@example.invalid,600-000-642,2026-06-26,activo,"Sede sintética",999999
S5000-00643,"María José","Gómez León",60000643Z,s5000.00643@example.invalid,"+34 600000643",2026-07-27,activo,"Sede sintética",999999
S5000-00644,Óscar,"Muñoz García",60000644S,s5000.00644@example.invalid,600-000-644,2026-08-28,activo,"Sede sintética",999999
S5000-00645,Nuria,"Pérez Núñez",60000645Q,s5000.00645@example.invalid,"+34 600000645",2026-09-01,activo,"Sede sintética",999999
S5000-00646,Raúl,"Martín Sáez",60000646V,s5000.00646@example.invalid,600-000-646,2026-10-02,activo,"Sede sintética",999999
S5000-00647,Sofía,"Gómez León",60000647H,s5000.00647@example.invalid,"+34 600000647",2026-11-03,activo,"Sede sintética",999999
S5000-00648,Álvaro,"Muñoz García",60000648L,s5000.00648@example.invalid,600-000-648,2026-12-04,activo,"Sede sintética",999999
S5000-00649,Lucía,"Pérez Núñez",60000649C,s5000.00649@example.invalid,"+34 600000649",2026-01-05,inactivo,"Sede sintética",999999
S5000-00650,Iñigo,"Martín Sáez",60000650K,s5000.00650@example.invalid,600-000-650,2026-02-06,activo,"Sede sintética",999999
S5000-00651,"María José","Gómez León",60000651E,s5000.00651@example.invalid,"+34 600000651",2026-03-07,activo,"Sede sintética",999999
S5000-00652,Óscar,"Muñoz García",60000652T,s5000.00652@example.invalid,600-000-652,2026-04-08,activo,"Sede sintética",999999
S5000-00653,Nuria,"Pérez Núñez",60000653R,s5000.00653@example.invalid,"+34 600000653",2026-05-09,activo,"Sede sintética",999999
S5000-00654,Raúl,"Martín Sáez",60000654W,s5000.00654@example.invalid,600-000-654,2026-06-10,activo,"Sede sintética",999999
S5000-00655,Sofía,"Gómez León",60000655A,s5000.00655@example.invalid,"+34 600000655",2026-07-11,activo,"Sede sintética",999999
S5000-00656,Álvaro,"Muñoz García",60000656G,s5000.00656@example.invalid,600-000-656,2026-08-12,activo,"Sede sintética",999999
S5000-00657,Lucía,"Pérez Núñez",60000657M,s5000.00657@example.invalid,"+34 600000657",2026-09-13,activo,"Sede sintética",999999
S5000-00658,Iñigo,"Martín Sáez",60000658Y,s5000.00658@example.invalid,600-000-658,2026-10-14,activo,"Sede sintética",999999
S5000-00659,"María José","Gómez León",60000659F,s5000.00659@example.invalid,"+34 600000659",2026-11-15,activo,"Sede sintética",999999
S5000-00660,Óscar,"Muñoz García",60000660P,s5000.00660@example.invalid,600-000-660,2026-12-16,inactivo,"Sede sintética",999999
S5000-00661,Nuria,"Pérez Núñez",60000661D,s5000.00661@example.invalid,"+34 600000661",2026-01-17,activo,"Sede sintética",999999
S5000-00662,Raúl,"Martín Sáez",60000662X,s5000.00662@example.invalid,600-000-662,2026-02-18,activo,"Sede sintética",999999
S5000-00663,Sofía,"Gómez León",60000663B,s5000.00663@example.invalid,"+34 600000663",2026-03-19,activo,"Sede sintética",999999
S5000-00664,Álvaro,"Muñoz García",60000664N,s5000.00664@example.invalid,600-000-664,2026-04-20,activo,"Sede sintética",999999
S5000-00665,Lucía,"Pérez Núñez",60000665J,s5000.00665@example.invalid,"+34 600000665",2026-05-21,activo,"Sede sintética",999999
S5000-00666,Iñigo,"Martín Sáez",60000666Z,s5000.00666@example.invalid,600-000-666,2026-06-22,activo,"Sede sintética",999999
S5000-00667,"María José","Gómez León",60000667S,s5000.00667@example.invalid,"+34 600000667",2026-07-23,activo,"Sede sintética",999999
S5000-00668,Óscar,"Muñoz García",60000668Q,s5000.00668@example.invalid,600-000-668,2026-08-24,activo,"Sede sintética",999999
S5000-00669,Nuria,"Pérez Núñez",60000669V,s5000.00669@example.invalid,"+34 600000669",2026-09-25,activo,"Sede sintética",999999
S5000-00670,Raúl,"Martín Sáez",60000670H,s5000.00670@example.invalid,600-000-670,2026-10-26,activo,"Sede sintética",999999
S5000-00671,Sofía,"Gómez León",60000671L,s5000.00671@example.invalid,"+34 600000671",2026-11-27,inactivo,"Sede sintética",999999
S5000-00672,Álvaro,"Muñoz García",60000672C,s5000.00672@example.invalid,600-000-672,2026-12-28,activo,"Sede sintética",999999
S5000-00673,Lucía,"Pérez Núñez",60000673K,s5000.00673@example.invalid,"+34 600000673",2026-01-01,activo,"Sede sintética",999999
S5000-00674,Iñigo,"Martín Sáez",60000674E,s5000.00674@example.invalid,600-000-674,2026-02-02,activo,"Sede sintética",999999
S5000-00675,"María José","Gómez León",60000675T,s5000.00675@example.invalid,"+34 600000675",2026-03-03,activo,"Sede sintética",999999
S5000-00676,Óscar,"Muñoz García",60000676R,s5000.00676@example.invalid,600-000-676,2026-04-04,activo,"Sede sintética",999999
S5000-00677,Nuria,"Pérez Núñez",60000677W,s5000.00677@example.invalid,"+34 600000677",2026-05-05,activo,"Sede sintética",999999
S5000-00678,Raúl,"Martín Sáez",60000678A,s5000.00678@example.invalid,600-000-678,2026-06-06,activo,"Sede sintética",999999
S5000-00679,Sofía,"Gómez León",60000679G,s5000.00679@example.invalid,"+34 600000679",2026-07-07,activo,"Sede sintética",999999
S5000-00680,Álvaro,"Muñoz García",60000680M,s5000.00680@example.invalid,600-000-680,2026-08-08,activo,"Sede sintética",999999
S5000-00681,Lucía,"Pérez Núñez",60000681Y,s5000.00681@example.invalid,"+34 600000681",2026-09-09,activo,"Sede sintética",999999
S5000-00682,Iñigo,"Martín Sáez",60000682F,s5000.00682@example.invalid,600-000-682,2026-10-10,inactivo,"Sede sintética",999999
S5000-00683,"María José","Gómez León",60000683P,s5000.00683@example.invalid,"+34 600000683",2026-11-11,activo,"Sede sintética",999999
S5000-00684,Óscar,"Muñoz García",60000684D,s5000.00684@example.invalid,600-000-684,2026-12-12,activo,"Sede sintética",999999
S5000-00685,Nuria,"Pérez Núñez",60000685X,s5000.00685@example.invalid,"+34 600000685",2026-01-13,activo,"Sede sintética",999999
S5000-00686,Raúl,"Martín Sáez",60000686B,s5000.00686@example.invalid,600-000-686,2026-02-14,activo,"Sede sintética",999999
S5000-00687,Sofía,"Gómez León",60000687N,s5000.00687@example.invalid,"+34 600000687",2026-03-15,activo,"Sede sintética",999999
S5000-00688,Álvaro,"Muñoz García",60000688J,s5000.00688@example.invalid,600-000-688,2026-04-16,activo,"Sede sintética",999999
S5000-00689,Lucía,"Pérez Núñez",60000689Z,s5000.00689@example.invalid,"+34 600000689",2026-05-17,activo,"Sede sintética",999999
S5000-00690,Iñigo,"Martín Sáez",60000690S,s5000.00690@example.invalid,600-000-690,2026-06-18,activo,"Sede sintética",999999
S5000-00691,"María José","Gómez León",60000691Q,s5000.00691@example.invalid,"+34 600000691",2026-07-19,activo,"Sede sintética",999999
S5000-00692,Óscar,"Muñoz García",60000692V,s5000.00692@example.invalid,600-000-692,2026-08-20,activo,"Sede sintética",999999
S5000-00693,Nuria,"Pérez Núñez",60000693H,s5000.00693@example.invalid,"+34 600000693",2026-09-21,inactivo,"Sede sintética",999999
S5000-00694,Raúl,"Martín Sáez",60000694L,s5000.00694@example.invalid,600-000-694,2026-10-22,activo,"Sede sintética",999999
S5000-00695,Sofía,"Gómez León",60000695C,s5000.00695@example.invalid,"+34 600000695",2026-11-23,activo,"Sede sintética",999999
S5000-00696,Álvaro,"Muñoz García",60000696K,s5000.00696@example.invalid,600-000-696,2026-12-24,activo,"Sede sintética",999999
S5000-00697,Lucía,"Pérez Núñez",60000697E,s5000.00697@example.invalid,"+34 600000697",2026-01-25,activo,"Sede sintética",999999
S5000-00698,Iñigo,"Martín Sáez",60000698T,s5000.00698@example.invalid,600-000-698,2026-02-26,activo,"Sede sintética",999999
S5000-00699,"María José","Gómez León",60000699R,s5000.00699@example.invalid,"+34 600000699",2026-03-27,activo,"Sede sintética",999999
S5000-00700,Óscar,"Muñoz García",60000700W,s5000.00700@example.invalid,600-000-700,2026-04-28,activo,"Sede sintética",999999
S5000-00701,Nuria,"Pérez Núñez",60000701A,s5000.00701@example.invalid,"+34 600000701",2026-05-01,activo,"Sede sintética",999999
S5000-00702,Raúl,"Martín Sáez",60000702G,s5000.00702@example.invalid,600-000-702,2026-06-02,activo,"Sede sintética",999999
S5000-00703,Sofía,"Gómez León",60000703M,s5000.00703@example.invalid,"+34 600000703",2026-07-03,activo,"Sede sintética",999999
S5000-00704,Álvaro,"Muñoz García",60000704Y,s5000.00704@example.invalid,600-000-704,2026-08-04,inactivo,"Sede sintética",999999
S5000-00705,Lucía,"Pérez Núñez",60000705F,s5000.00705@example.invalid,"+34 600000705",2026-09-05,activo,"Sede sintética",999999
S5000-00706,Iñigo,"Martín Sáez",60000706P,s5000.00706@example.invalid,600-000-706,2026-10-06,activo,"Sede sintética",999999
S5000-00707,"María José","Gómez León",60000707D,s5000.00707@example.invalid,"+34 600000707",2026-11-07,activo,"Sede sintética",999999
S5000-00708,Óscar,"Muñoz García",60000708X,s5000.00708@example.invalid,600-000-708,2026-12-08,activo,"Sede sintética",999999
S5000-00709,Nuria,"Pérez Núñez",60000709B,s5000.00709@example.invalid,"+34 600000709",2026-01-09,activo,"Sede sintética",999999
S5000-00710,Raúl,"Martín Sáez",60000710N,s5000.00710@example.invalid,600-000-710,2026-02-10,activo,"Sede sintética",999999
S5000-00711,Sofía,"Gómez León",60000711J,s5000.00711@example.invalid,"+34 600000711",2026-03-11,activo,"Sede sintética",999999
S5000-00712,Álvaro,"Muñoz García",60000712Z,s5000.00712@example.invalid,600-000-712,2026-04-12,activo,"Sede sintética",999999
S5000-00713,Lucía,"Pérez Núñez",60000713S,s5000.00713@example.invalid,"+34 600000713",2026-05-13,activo,"Sede sintética",999999
S5000-00714,Iñigo,"Martín Sáez",60000714Q,s5000.00714@example.invalid,600-000-714,2026-06-14,activo,"Sede sintética",999999
S5000-00715,"María José","Gómez León",60000715V,s5000.00715@example.invalid,"+34 600000715",2026-07-15,inactivo,"Sede sintética",999999
S5000-00716,Óscar,"Muñoz García",60000716H,s5000.00716@example.invalid,600-000-716,2026-08-16,activo,"Sede sintética",999999
S5000-00717,Nuria,"Pérez Núñez",60000717L,s5000.00717@example.invalid,"+34 600000717",2026-09-17,activo,"Sede sintética",999999
S5000-00718,Raúl,"Martín Sáez",60000718C,s5000.00718@example.invalid,600-000-718,2026-10-18,activo,"Sede sintética",999999
S5000-00719,Sofía,"Gómez León",60000719K,s5000.00719@example.invalid,"+34 600000719",2026-11-19,activo,"Sede sintética",999999
S5000-00720,Álvaro,"Muñoz García",60000720E,s5000.00720@example.invalid,600-000-720,2026-12-20,activo,"Sede sintética",999999
S5000-00721,Lucía,"Pérez Núñez",60000721T,s5000.00721@example.invalid,"+34 600000721",2026-01-21,activo,"Sede sintética",999999
S5000-00722,Iñigo,"Martín Sáez",60000722R,s5000.00722@example.invalid,600-000-722,2026-02-22,activo,"Sede sintética",999999
S5000-00723,"María José","Gómez León",60000723W,s5000.00723@example.invalid,"+34 600000723",2026-03-23,activo,"Sede sintética",999999
S5000-00724,Óscar,"Muñoz García",60000724A,s5000.00724@example.invalid,600-000-724,2026-04-24,activo,"Sede sintética",999999
S5000-00725,Nuria,"Pérez Núñez",60000725G,s5000.00725@example.invalid,"+34 600000725",2026-05-25,activo,"Sede sintética",999999
S5000-00726,Raúl,"Martín Sáez",60000726M,s5000.00726@example.invalid,600-000-726,2026-06-26,inactivo,"Sede sintética",999999
S5000-00727,Sofía,"Gómez León",60000727Y,s5000.00727@example.invalid,"+34 600000727",2026-07-27,activo,"Sede sintética",999999
S5000-00728,Álvaro,"Muñoz García",60000728F,s5000.00728@example.invalid,600-000-728,2026-08-28,activo,"Sede sintética",999999
S5000-00729,Lucía,"Pérez Núñez",60000729P,s5000.00729@example.invalid,"+34 600000729",2026-09-01,activo,"Sede sintética",999999
S5000-00730,Iñigo,"Martín Sáez",60000730D,s5000.00730@example.invalid,600-000-730,2026-10-02,activo,"Sede sintética",999999
S5000-00731,"María José","Gómez León",60000731X,s5000.00731@example.invalid,"+34 600000731",2026-11-03,activo,"Sede sintética",999999
S5000-00732,Óscar,"Muñoz García",60000732B,s5000.00732@example.invalid,600-000-732,2026-12-04,activo,"Sede sintética",999999
S5000-00733,Nuria,"Pérez Núñez",60000733N,s5000.00733@example.invalid,"+34 600000733",2026-01-05,activo,"Sede sintética",999999
S5000-00734,Raúl,"Martín Sáez",60000734J,s5000.00734@example.invalid,600-000-734,2026-02-06,activo,"Sede sintética",999999
S5000-00735,Sofía,"Gómez León",60000735Z,s5000.00735@example.invalid,"+34 600000735",2026-03-07,activo,"Sede sintética",999999
S5000-00736,Álvaro,"Muñoz García",60000736S,s5000.00736@example.invalid,600-000-736,2026-04-08,activo,"Sede sintética",999999
S5000-00737,Lucía,"Pérez Núñez",60000737Q,s5000.00737@example.invalid,"+34 600000737",2026-05-09,inactivo,"Sede sintética",999999
S5000-00738,Iñigo,"Martín Sáez",60000738V,s5000.00738@example.invalid,600-000-738,2026-06-10,activo,"Sede sintética",999999
S5000-00739,"María José","Gómez León",60000739H,s5000.00739@example.invalid,"+34 600000739",2026-07-11,activo,"Sede sintética",999999
S5000-00740,Óscar,"Muñoz García",60000740L,s5000.00740@example.invalid,600-000-740,2026-08-12,activo,"Sede sintética",999999
S5000-00741,Nuria,"Pérez Núñez",60000741C,s5000.00741@example.invalid,"+34 600000741",2026-09-13,activo,"Sede sintética",999999
S5000-00742,Raúl,"Martín Sáez",60000742K,s5000.00742@example.invalid,600-000-742,2026-10-14,activo,"Sede sintética",999999
S5000-00743,Sofía,"Gómez León",60000743E,s5000.00743@example.invalid,"+34 600000743",2026-11-15,activo,"Sede sintética",999999
S5000-00744,Álvaro,"Muñoz García",60000744T,s5000.00744@example.invalid,600-000-744,2026-12-16,activo,"Sede sintética",999999
S5000-00745,Lucía,"Pérez Núñez",60000745R,s5000.00745@example.invalid,"+34 600000745",2026-01-17,activo,"Sede sintética",999999
S5000-00746,Iñigo,"Martín Sáez",60000746W,s5000.00746@example.invalid,600-000-746,2026-02-18,activo,"Sede sintética",999999
S5000-00747,"María José","Gómez León",60000747A,s5000.00747@example.invalid,"+34 600000747",2026-03-19,activo,"Sede sintética",999999
S5000-00748,Óscar,"Muñoz García",60000748G,s5000.00748@example.invalid,600-000-748,2026-04-20,inactivo,"Sede sintética",999999
S5000-00749,Nuria,"Pérez Núñez",60000749M,s5000.00749@example.invalid,"+34 600000749",2026-05-21,activo,"Sede sintética",999999
S5000-00750,Raúl,"Martín Sáez",60000750Y,s5000.00750@example.invalid,600-000-750,2026-06-22,activo,"Sede sintética",999999
S5000-00751,Sofía,"Gómez León",60000751F,s5000.00751@example.invalid,"+34 600000751",2026-07-23,activo,"Sede sintética",999999
S5000-00752,Álvaro,"Muñoz García",60000752P,s5000.00752@example.invalid,600-000-752,2026-08-24,activo,"Sede sintética",999999
S5000-00753,Lucía,"Pérez Núñez",60000753D,s5000.00753@example.invalid,"+34 600000753",2026-09-25,activo,"Sede sintética",999999
S5000-00754,Iñigo,"Martín Sáez",60000754X,s5000.00754@example.invalid,600-000-754,2026-10-26,activo,"Sede sintética",999999
S5000-00755,"María José","Gómez León",60000755B,s5000.00755@example.invalid,"+34 600000755",2026-11-27,activo,"Sede sintética",999999
S5000-00756,Óscar,"Muñoz García",60000756N,s5000.00756@example.invalid,600-000-756,2026-12-28,activo,"Sede sintética",999999
S5000-00757,Nuria,"Pérez Núñez",60000757J,s5000.00757@example.invalid,"+34 600000757",2026-01-01,activo,"Sede sintética",999999
S5000-00758,Raúl,"Martín Sáez",60000758Z,s5000.00758@example.invalid,600-000-758,2026-02-02,activo,"Sede sintética",999999
S5000-00759,Sofía,"Gómez León",60000759S,s5000.00759@example.invalid,"+34 600000759",2026-03-03,inactivo,"Sede sintética",999999
S5000-00760,Álvaro,"Muñoz García",60000760Q,s5000.00760@example.invalid,600-000-760,2026-04-04,activo,"Sede sintética",999999
S5000-00761,Lucía,"Pérez Núñez",60000761V,s5000.00761@example.invalid,"+34 600000761",2026-05-05,activo,"Sede sintética",999999
S5000-00762,Iñigo,"Martín Sáez",60000762H,s5000.00762@example.invalid,600-000-762,2026-06-06,activo,"Sede sintética",999999
S5000-00763,"María José","Gómez León",60000763L,s5000.00763@example.invalid,"+34 600000763",2026-07-07,activo,"Sede sintética",999999
S5000-00764,Óscar,"Muñoz García",60000764C,s5000.00764@example.invalid,600-000-764,2026-08-08,activo,"Sede sintética",999999
S5000-00765,Nuria,"Pérez Núñez",60000765K,s5000.00765@example.invalid,"+34 600000765",2026-09-09,activo,"Sede sintética",999999
S5000-00766,Raúl,"Martín Sáez",60000766E,s5000.00766@example.invalid,600-000-766,2026-10-10,activo,"Sede sintética",999999
S5000-00767,Sofía,"Gómez León",60000767T,s5000.00767@example.invalid,"+34 600000767",2026-11-11,activo,"Sede sintética",999999
S5000-00768,Álvaro,"Muñoz García",60000768R,s5000.00768@example.invalid,600-000-768,2026-12-12,activo,"Sede sintética",999999
S5000-00769,Lucía,"Pérez Núñez",60000769W,s5000.00769@example.invalid,"+34 600000769",2026-01-13,activo,"Sede sintética",999999
S5000-00770,Iñigo,"Martín Sáez",60000770A,s5000.00770@example.invalid,600-000-770,2026-02-14,inactivo,"Sede sintética",999999
S5000-00771,"María José","Gómez León",60000771G,s5000.00771@example.invalid,"+34 600000771",2026-03-15,activo,"Sede sintética",999999
S5000-00772,Óscar,"Muñoz García",60000772M,s5000.00772@example.invalid,600-000-772,2026-04-16,activo,"Sede sintética",999999
S5000-00773,Nuria,"Pérez Núñez",60000773Y,s5000.00773@example.invalid,"+34 600000773",2026-05-17,activo,"Sede sintética",999999
S5000-00774,Raúl,"Martín Sáez",60000774F,s5000.00774@example.invalid,600-000-774,2026-06-18,activo,"Sede sintética",999999
S5000-00775,Sofía,"Gómez León",60000775P,s5000.00775@example.invalid,"+34 600000775",2026-07-19,activo,"Sede sintética",999999
S5000-00776,Álvaro,"Muñoz García",60000776D,s5000.00776@example.invalid,600-000-776,2026-08-20,activo,"Sede sintética",999999
S5000-00777,Lucía,"Pérez Núñez",60000777X,s5000.00777@example.invalid,"+34 600000777",2026-09-21,activo,"Sede sintética",999999
S5000-00778,Iñigo,"Martín Sáez",60000778B,s5000.00778@example.invalid,600-000-778,2026-10-22,activo,"Sede sintética",999999
S5000-00779,"María José","Gómez León",60000779N,s5000.00779@example.invalid,"+34 600000779",2026-11-23,activo,"Sede sintética",999999
S5000-00780,Óscar,"Muñoz García",60000780J,s5000.00780@example.invalid,600-000-780,2026-12-24,activo,"Sede sintética",999999
S5000-00781,Nuria,"Pérez Núñez",60000781Z,s5000.00781@example.invalid,"+34 600000781",2026-01-25,inactivo,"Sede sintética",999999
S5000-00782,Raúl,"Martín Sáez",60000782S,s5000.00782@example.invalid,600-000-782,2026-02-26,activo,"Sede sintética",999999
S5000-00783,Sofía,"Gómez León",60000783Q,s5000.00783@example.invalid,"+34 600000783",2026-03-27,activo,"Sede sintética",999999
S5000-00784,Álvaro,"Muñoz García",60000784V,s5000.00784@example.invalid,600-000-784,2026-04-28,activo,"Sede sintética",999999
S5000-00785,Lucía,"Pérez Núñez",60000785H,s5000.00785@example.invalid,"+34 600000785",2026-05-01,activo,"Sede sintética",999999
S5000-00786,Iñigo,"Martín Sáez",60000786L,s5000.00786@example.invalid,600-000-786,2026-06-02,activo,"Sede sintética",999999
S5000-00787,"María José","Gómez León",60000787C,s5000.00787@example.invalid,"+34 600000787",2026-07-03,activo,"Sede sintética",999999
S5000-00788,Óscar,"Muñoz García",60000788K,s5000.00788@example.invalid,600-000-788,2026-08-04,activo,"Sede sintética",999999
S5000-00789,Nuria,"Pérez Núñez",60000789E,s5000.00789@example.invalid,"+34 600000789",2026-09-05,activo,"Sede sintética",999999
S5000-00790,Raúl,"Martín Sáez",60000790T,s5000.00790@example.invalid,600-000-790,2026-10-06,activo,"Sede sintética",999999
S5000-00791,Sofía,"Gómez León",60000791R,s5000.00791@example.invalid,"+34 600000791",2026-11-07,activo,"Sede sintética",999999
S5000-00792,Álvaro,"Muñoz García",60000792W,s5000.00792@example.invalid,600-000-792,2026-12-08,inactivo,"Sede sintética",999999
S5000-00793,Lucía,"Pérez Núñez",60000793A,s5000.00793@example.invalid,"+34 600000793",2026-01-09,activo,"Sede sintética",999999
S5000-00794,Iñigo,"Martín Sáez",60000794G,s5000.00794@example.invalid,600-000-794,2026-02-10,activo,"Sede sintética",999999
S5000-00795,"María José","Gómez León",60000795M,s5000.00795@example.invalid,"+34 600000795",2026-03-11,activo,"Sede sintética",999999
S5000-00796,Óscar,"Muñoz García",60000796Y,s5000.00796@example.invalid,600-000-796,2026-04-12,activo,"Sede sintética",999999
S5000-00797,Nuria,"Pérez Núñez",60000797F,s5000.00797@example.invalid,"+34 600000797",2026-05-13,activo,"Sede sintética",999999
S5000-00798,Raúl,"Martín Sáez",60000798P,s5000.00798@example.invalid,600-000-798,2026-06-14,activo,"Sede sintética",999999
S5000-00799,Sofía,"Gómez León",60000799D,s5000.00799@example.invalid,"+34 600000799",2026-07-15,activo,"Sede sintética",999999
S5000-00800,Álvaro,"Muñoz García",60000800X,s5000.00800@example.invalid,600-000-800,2026-08-16,activo,"Sede sintética",999999
S5000-00801,Lucía,"Pérez Núñez",60000801B,s5000.00801@example.invalid,"+34 600000801",2026-09-17,activo,"Sede sintética",999999
S5000-00802,Iñigo,"Martín Sáez",60000802N,s5000.00802@example.invalid,600-000-802,2026-10-18,activo,"Sede sintética",999999
S5000-00803,"María José","Gómez León",60000803J,s5000.00803@example.invalid,"+34 600000803",2026-11-19,inactivo,"Sede sintética",999999
S5000-00804,Óscar,"Muñoz García",60000804Z,s5000.00804@example.invalid,600-000-804,2026-12-20,activo,"Sede sintética",999999
S5000-00805,Nuria,"Pérez Núñez",60000805S,s5000.00805@example.invalid,"+34 600000805",2026-01-21,activo,"Sede sintética",999999
S5000-00806,Raúl,"Martín Sáez",60000806Q,s5000.00806@example.invalid,600-000-806,2026-02-22,activo,"Sede sintética",999999
S5000-00807,Sofía,"Gómez León",60000807V,s5000.00807@example.invalid,"+34 600000807",2026-03-23,activo,"Sede sintética",999999
S5000-00808,Álvaro,"Muñoz García",60000808H,s5000.00808@example.invalid,600-000-808,2026-04-24,activo,"Sede sintética",999999
S5000-00809,Lucía,"Pérez Núñez",60000809L,s5000.00809@example.invalid,"+34 600000809",2026-05-25,activo,"Sede sintética",999999
S5000-00810,Iñigo,"Martín Sáez",60000810C,s5000.00810@example.invalid,600-000-810,2026-06-26,activo,"Sede sintética",999999
S5000-00811,"María José","Gómez León",60000811K,s5000.00811@example.invalid,"+34 600000811",2026-07-27,activo,"Sede sintética",999999
S5000-00812,Óscar,"Muñoz García",60000812E,s5000.00812@example.invalid,600-000-812,2026-08-28,activo,"Sede sintética",999999
S5000-00813,Nuria,"Pérez Núñez",60000813T,s5000.00813@example.invalid,"+34 600000813",2026-09-01,activo,"Sede sintética",999999
S5000-00814,Raúl,"Martín Sáez",60000814R,s5000.00814@example.invalid,600-000-814,2026-10-02,inactivo,"Sede sintética",999999
S5000-00815,Sofía,"Gómez León",60000815W,s5000.00815@example.invalid,"+34 600000815",2026-11-03,activo,"Sede sintética",999999
S5000-00816,Álvaro,"Muñoz García",60000816A,s5000.00816@example.invalid,600-000-816,2026-12-04,activo,"Sede sintética",999999
S5000-00817,Lucía,"Pérez Núñez",60000817G,s5000.00817@example.invalid,"+34 600000817",2026-01-05,activo,"Sede sintética",999999
S5000-00818,Iñigo,"Martín Sáez",60000818M,s5000.00818@example.invalid,600-000-818,2026-02-06,activo,"Sede sintética",999999
S5000-00819,"María José","Gómez León",60000819Y,s5000.00819@example.invalid,"+34 600000819",2026-03-07,activo,"Sede sintética",999999
S5000-00820,Óscar,"Muñoz García",60000820F,s5000.00820@example.invalid,600-000-820,2026-04-08,activo,"Sede sintética",999999
S5000-00821,Nuria,"Pérez Núñez",60000821P,s5000.00821@example.invalid,"+34 600000821",2026-05-09,activo,"Sede sintética",999999
S5000-00822,Raúl,"Martín Sáez",60000822D,s5000.00822@example.invalid,600-000-822,2026-06-10,activo,"Sede sintética",999999
S5000-00823,Sofía,"Gómez León",60000823X,s5000.00823@example.invalid,"+34 600000823",2026-07-11,activo,"Sede sintética",999999
S5000-00824,Álvaro,"Muñoz García",60000824B,s5000.00824@example.invalid,600-000-824,2026-08-12,activo,"Sede sintética",999999
S5000-00825,Lucía,"Pérez Núñez",60000825N,s5000.00825@example.invalid,"+34 600000825",2026-09-13,inactivo,"Sede sintética",999999
S5000-00826,Iñigo,"Martín Sáez",60000826J,s5000.00826@example.invalid,600-000-826,2026-10-14,activo,"Sede sintética",999999
S5000-00827,"María José","Gómez León",60000827Z,s5000.00827@example.invalid,"+34 600000827",2026-11-15,activo,"Sede sintética",999999
S5000-00828,Óscar,"Muñoz García",60000828S,s5000.00828@example.invalid,600-000-828,2026-12-16,activo,"Sede sintética",999999
S5000-00829,Nuria,"Pérez Núñez",60000829Q,s5000.00829@example.invalid,"+34 600000829",2026-01-17,activo,"Sede sintética",999999
S5000-00830,Raúl,"Martín Sáez",60000830V,s5000.00830@example.invalid,600-000-830,2026-02-18,activo,"Sede sintética",999999
S5000-00831,Sofía,"Gómez León",60000831H,s5000.00831@example.invalid,"+34 600000831",2026-03-19,activo,"Sede sintética",999999
S5000-00832,Álvaro,"Muñoz García",60000832L,s5000.00832@example.invalid,600-000-832,2026-04-20,activo,"Sede sintética",999999
S5000-00833,Lucía,"Pérez Núñez",60000833C,s5000.00833@example.invalid,"+34 600000833",2026-05-21,activo,"Sede sintética",999999
S5000-00834,Iñigo,"Martín Sáez",60000834K,s5000.00834@example.invalid,600-000-834,2026-06-22,activo,"Sede sintética",999999
S5000-00835,"María José","Gómez León",60000835E,s5000.00835@example.invalid,"+34 600000835",2026-07-23,activo,"Sede sintética",999999
S5000-00836,Óscar,"Muñoz García",60000836T,s5000.00836@example.invalid,600-000-836,2026-08-24,inactivo,"Sede sintética",999999
S5000-00837,Nuria,"Pérez Núñez",60000837R,s5000.00837@example.invalid,"+34 600000837",2026-09-25,activo,"Sede sintética",999999
S5000-00838,Raúl,"Martín Sáez",60000838W,s5000.00838@example.invalid,600-000-838,2026-10-26,activo,"Sede sintética",999999
S5000-00839,Sofía,"Gómez León",60000839A,s5000.00839@example.invalid,"+34 600000839",2026-11-27,activo,"Sede sintética",999999
S5000-00840,Álvaro,"Muñoz García",60000840G,s5000.00840@example.invalid,600-000-840,2026-12-28,activo,"Sede sintética",999999
S5000-00841,Lucía,"Pérez Núñez",60000841M,s5000.00841@example.invalid,"+34 600000841",2026-01-01,activo,"Sede sintética",999999
S5000-00842,Iñigo,"Martín Sáez",60000842Y,s5000.00842@example.invalid,600-000-842,2026-02-02,activo,"Sede sintética",999999
S5000-00843,"María José","Gómez León",60000843F,s5000.00843@example.invalid,"+34 600000843",2026-03-03,activo,"Sede sintética",999999
S5000-00844,Óscar,"Muñoz García",60000844P,s5000.00844@example.invalid,600-000-844,2026-04-04,activo,"Sede sintética",999999
S5000-00845,Nuria,"Pérez Núñez",60000845D,s5000.00845@example.invalid,"+34 600000845",2026-05-05,activo,"Sede sintética",999999
S5000-00846,Raúl,"Martín Sáez",60000846X,s5000.00846@example.invalid,600-000-846,2026-06-06,activo,"Sede sintética",999999
S5000-00847,Sofía,"Gómez León",60000847B,s5000.00847@example.invalid,"+34 600000847",2026-07-07,inactivo,"Sede sintética",999999
S5000-00848,Álvaro,"Muñoz García",60000848N,s5000.00848@example.invalid,600-000-848,2026-08-08,activo,"Sede sintética",999999
S5000-00849,Lucía,"Pérez Núñez",60000849J,s5000.00849@example.invalid,"+34 600000849",2026-09-09,activo,"Sede sintética",999999
S5000-00850,Iñigo,"Martín Sáez",60000850Z,s5000.00850@example.invalid,600-000-850,2026-10-10,activo,"Sede sintética",999999
S5000-00851,"María José","Gómez León",60000851S,s5000.00851@example.invalid,"+34 600000851",2026-11-11,activo,"Sede sintética",999999
S5000-00852,Óscar,"Muñoz García",60000852Q,s5000.00852@example.invalid,600-000-852,2026-12-12,activo,"Sede sintética",999999
S5000-00853,Nuria,"Pérez Núñez",60000853V,s5000.00853@example.invalid,"+34 600000853",2026-01-13,activo,"Sede sintética",999999
S5000-00854,Raúl,"Martín Sáez",60000854H,s5000.00854@example.invalid,600-000-854,2026-02-14,activo,"Sede sintética",999999
S5000-00855,Sofía,"Gómez León",60000855L,s5000.00855@example.invalid,"+34 600000855",2026-03-15,activo,"Sede sintética",999999
S5000-00856,Álvaro,"Muñoz García",60000856C,s5000.00856@example.invalid,600-000-856,2026-04-16,activo,"Sede sintética",999999
S5000-00857,Lucía,"Pérez Núñez",60000857K,s5000.00857@example.invalid,"+34 600000857",2026-05-17,activo,"Sede sintética",999999
S5000-00858,Iñigo,"Martín Sáez",60000858E,s5000.00858@example.invalid,600-000-858,2026-06-18,inactivo,"Sede sintética",999999
S5000-00859,"María José","Gómez León",60000859T,s5000.00859@example.invalid,"+34 600000859",2026-07-19,activo,"Sede sintética",999999
S5000-00860,Óscar,"Muñoz García",60000860R,s5000.00860@example.invalid,600-000-860,2026-08-20,activo,"Sede sintética",999999
S5000-00861,Nuria,"Pérez Núñez",60000861W,s5000.00861@example.invalid,"+34 600000861",2026-09-21,activo,"Sede sintética",999999
S5000-00862,Raúl,"Martín Sáez",60000862A,s5000.00862@example.invalid,600-000-862,2026-10-22,activo,"Sede sintética",999999
S5000-00863,Sofía,"Gómez León",60000863G,s5000.00863@example.invalid,"+34 600000863",2026-11-23,activo,"Sede sintética",999999
S5000-00864,Álvaro,"Muñoz García",60000864M,s5000.00864@example.invalid,600-000-864,2026-12-24,activo,"Sede sintética",999999
S5000-00865,Lucía,"Pérez Núñez",60000865Y,s5000.00865@example.invalid,"+34 600000865",2026-01-25,activo,"Sede sintética",999999
S5000-00866,Iñigo,"Martín Sáez",60000866F,s5000.00866@example.invalid,600-000-866,2026-02-26,activo,"Sede sintética",999999
S5000-00867,"María José","Gómez León",60000867P,s5000.00867@example.invalid,"+34 600000867",2026-03-27,activo,"Sede sintética",999999
S5000-00868,Óscar,"Muñoz García",60000868D,s5000.00868@example.invalid,600-000-868,2026-04-28,activo,"Sede sintética",999999
S5000-00869,Nuria,"Pérez Núñez",60000869X,s5000.00869@example.invalid,"+34 600000869",2026-05-01,inactivo,"Sede sintética",999999
S5000-00870,Raúl,"Martín Sáez",60000870B,s5000.00870@example.invalid,600-000-870,2026-06-02,activo,"Sede sintética",999999
S5000-00871,Sofía,"Gómez León",60000871N,s5000.00871@example.invalid,"+34 600000871",2026-07-03,activo,"Sede sintética",999999
S5000-00872,Álvaro,"Muñoz García",60000872J,s5000.00872@example.invalid,600-000-872,2026-08-04,activo,"Sede sintética",999999
S5000-00873,Lucía,"Pérez Núñez",60000873Z,s5000.00873@example.invalid,"+34 600000873",2026-09-05,activo,"Sede sintética",999999
S5000-00874,Iñigo,"Martín Sáez",60000874S,s5000.00874@example.invalid,600-000-874,2026-10-06,activo,"Sede sintética",999999
S5000-00875,"María José","Gómez León",60000875Q,s5000.00875@example.invalid,"+34 600000875",2026-11-07,activo,"Sede sintética",999999
S5000-00876,Óscar,"Muñoz García",60000876V,s5000.00876@example.invalid,600-000-876,2026-12-08,activo,"Sede sintética",999999
S5000-00877,Nuria,"Pérez Núñez",60000877H,s5000.00877@example.invalid,"+34 600000877",2026-01-09,activo,"Sede sintética",999999
S5000-00878,Raúl,"Martín Sáez",60000878L,s5000.00878@example.invalid,600-000-878,2026-02-10,activo,"Sede sintética",999999
S5000-00879,Sofía,"Gómez León",60000879C,s5000.00879@example.invalid,"+34 600000879",2026-03-11,activo,"Sede sintética",999999
S5000-00880,Álvaro,"Muñoz García",60000880K,s5000.00880@example.invalid,600-000-880,2026-04-12,inactivo,"Sede sintética",999999
S5000-00881,Lucía,"Pérez Núñez",60000881E,s5000.00881@example.invalid,"+34 600000881",2026-05-13,activo,"Sede sintética",999999
S5000-00882,Iñigo,"Martín Sáez",60000882T,s5000.00882@example.invalid,600-000-882,2026-06-14,activo,"Sede sintética",999999
S5000-00883,"María José","Gómez León",60000883R,s5000.00883@example.invalid,"+34 600000883",2026-07-15,activo,"Sede sintética",999999
S5000-00884,Óscar,"Muñoz García",60000884W,s5000.00884@example.invalid,600-000-884,2026-08-16,activo,"Sede sintética",999999
S5000-00885,Nuria,"Pérez Núñez",60000885A,s5000.00885@example.invalid,"+34 600000885",2026-09-17,activo,"Sede sintética",999999
S5000-00886,Raúl,"Martín Sáez",60000886G,s5000.00886@example.invalid,600-000-886,2026-10-18,activo,"Sede sintética",999999
S5000-00887,Sofía,"Gómez León",60000887M,s5000.00887@example.invalid,"+34 600000887",2026-11-19,activo,"Sede sintética",999999
S5000-00888,Álvaro,"Muñoz García",60000888Y,s5000.00888@example.invalid,600-000-888,2026-12-20,activo,"Sede sintética",999999
S5000-00889,Lucía,"Pérez Núñez",60000889F,s5000.00889@example.invalid,"+34 600000889",2026-01-21,activo,"Sede sintética",999999
S5000-00890,Iñigo,"Martín Sáez",60000890P,s5000.00890@example.invalid,600-000-890,2026-02-22,activo,"Sede sintética",999999
S5000-00891,"María José","Gómez León",60000891D,s5000.00891@example.invalid,"+34 600000891",2026-03-23,inactivo,"Sede sintética",999999
S5000-00892,Óscar,"Muñoz García",60000892X,s5000.00892@example.invalid,600-000-892,2026-04-24,activo,"Sede sintética",999999
S5000-00893,Nuria,"Pérez Núñez",60000893B,s5000.00893@example.invalid,"+34 600000893",2026-05-25,activo,"Sede sintética",999999
S5000-00894,Raúl,"Martín Sáez",60000894N,s5000.00894@example.invalid,600-000-894,2026-06-26,activo,"Sede sintética",999999
S5000-00895,Sofía,"Gómez León",60000895J,s5000.00895@example.invalid,"+34 600000895",2026-07-27,activo,"Sede sintética",999999
S5000-00896,Álvaro,"Muñoz García",60000896Z,s5000.00896@example.invalid,600-000-896,2026-08-28,activo,"Sede sintética",999999
S5000-00897,Lucía,"Pérez Núñez",60000897S,s5000.00897@example.invalid,"+34 600000897",2026-09-01,activo,"Sede sintética",999999
S5000-00898,Iñigo,"Martín Sáez",60000898Q,s5000.00898@example.invalid,600-000-898,2026-10-02,activo,"Sede sintética",999999
S5000-00899,"María José","Gómez León",60000899V,s5000.00899@example.invalid,"+34 600000899",2026-11-03,activo,"Sede sintética",999999
S5000-00900,Óscar,"Muñoz García",60000900H,s5000.00900@example.invalid,600-000-900,2026-12-04,activo,"Sede sintética",999999
S5000-00901,Nuria,"Pérez Núñez",60000901L,s5000.00901@example.invalid,"+34 600000901",2026-01-05,activo,"Sede sintética",999999
S5000-00902,Raúl,"Martín Sáez",60000902C,s5000.00902@example.invalid,600-000-902,2026-02-06,inactivo,"Sede sintética",999999
S5000-00903,Sofía,"Gómez León",60000903K,s5000.00903@example.invalid,"+34 600000903",2026-03-07,activo,"Sede sintética",999999
S5000-00904,Álvaro,"Muñoz García",60000904E,s5000.00904@example.invalid,600-000-904,2026-04-08,activo,"Sede sintética",999999
S5000-00905,Lucía,"Pérez Núñez",60000905T,s5000.00905@example.invalid,"+34 600000905",2026-05-09,activo,"Sede sintética",999999
S5000-00906,Iñigo,"Martín Sáez",60000906R,s5000.00906@example.invalid,600-000-906,2026-06-10,activo,"Sede sintética",999999
S5000-00907,"María José","Gómez León",60000907W,s5000.00907@example.invalid,"+34 600000907",2026-07-11,activo,"Sede sintética",999999
S5000-00908,Óscar,"Muñoz García",60000908A,s5000.00908@example.invalid,600-000-908,2026-08-12,activo,"Sede sintética",999999
S5000-00909,Nuria,"Pérez Núñez",60000909G,s5000.00909@example.invalid,"+34 600000909",2026-09-13,activo,"Sede sintética",999999
S5000-00910,Raúl,"Martín Sáez",60000910M,s5000.00910@example.invalid,600-000-910,2026-10-14,activo,"Sede sintética",999999
S5000-00911,Sofía,"Gómez León",60000911Y,s5000.00911@example.invalid,"+34 600000911",2026-11-15,activo,"Sede sintética",999999
S5000-00912,Álvaro,"Muñoz García",60000912F,s5000.00912@example.invalid,600-000-912,2026-12-16,activo,"Sede sintética",999999
S5000-00913,Lucía,"Pérez Núñez",60000913P,s5000.00913@example.invalid,"+34 600000913",2026-01-17,inactivo,"Sede sintética",999999
S5000-00914,Iñigo,"Martín Sáez",60000914D,s5000.00914@example.invalid,600-000-914,2026-02-18,activo,"Sede sintética",999999
S5000-00915,"María José","Gómez León",60000915X,s5000.00915@example.invalid,"+34 600000915",2026-03-19,activo,"Sede sintética",999999
S5000-00916,Óscar,"Muñoz García",60000916B,s5000.00916@example.invalid,600-000-916,2026-04-20,activo,"Sede sintética",999999
S5000-00917,Nuria,"Pérez Núñez",60000917N,s5000.00917@example.invalid,"+34 600000917",2026-05-21,activo,"Sede sintética",999999
S5000-00918,Raúl,"Martín Sáez",60000918J,s5000.00918@example.invalid,600-000-918,2026-06-22,activo,"Sede sintética",999999
S5000-00919,Sofía,"Gómez León",60000919Z,s5000.00919@example.invalid,"+34 600000919",2026-07-23,activo,"Sede sintética",999999
S5000-00920,Álvaro,"Muñoz García",60000920S,s5000.00920@example.invalid,600-000-920,2026-08-24,activo,"Sede sintética",999999
S5000-00921,Lucía,"Pérez Núñez",60000921Q,s5000.00921@example.invalid,"+34 600000921",2026-09-25,activo,"Sede sintética",999999
S5000-00922,Iñigo,"Martín Sáez",60000922V,s5000.00922@example.invalid,600-000-922,2026-10-26,activo,"Sede sintética",999999
S5000-00923,"María José","Gómez León",60000923H,s5000.00923@example.invalid,"+34 600000923",2026-11-27,activo,"Sede sintética",999999
S5000-00924,Óscar,"Muñoz García",60000924L,s5000.00924@example.invalid,600-000-924,2026-12-28,inactivo,"Sede sintética",999999
S5000-00925,Nuria,"Pérez Núñez",60000925C,s5000.00925@example.invalid,"+34 600000925",2026-01-01,activo,"Sede sintética",999999
S5000-00926,Raúl,"Martín Sáez",60000926K,s5000.00926@example.invalid,600-000-926,2026-02-02,activo,"Sede sintética",999999
S5000-00927,Sofía,"Gómez León",60000927E,s5000.00927@example.invalid,"+34 600000927",2026-03-03,activo,"Sede sintética",999999
S5000-00928,Álvaro,"Muñoz García",60000928T,s5000.00928@example.invalid,600-000-928,2026-04-04,activo,"Sede sintética",999999
S5000-00929,Lucía,"Pérez Núñez",60000929R,s5000.00929@example.invalid,"+34 600000929",2026-05-05,activo,"Sede sintética",999999
S5000-00930,Iñigo,"Martín Sáez",60000930W,s5000.00930@example.invalid,600-000-930,2026-06-06,activo,"Sede sintética",999999
S5000-00931,"María José","Gómez León",60000931A,s5000.00931@example.invalid,"+34 600000931",2026-07-07,activo,"Sede sintética",999999
S5000-00932,Óscar,"Muñoz García",60000932G,s5000.00932@example.invalid,600-000-932,2026-08-08,activo,"Sede sintética",999999
S5000-00933,Nuria,"Pérez Núñez",60000933M,s5000.00933@example.invalid,"+34 600000933",2026-09-09,activo,"Sede sintética",999999
S5000-00934,Raúl,"Martín Sáez",60000934Y,s5000.00934@example.invalid,600-000-934,2026-10-10,activo,"Sede sintética",999999
S5000-00935,Sofía,"Gómez León",60000935F,s5000.00935@example.invalid,"+34 600000935",2026-11-11,inactivo,"Sede sintética",999999
S5000-00936,Álvaro,"Muñoz García",60000936P,s5000.00936@example.invalid,600-000-936,2026-12-12,activo,"Sede sintética",999999
S5000-00937,Lucía,"Pérez Núñez",60000937D,s5000.00937@example.invalid,"+34 600000937",2026-01-13,activo,"Sede sintética",999999
S5000-00938,Iñigo,"Martín Sáez",60000938X,s5000.00938@example.invalid,600-000-938,2026-02-14,activo,"Sede sintética",999999
S5000-00939,"María José","Gómez León",60000939B,s5000.00939@example.invalid,"+34 600000939",2026-03-15,activo,"Sede sintética",999999
S5000-00940,Óscar,"Muñoz García",60000940N,s5000.00940@example.invalid,600-000-940,2026-04-16,activo,"Sede sintética",999999
S5000-00941,Nuria,"Pérez Núñez",60000941J,s5000.00941@example.invalid,"+34 600000941",2026-05-17,activo,"Sede sintética",999999
S5000-00942,Raúl,"Martín Sáez",60000942Z,s5000.00942@example.invalid,600-000-942,2026-06-18,activo,"Sede sintética",999999
S5000-00943,Sofía,"Gómez León",60000943S,s5000.00943@example.invalid,"+34 600000943",2026-07-19,activo,"Sede sintética",999999
S5000-00944,Álvaro,"Muñoz García",60000944Q,s5000.00944@example.invalid,600-000-944,2026-08-20,activo,"Sede sintética",999999
S5000-00945,Lucía,"Pérez Núñez",60000945V,s5000.00945@example.invalid,"+34 600000945",2026-09-21,activo,"Sede sintética",999999
S5000-00946,Iñigo,"Martín Sáez",60000946H,s5000.00946@example.invalid,600-000-946,2026-10-22,inactivo,"Sede sintética",999999
S5000-00947,"María José","Gómez León",60000947L,s5000.00947@example.invalid,"+34 600000947",2026-11-23,activo,"Sede sintética",999999
S5000-00948,Óscar,"Muñoz García",60000948C,s5000.00948@example.invalid,600-000-948,2026-12-24,activo,"Sede sintética",999999
S5000-00949,Nuria,"Pérez Núñez",60000949K,s5000.00949@example.invalid,"+34 600000949",2026-01-25,activo,"Sede sintética",999999
S5000-00950,Raúl,"Martín Sáez",60000950E,s5000.00950@example.invalid,600-000-950,2026-02-26,activo,"Sede sintética",999999
S5000-00951,Sofía,"Gómez León",60000951T,s5000.00951@example.invalid,"+34 600000951",2026-03-27,activo,"Sede sintética",999999
S5000-00952,Álvaro,"Muñoz García",60000952R,s5000.00952@example.invalid,600-000-952,2026-04-28,activo,"Sede sintética",999999
S5000-00953,Lucía,"Pérez Núñez",60000953W,s5000.00953@example.invalid,"+34 600000953",2026-05-01,activo,"Sede sintética",999999
S5000-00954,Iñigo,"Martín Sáez",60000954A,s5000.00954@example.invalid,600-000-954,2026-06-02,activo,"Sede sintética",999999
S5000-00955,"María José","Gómez León",60000955G,s5000.00955@example.invalid,"+34 600000955",2026-07-03,activo,"Sede sintética",999999
S5000-00956,Óscar,"Muñoz García",60000956M,s5000.00956@example.invalid,600-000-956,2026-08-04,activo,"Sede sintética",999999
S5000-00957,Nuria,"Pérez Núñez",60000957Y,s5000.00957@example.invalid,"+34 600000957",2026-09-05,inactivo,"Sede sintética",999999
S5000-00958,Raúl,"Martín Sáez",60000958F,s5000.00958@example.invalid,600-000-958,2026-10-06,activo,"Sede sintética",999999
S5000-00959,Sofía,"Gómez León",60000959P,s5000.00959@example.invalid,"+34 600000959",2026-11-07,activo,"Sede sintética",999999
S5000-00960,Álvaro,"Muñoz García",60000960D,s5000.00960@example.invalid,600-000-960,2026-12-08,activo,"Sede sintética",999999
S5000-00961,Lucía,"Pérez Núñez",60000961X,s5000.00961@example.invalid,"+34 600000961",2026-01-09,activo,"Sede sintética",999999
S5000-00962,Iñigo,"Martín Sáez",60000962B,s5000.00962@example.invalid,600-000-962,2026-02-10,activo,"Sede sintética",999999
S5000-00963,"María José","Gómez León",60000963N,s5000.00963@example.invalid,"+34 600000963",2026-03-11,activo,"Sede sintética",999999
S5000-00964,Óscar,"Muñoz García",60000964J,s5000.00964@example.invalid,600-000-964,2026-04-12,activo,"Sede sintética",999999
S5000-00965,Nuria,"Pérez Núñez",60000965Z,s5000.00965@example.invalid,"+34 600000965",2026-05-13,activo,"Sede sintética",999999
S5000-00966,Raúl,"Martín Sáez",60000966S,s5000.00966@example.invalid,600-000-966,2026-06-14,activo,"Sede sintética",999999
S5000-00967,Sofía,"Gómez León",60000967Q,s5000.00967@example.invalid,"+34 600000967",2026-07-15,activo,"Sede sintética",999999
S5000-00968,Álvaro,"Muñoz García",60000968V,s5000.00968@example.invalid,600-000-968,2026-08-16,inactivo,"Sede sintética",999999
S5000-00969,Lucía,"Pérez Núñez",60000969H,s5000.00969@example.invalid,"+34 600000969",2026-09-17,activo,"Sede sintética",999999
S5000-00970,Iñigo,"Martín Sáez",60000970L,s5000.00970@example.invalid,600-000-970,2026-10-18,activo,"Sede sintética",999999
S5000-00971,"María José","Gómez León",60000971C,s5000.00971@example.invalid,"+34 600000971",2026-11-19,activo,"Sede sintética",999999
S5000-00972,Óscar,"Muñoz García",60000972K,s5000.00972@example.invalid,600-000-972,2026-12-20,activo,"Sede sintética",999999
S5000-00973,Nuria,"Pérez Núñez",60000973E,s5000.00973@example.invalid,"+34 600000973",2026-01-21,activo,"Sede sintética",999999
S5000-00974,Raúl,"Martín Sáez",60000974T,s5000.00974@example.invalid,600-000-974,2026-02-22,activo,"Sede sintética",999999
S5000-00975,Sofía,"Gómez León",60000975R,s5000.00975@example.invalid,"+34 600000975",2026-03-23,activo,"Sede sintética",999999
S5000-00976,Álvaro,"Muñoz García",60000976W,s5000.00976@example.invalid,600-000-976,2026-04-24,activo,"Sede sintética",999999
S5000-00977,Lucía,"Pérez Núñez",60000977A,s5000.00977@example.invalid,"+34 600000977",2026-05-25,activo,"Sede sintética",999999
S5000-00978,Iñigo,"Martín Sáez",60000978G,s5000.00978@example.invalid,600-000-978,2026-06-26,activo,"Sede sintética",999999
S5000-00979,"María José","Gómez León",60000979M,s5000.00979@example.invalid,"+34 600000979",2026-07-27,inactivo,"Sede sintética",999999
S5000-00980,Óscar,"Muñoz García",60000980Y,s5000.00980@example.invalid,600-000-980,2026-08-28,activo,"Sede sintética",999999
S5000-00981,Nuria,"Pérez Núñez",60000981F,s5000.00981@example.invalid,"+34 600000981",2026-09-01,activo,"Sede sintética",999999
S5000-00982,Raúl,"Martín Sáez",60000982P,s5000.00982@example.invalid,600-000-982,2026-10-02,activo,"Sede sintética",999999
S5000-00983,Sofía,"Gómez León",60000983D,s5000.00983@example.invalid,"+34 600000983",2026-11-03,activo,"Sede sintética",999999
S5000-00984,Álvaro,"Muñoz García",60000984X,s5000.00984@example.invalid,600-000-984,2026-12-04,activo,"Sede sintética",999999
S5000-00985,Lucía,"Pérez Núñez",60000985B,s5000.00985@example.invalid,"+34 600000985",2026-01-05,activo,"Sede sintética",999999
S5000-00986,Iñigo,"Martín Sáez",60000986N,s5000.00986@example.invalid,600-000-986,2026-02-06,activo,"Sede sintética",999999
S5000-00987,"María José","Gómez León",60000987J,s5000.00987@example.invalid,"+34 600000987",2026-03-07,activo,"Sede sintética",999999
S5000-00988,Óscar,"Muñoz García",60000988Z,s5000.00988@example.invalid,600-000-988,2026-04-08,activo,"Sede sintética",999999
S5000-00989,Nuria,"Pérez Núñez",60000989S,s5000.00989@example.invalid,"+34 600000989",2026-05-09,activo,"Sede sintética",999999
S5000-00990,Raúl,"Martín Sáez",60000990Q,s5000.00990@example.invalid,600-000-990,2026-06-10,inactivo,"Sede sintética",999999
S5000-00991,Sofía,"Gómez León",60000991V,s5000.00991@example.invalid,"+34 600000991",2026-07-11,activo,"Sede sintética",999999
S5000-00992,Álvaro,"Muñoz García",60000992H,s5000.00992@example.invalid,600-000-992,2026-08-12,activo,"Sede sintética",999999
S5000-00993,Lucía,"Pérez Núñez",60000993L,s5000.00993@example.invalid,"+34 600000993",2026-09-13,activo,"Sede sintética",999999
S5000-00994,Iñigo,"Martín Sáez",60000994C,s5000.00994@example.invalid,600-000-994,2026-10-14,activo,"Sede sintética",999999
S5000-00995,"María José","Gómez León",60000995K,s5000.00995@example.invalid,"+34 600000995",2026-11-15,activo,"Sede sintética",999999
S5000-00996,Óscar,"Muñoz García",60000996E,s5000.00996@example.invalid,600-000-996,2026-12-16,activo,"Sede sintética",999999
S5000-00997,Nuria,"Pérez Núñez",60000997T,s5000.00997@example.invalid,"+34 600000997",2026-01-17,activo,"Sede sintética",999999
S5000-00998,Raúl,"Martín Sáez",60000998R,s5000.00998@example.invalid,600-000-998,2026-02-18,activo,"Sede sintética",999999
S5000-00999,Sofía,"Gómez León",60000999W,s5000.00999@example.invalid,"+34 600000999",2026-03-19,activo,"Sede sintética",999999
S5000-01000,Álvaro,"Muñoz García",60001000A,s5000.01000@example.invalid,600-001-000,2026-04-20,activo,"Sede sintética",999999
S5000-01001,Lucía,"Pérez Núñez",60001001G,s5000.01001@example.invalid,"+34 600001001",2026-05-21,inactivo,"Sede sintética",999999
S5000-01002,Iñigo,"Martín Sáez",60001002M,s5000.01002@example.invalid,600-001-002,2026-06-22,activo,"Sede sintética",999999
S5000-01003,"María José","Gómez León",60001003Y,s5000.01003@example.invalid,"+34 600001003",2026-07-23,activo,"Sede sintética",999999
S5000-01004,Óscar,"Muñoz García",60001004F,s5000.01004@example.invalid,600-001-004,2026-08-24,activo,"Sede sintética",999999
S5000-01005,Nuria,"Pérez Núñez",60001005P,s5000.01005@example.invalid,"+34 600001005",2026-09-25,activo,"Sede sintética",999999
S5000-01006,Raúl,"Martín Sáez",60001006D,s5000.01006@example.invalid,600-001-006,2026-10-26,activo,"Sede sintética",999999
S5000-01007,Sofía,"Gómez León",60001007X,s5000.01007@example.invalid,"+34 600001007",2026-11-27,activo,"Sede sintética",999999
S5000-01008,Álvaro,"Muñoz García",60001008B,s5000.01008@example.invalid,600-001-008,2026-12-28,activo,"Sede sintética",999999
S5000-01009,Lucía,"Pérez Núñez",60001009N,s5000.01009@example.invalid,"+34 600001009",2026-01-01,activo,"Sede sintética",999999
S5000-01010,Iñigo,"Martín Sáez",60001010J,s5000.01010@example.invalid,600-001-010,2026-02-02,activo,"Sede sintética",999999
S5000-01011,"María José","Gómez León",60001011Z,s5000.01011@example.invalid,"+34 600001011",2026-03-03,activo,"Sede sintética",999999
S5000-01012,Óscar,"Muñoz García",60001012S,s5000.01012@example.invalid,600-001-012,2026-04-04,inactivo,"Sede sintética",999999
S5000-01013,Nuria,"Pérez Núñez",60001013Q,s5000.01013@example.invalid,"+34 600001013",2026-05-05,activo,"Sede sintética",999999
S5000-01014,Raúl,"Martín Sáez",60001014V,s5000.01014@example.invalid,600-001-014,2026-06-06,activo,"Sede sintética",999999
S5000-01015,Sofía,"Gómez León",60001015H,s5000.01015@example.invalid,"+34 600001015",2026-07-07,activo,"Sede sintética",999999
S5000-01016,Álvaro,"Muñoz García",60001016L,s5000.01016@example.invalid,600-001-016,2026-08-08,activo,"Sede sintética",999999
S5000-01017,Lucía,"Pérez Núñez",60001017C,s5000.01017@example.invalid,"+34 600001017",2026-09-09,activo,"Sede sintética",999999
S5000-01018,Iñigo,"Martín Sáez",60001018K,s5000.01018@example.invalid,600-001-018,2026-10-10,activo,"Sede sintética",999999
S5000-01019,"María José","Gómez León",60001019E,s5000.01019@example.invalid,"+34 600001019",2026-11-11,activo,"Sede sintética",999999
S5000-01020,Óscar,"Muñoz García",60001020T,s5000.01020@example.invalid,600-001-020,2026-12-12,activo,"Sede sintética",999999
S5000-01021,Nuria,"Pérez Núñez",60001021R,s5000.01021@example.invalid,"+34 600001021",2026-01-13,activo,"Sede sintética",999999
S5000-01022,Raúl,"Martín Sáez",60001022W,s5000.01022@example.invalid,600-001-022,2026-02-14,activo,"Sede sintética",999999
S5000-01023,Sofía,"Gómez León",60001023A,s5000.01023@example.invalid,"+34 600001023",2026-03-15,inactivo,"Sede sintética",999999
S5000-01024,Álvaro,"Muñoz García",60001024G,s5000.01024@example.invalid,600-001-024,2026-04-16,activo,"Sede sintética",999999
S5000-01025,Lucía,"Pérez Núñez",60001025M,s5000.01025@example.invalid,"+34 600001025",2026-05-17,activo,"Sede sintética",999999
S5000-01026,Iñigo,"Martín Sáez",60001026Y,s5000.01026@example.invalid,600-001-026,2026-06-18,activo,"Sede sintética",999999
S5000-01027,"María José","Gómez León",60001027F,s5000.01027@example.invalid,"+34 600001027",2026-07-19,activo,"Sede sintética",999999
S5000-01028,Óscar,"Muñoz García",60001028P,s5000.01028@example.invalid,600-001-028,2026-08-20,activo,"Sede sintética",999999
S5000-01029,Nuria,"Pérez Núñez",60001029D,s5000.01029@example.invalid,"+34 600001029",2026-09-21,activo,"Sede sintética",999999
S5000-01030,Raúl,"Martín Sáez",60001030X,s5000.01030@example.invalid,600-001-030,2026-10-22,activo,"Sede sintética",999999
S5000-01031,Sofía,"Gómez León",60001031B,s5000.01031@example.invalid,"+34 600001031",2026-11-23,activo,"Sede sintética",999999
S5000-01032,Álvaro,"Muñoz García",60001032N,s5000.01032@example.invalid,600-001-032,2026-12-24,activo,"Sede sintética",999999
S5000-01033,Lucía,"Pérez Núñez",60001033J,s5000.01033@example.invalid,"+34 600001033",2026-01-25,activo,"Sede sintética",999999
S5000-01034,Iñigo,"Martín Sáez",60001034Z,s5000.01034@example.invalid,600-001-034,2026-02-26,inactivo,"Sede sintética",999999
S5000-01035,"María José","Gómez León",60001035S,s5000.01035@example.invalid,"+34 600001035",2026-03-27,activo,"Sede sintética",999999
S5000-01036,Óscar,"Muñoz García",60001036Q,s5000.01036@example.invalid,600-001-036,2026-04-28,activo,"Sede sintética",999999
S5000-01037,Nuria,"Pérez Núñez",60001037V,s5000.01037@example.invalid,"+34 600001037",2026-05-01,activo,"Sede sintética",999999
S5000-01038,Raúl,"Martín Sáez",60001038H,s5000.01038@example.invalid,600-001-038,2026-06-02,activo,"Sede sintética",999999
S5000-01039,Sofía,"Gómez León",60001039L,s5000.01039@example.invalid,"+34 600001039",2026-07-03,activo,"Sede sintética",999999
S5000-01040,Álvaro,"Muñoz García",60001040C,s5000.01040@example.invalid,600-001-040,2026-08-04,activo,"Sede sintética",999999
S5000-01041,Lucía,"Pérez Núñez",60001041K,s5000.01041@example.invalid,"+34 600001041",2026-09-05,activo,"Sede sintética",999999
S5000-01042,Iñigo,"Martín Sáez",60001042E,s5000.01042@example.invalid,600-001-042,2026-10-06,activo,"Sede sintética",999999
S5000-01043,"María José","Gómez León",60001043T,s5000.01043@example.invalid,"+34 600001043",2026-11-07,activo,"Sede sintética",999999
S5000-01044,Óscar,"Muñoz García",60001044R,s5000.01044@example.invalid,600-001-044,2026-12-08,activo,"Sede sintética",999999
S5000-01045,Nuria,"Pérez Núñez",60001045W,s5000.01045@example.invalid,"+34 600001045",2026-01-09,inactivo,"Sede sintética",999999
S5000-01046,Raúl,"Martín Sáez",60001046A,s5000.01046@example.invalid,600-001-046,2026-02-10,activo,"Sede sintética",999999
S5000-01047,Sofía,"Gómez León",60001047G,s5000.01047@example.invalid,"+34 600001047",2026-03-11,activo,"Sede sintética",999999
S5000-01048,Álvaro,"Muñoz García",60001048M,s5000.01048@example.invalid,600-001-048,2026-04-12,activo,"Sede sintética",999999
S5000-01049,Lucía,"Pérez Núñez",60001049Y,s5000.01049@example.invalid,"+34 600001049",2026-05-13,activo,"Sede sintética",999999
S5000-01050,Iñigo,"Martín Sáez",60001050F,s5000.01050@example.invalid,600-001-050,2026-06-14,activo,"Sede sintética",999999
S5000-01051,"María José","Gómez León",60001051P,s5000.01051@example.invalid,"+34 600001051",2026-07-15,activo,"Sede sintética",999999
S5000-01052,Óscar,"Muñoz García",60001052D,s5000.01052@example.invalid,600-001-052,2026-08-16,activo,"Sede sintética",999999
S5000-01053,Nuria,"Pérez Núñez",60001053X,s5000.01053@example.invalid,"+34 600001053",2026-09-17,activo,"Sede sintética",999999
S5000-01054,Raúl,"Martín Sáez",60001054B,s5000.01054@example.invalid,600-001-054,2026-10-18,activo,"Sede sintética",999999
S5000-01055,Sofía,"Gómez León",60001055N,s5000.01055@example.invalid,"+34 600001055",2026-11-19,activo,"Sede sintética",999999
S5000-01056,Álvaro,"Muñoz García",60001056J,s5000.01056@example.invalid,600-001-056,2026-12-20,inactivo,"Sede sintética",999999
S5000-01057,Lucía,"Pérez Núñez",60001057Z,s5000.01057@example.invalid,"+34 600001057",2026-01-21,activo,"Sede sintética",999999
S5000-01058,Iñigo,"Martín Sáez",60001058S,s5000.01058@example.invalid,600-001-058,2026-02-22,activo,"Sede sintética",999999
S5000-01059,"María José","Gómez León",60001059Q,s5000.01059@example.invalid,"+34 600001059",2026-03-23,activo,"Sede sintética",999999
S5000-01060,Óscar,"Muñoz García",60001060V,s5000.01060@example.invalid,600-001-060,2026-04-24,activo,"Sede sintética",999999
S5000-01061,Nuria,"Pérez Núñez",60001061H,s5000.01061@example.invalid,"+34 600001061",2026-05-25,activo,"Sede sintética",999999
S5000-01062,Raúl,"Martín Sáez",60001062L,s5000.01062@example.invalid,600-001-062,2026-06-26,activo,"Sede sintética",999999
S5000-01063,Sofía,"Gómez León",60001063C,s5000.01063@example.invalid,"+34 600001063",2026-07-27,activo,"Sede sintética",999999
S5000-01064,Álvaro,"Muñoz García",60001064K,s5000.01064@example.invalid,600-001-064,2026-08-28,activo,"Sede sintética",999999
S5000-01065,Lucía,"Pérez Núñez",60001065E,s5000.01065@example.invalid,"+34 600001065",2026-09-01,activo,"Sede sintética",999999
S5000-01066,Iñigo,"Martín Sáez",60001066T,s5000.01066@example.invalid,600-001-066,2026-10-02,activo,"Sede sintética",999999
S5000-01067,"María José","Gómez León",60001067R,s5000.01067@example.invalid,"+34 600001067",2026-11-03,inactivo,"Sede sintética",999999
S5000-01068,Óscar,"Muñoz García",60001068W,s5000.01068@example.invalid,600-001-068,2026-12-04,activo,"Sede sintética",999999
S5000-01069,Nuria,"Pérez Núñez",60001069A,s5000.01069@example.invalid,"+34 600001069",2026-01-05,activo,"Sede sintética",999999
S5000-01070,Raúl,"Martín Sáez",60001070G,s5000.01070@example.invalid,600-001-070,2026-02-06,activo,"Sede sintética",999999
S5000-01071,Sofía,"Gómez León",60001071M,s5000.01071@example.invalid,"+34 600001071",2026-03-07,activo,"Sede sintética",999999
S5000-01072,Álvaro,"Muñoz García",60001072Y,s5000.01072@example.invalid,600-001-072,2026-04-08,activo,"Sede sintética",999999
S5000-01073,Lucía,"Pérez Núñez",60001073F,s5000.01073@example.invalid,"+34 600001073",2026-05-09,activo,"Sede sintética",999999
S5000-01074,Iñigo,"Martín Sáez",60001074P,s5000.01074@example.invalid,600-001-074,2026-06-10,activo,"Sede sintética",999999
S5000-01075,"María José","Gómez León",60001075D,s5000.01075@example.invalid,"+34 600001075",2026-07-11,activo,"Sede sintética",999999
S5000-01076,Óscar,"Muñoz García",60001076X,s5000.01076@example.invalid,600-001-076,2026-08-12,activo,"Sede sintética",999999
S5000-01077,Nuria,"Pérez Núñez",60001077B,s5000.01077@example.invalid,"+34 600001077",2026-09-13,activo,"Sede sintética",999999
S5000-01078,Raúl,"Martín Sáez",60001078N,s5000.01078@example.invalid,600-001-078,2026-10-14,inactivo,"Sede sintética",999999
S5000-01079,Sofía,"Gómez León",60001079J,s5000.01079@example.invalid,"+34 600001079",2026-11-15,activo,"Sede sintética",999999
S5000-01080,Álvaro,"Muñoz García",60001080Z,s5000.01080@example.invalid,600-001-080,2026-12-16,activo,"Sede sintética",999999
S5000-01081,Lucía,"Pérez Núñez",60001081S,s5000.01081@example.invalid,"+34 600001081",2026-01-17,activo,"Sede sintética",999999
S5000-01082,Iñigo,"Martín Sáez",60001082Q,s5000.01082@example.invalid,600-001-082,2026-02-18,activo,"Sede sintética",999999
S5000-01083,"María José","Gómez León",60001083V,s5000.01083@example.invalid,"+34 600001083",2026-03-19,activo,"Sede sintética",999999
S5000-01084,Óscar,"Muñoz García",60001084H,s5000.01084@example.invalid,600-001-084,2026-04-20,activo,"Sede sintética",999999
S5000-01085,Nuria,"Pérez Núñez",60001085L,s5000.01085@example.invalid,"+34 600001085",2026-05-21,activo,"Sede sintética",999999
S5000-01086,Raúl,"Martín Sáez",60001086C,s5000.01086@example.invalid,600-001-086,2026-06-22,activo,"Sede sintética",999999
S5000-01087,Sofía,"Gómez León",60001087K,s5000.01087@example.invalid,"+34 600001087",2026-07-23,activo,"Sede sintética",999999
S5000-01088,Álvaro,"Muñoz García",60001088E,s5000.01088@example.invalid,600-001-088,2026-08-24,activo,"Sede sintética",999999
S5000-01089,Lucía,"Pérez Núñez",60001089T,s5000.01089@example.invalid,"+34 600001089",2026-09-25,inactivo,"Sede sintética",999999
S5000-01090,Iñigo,"Martín Sáez",60001090R,s5000.01090@example.invalid,600-001-090,2026-10-26,activo,"Sede sintética",999999
S5000-01091,"María José","Gómez León",60001091W,s5000.01091@example.invalid,"+34 600001091",2026-11-27,activo,"Sede sintética",999999
S5000-01092,Óscar,"Muñoz García",60001092A,s5000.01092@example.invalid,600-001-092,2026-12-28,activo,"Sede sintética",999999
S5000-01093,Nuria,"Pérez Núñez",60001093G,s5000.01093@example.invalid,"+34 600001093",2026-01-01,activo,"Sede sintética",999999
S5000-01094,Raúl,"Martín Sáez",60001094M,s5000.01094@example.invalid,600-001-094,2026-02-02,activo,"Sede sintética",999999
S5000-01095,Sofía,"Gómez León",60001095Y,s5000.01095@example.invalid,"+34 600001095",2026-03-03,activo,"Sede sintética",999999
S5000-01096,Álvaro,"Muñoz García",60001096F,s5000.01096@example.invalid,600-001-096,2026-04-04,activo,"Sede sintética",999999
S5000-01097,Lucía,"Pérez Núñez",60001097P,s5000.01097@example.invalid,"+34 600001097",2026-05-05,activo,"Sede sintética",999999
S5000-01098,Iñigo,"Martín Sáez",60001098D,s5000.01098@example.invalid,600-001-098,2026-06-06,activo,"Sede sintética",999999
S5000-01099,"María José","Gómez León",60001099X,s5000.01099@example.invalid,"+34 600001099",2026-07-07,activo,"Sede sintética",999999
S5000-01100,Óscar,"Muñoz García",60001100B,s5000.01100@example.invalid,600-001-100,2026-08-08,inactivo,"Sede sintética",999999
S5000-01101,Nuria,"Pérez Núñez",60001101N,s5000.01101@example.invalid,"+34 600001101",2026-09-09,activo,"Sede sintética",999999
S5000-01102,Raúl,"Martín Sáez",60001102J,s5000.01102@example.invalid,600-001-102,2026-10-10,activo,"Sede sintética",999999
S5000-01103,Sofía,"Gómez León",60001103Z,s5000.01103@example.invalid,"+34 600001103",2026-11-11,activo,"Sede sintética",999999
S5000-01104,Álvaro,"Muñoz García",60001104S,s5000.01104@example.invalid,600-001-104,2026-12-12,activo,"Sede sintética",999999
S5000-01105,Lucía,"Pérez Núñez",60001105Q,s5000.01105@example.invalid,"+34 600001105",2026-01-13,activo,"Sede sintética",999999
S5000-01106,Iñigo,"Martín Sáez",60001106V,s5000.01106@example.invalid,600-001-106,2026-02-14,activo,"Sede sintética",999999
S5000-01107,"María José","Gómez León",60001107H,s5000.01107@example.invalid,"+34 600001107",2026-03-15,activo,"Sede sintética",999999
S5000-01108,Óscar,"Muñoz García",60001108L,s5000.01108@example.invalid,600-001-108,2026-04-16,activo,"Sede sintética",999999
S5000-01109,Nuria,"Pérez Núñez",60001109C,s5000.01109@example.invalid,"+34 600001109",2026-05-17,activo,"Sede sintética",999999
S5000-01110,Raúl,"Martín Sáez",60001110K,s5000.01110@example.invalid,600-001-110,2026-06-18,activo,"Sede sintética",999999
S5000-01111,Sofía,"Gómez León",60001111E,s5000.01111@example.invalid,"+34 600001111",2026-07-19,inactivo,"Sede sintética",999999
S5000-01112,Álvaro,"Muñoz García",60001112T,s5000.01112@example.invalid,600-001-112,2026-08-20,activo,"Sede sintética",999999
S5000-01113,Lucía,"Pérez Núñez",60001113R,s5000.01113@example.invalid,"+34 600001113",2026-09-21,activo,"Sede sintética",999999
S5000-01114,Iñigo,"Martín Sáez",60001114W,s5000.01114@example.invalid,600-001-114,2026-10-22,activo,"Sede sintética",999999
S5000-01115,"María José","Gómez León",60001115A,s5000.01115@example.invalid,"+34 600001115",2026-11-23,activo,"Sede sintética",999999
S5000-01116,Óscar,"Muñoz García",60001116G,s5000.01116@example.invalid,600-001-116,2026-12-24,activo,"Sede sintética",999999
S5000-01117,Nuria,"Pérez Núñez",60001117M,s5000.01117@example.invalid,"+34 600001117",2026-01-25,activo,"Sede sintética",999999
S5000-01118,Raúl,"Martín Sáez",60001118Y,s5000.01118@example.invalid,600-001-118,2026-02-26,activo,"Sede sintética",999999
S5000-01119,Sofía,"Gómez León",60001119F,s5000.01119@example.invalid,"+34 600001119",2026-03-27,activo,"Sede sintética",999999
S5000-01120,Álvaro,"Muñoz García",60001120P,s5000.01120@example.invalid,600-001-120,2026-04-28,activo,"Sede sintética",999999
S5000-01121,Lucía,"Pérez Núñez",60001121D,s5000.01121@example.invalid,"+34 600001121",2026-05-01,activo,"Sede sintética",999999
S5000-01122,Iñigo,"Martín Sáez",60001122X,s5000.01122@example.invalid,600-001-122,2026-06-02,inactivo,"Sede sintética",999999
S5000-01123,"María José","Gómez León",60001123B,s5000.01123@example.invalid,"+34 600001123",2026-07-03,activo,"Sede sintética",999999
S5000-01124,Óscar,"Muñoz García",60001124N,s5000.01124@example.invalid,600-001-124,2026-08-04,activo,"Sede sintética",999999
S5000-01125,Nuria,"Pérez Núñez",60001125J,s5000.01125@example.invalid,"+34 600001125",2026-09-05,activo,"Sede sintética",999999
S5000-01126,Raúl,"Martín Sáez",60001126Z,s5000.01126@example.invalid,600-001-126,2026-10-06,activo,"Sede sintética",999999
S5000-01127,Sofía,"Gómez León",60001127S,s5000.01127@example.invalid,"+34 600001127",2026-11-07,activo,"Sede sintética",999999
S5000-01128,Álvaro,"Muñoz García",60001128Q,s5000.01128@example.invalid,600-001-128,2026-12-08,activo,"Sede sintética",999999
S5000-01129,Lucía,"Pérez Núñez",60001129V,s5000.01129@example.invalid,"+34 600001129",2026-01-09,activo,"Sede sintética",999999
S5000-01130,Iñigo,"Martín Sáez",60001130H,s5000.01130@example.invalid,600-001-130,2026-02-10,activo,"Sede sintética",999999
S5000-01131,"María José","Gómez León",60001131L,s5000.01131@example.invalid,"+34 600001131",2026-03-11,activo,"Sede sintética",999999
S5000-01132,Óscar,"Muñoz García",60001132C,s5000.01132@example.invalid,600-001-132,2026-04-12,activo,"Sede sintética",999999
S5000-01133,Nuria,"Pérez Núñez",60001133K,s5000.01133@example.invalid,"+34 600001133",2026-05-13,inactivo,"Sede sintética",999999
S5000-01134,Raúl,"Martín Sáez",60001134E,s5000.01134@example.invalid,600-001-134,2026-06-14,activo,"Sede sintética",999999
S5000-01135,Sofía,"Gómez León",60001135T,s5000.01135@example.invalid,"+34 600001135",2026-07-15,activo,"Sede sintética",999999
S5000-01136,Álvaro,"Muñoz García",60001136R,s5000.01136@example.invalid,600-001-136,2026-08-16,activo,"Sede sintética",999999
S5000-01137,Lucía,"Pérez Núñez",60001137W,s5000.01137@example.invalid,"+34 600001137",2026-09-17,activo,"Sede sintética",999999
S5000-01138,Iñigo,"Martín Sáez",60001138A,s5000.01138@example.invalid,600-001-138,2026-10-18,activo,"Sede sintética",999999
S5000-01139,"María José","Gómez León",60001139G,s5000.01139@example.invalid,"+34 600001139",2026-11-19,activo,"Sede sintética",999999
S5000-01140,Óscar,"Muñoz García",60001140M,s5000.01140@example.invalid,600-001-140,2026-12-20,activo,"Sede sintética",999999
S5000-01141,Nuria,"Pérez Núñez",60001141Y,s5000.01141@example.invalid,"+34 600001141",2026-01-21,activo,"Sede sintética",999999
S5000-01142,Raúl,"Martín Sáez",60001142F,s5000.01142@example.invalid,600-001-142,2026-02-22,activo,"Sede sintética",999999
S5000-01143,Sofía,"Gómez León",60001143P,s5000.01143@example.invalid,"+34 600001143",2026-03-23,activo,"Sede sintética",999999
S5000-01144,Álvaro,"Muñoz García",60001144D,s5000.01144@example.invalid,600-001-144,2026-04-24,inactivo,"Sede sintética",999999
S5000-01145,Lucía,"Pérez Núñez",60001145X,s5000.01145@example.invalid,"+34 600001145",2026-05-25,activo,"Sede sintética",999999
S5000-01146,Iñigo,"Martín Sáez",60001146B,s5000.01146@example.invalid,600-001-146,2026-06-26,activo,"Sede sintética",999999
S5000-01147,"María José","Gómez León",60001147N,s5000.01147@example.invalid,"+34 600001147",2026-07-27,activo,"Sede sintética",999999
S5000-01148,Óscar,"Muñoz García",60001148J,s5000.01148@example.invalid,600-001-148,2026-08-28,activo,"Sede sintética",999999
S5000-01149,Nuria,"Pérez Núñez",60001149Z,s5000.01149@example.invalid,"+34 600001149",2026-09-01,activo,"Sede sintética",999999
S5000-01150,Raúl,"Martín Sáez",60001150S,s5000.01150@example.invalid,600-001-150,2026-10-02,activo,"Sede sintética",999999
S5000-01151,Sofía,"Gómez León",60001151Q,s5000.01151@example.invalid,"+34 600001151",2026-11-03,activo,"Sede sintética",999999
S5000-01152,Álvaro,"Muñoz García",60001152V,s5000.01152@example.invalid,600-001-152,2026-12-04,activo,"Sede sintética",999999
S5000-01153,Lucía,"Pérez Núñez",60001153H,s5000.01153@example.invalid,"+34 600001153",2026-01-05,activo,"Sede sintética",999999
S5000-01154,Iñigo,"Martín Sáez",60001154L,s5000.01154@example.invalid,600-001-154,2026-02-06,activo,"Sede sintética",999999
S5000-01155,"María José","Gómez León",60001155C,s5000.01155@example.invalid,"+34 600001155",2026-03-07,inactivo,"Sede sintética",999999
S5000-01156,Óscar,"Muñoz García",60001156K,s5000.01156@example.invalid,600-001-156,2026-04-08,activo,"Sede sintética",999999
S5000-01157,Nuria,"Pérez Núñez",60001157E,s5000.01157@example.invalid,"+34 600001157",2026-05-09,activo,"Sede sintética",999999
S5000-01158,Raúl,"Martín Sáez",60001158T,s5000.01158@example.invalid,600-001-158,2026-06-10,activo,"Sede sintética",999999
S5000-01159,Sofía,"Gómez León",60001159R,s5000.01159@example.invalid,"+34 600001159",2026-07-11,activo,"Sede sintética",999999
S5000-01160,Álvaro,"Muñoz García",60001160W,s5000.01160@example.invalid,600-001-160,2026-08-12,activo,"Sede sintética",999999
S5000-01161,Lucía,"Pérez Núñez",60001161A,s5000.01161@example.invalid,"+34 600001161",2026-09-13,activo,"Sede sintética",999999
S5000-01162,Iñigo,"Martín Sáez",60001162G,s5000.01162@example.invalid,600-001-162,2026-10-14,activo,"Sede sintética",999999
S5000-01163,"María José","Gómez León",60001163M,s5000.01163@example.invalid,"+34 600001163",2026-11-15,activo,"Sede sintética",999999
S5000-01164,Óscar,"Muñoz García",60001164Y,s5000.01164@example.invalid,600-001-164,2026-12-16,activo,"Sede sintética",999999
S5000-01165,Nuria,"Pérez Núñez",60001165F,s5000.01165@example.invalid,"+34 600001165",2026-01-17,activo,"Sede sintética",999999
S5000-01166,Raúl,"Martín Sáez",60001166P,s5000.01166@example.invalid,600-001-166,2026-02-18,inactivo,"Sede sintética",999999
S5000-01167,Sofía,"Gómez León",60001167D,s5000.01167@example.invalid,"+34 600001167",2026-03-19,activo,"Sede sintética",999999
S5000-01168,Álvaro,"Muñoz García",60001168X,s5000.01168@example.invalid,600-001-168,2026-04-20,activo,"Sede sintética",999999
S5000-01169,Lucía,"Pérez Núñez",60001169B,s5000.01169@example.invalid,"+34 600001169",2026-05-21,activo,"Sede sintética",999999
S5000-01170,Iñigo,"Martín Sáez",60001170N,s5000.01170@example.invalid,600-001-170,2026-06-22,activo,"Sede sintética",999999
S5000-01171,"María José","Gómez León",60001171J,s5000.01171@example.invalid,"+34 600001171",2026-07-23,activo,"Sede sintética",999999
S5000-01172,Óscar,"Muñoz García",60001172Z,s5000.01172@example.invalid,600-001-172,2026-08-24,activo,"Sede sintética",999999
S5000-01173,Nuria,"Pérez Núñez",60001173S,s5000.01173@example.invalid,"+34 600001173",2026-09-25,activo,"Sede sintética",999999
S5000-01174,Raúl,"Martín Sáez",60001174Q,s5000.01174@example.invalid,600-001-174,2026-10-26,activo,"Sede sintética",999999
S5000-01175,Sofía,"Gómez León",60001175V,s5000.01175@example.invalid,"+34 600001175",2026-11-27,activo,"Sede sintética",999999
S5000-01176,Álvaro,"Muñoz García",60001176H,s5000.01176@example.invalid,600-001-176,2026-12-28,activo,"Sede sintética",999999
S5000-01177,Lucía,"Pérez Núñez",60001177L,s5000.01177@example.invalid,"+34 600001177",2026-01-01,inactivo,"Sede sintética",999999
S5000-01178,Iñigo,"Martín Sáez",60001178C,s5000.01178@example.invalid,600-001-178,2026-02-02,activo,"Sede sintética",999999
S5000-01179,"María José","Gómez León",60001179K,s5000.01179@example.invalid,"+34 600001179",2026-03-03,activo,"Sede sintética",999999
S5000-01180,Óscar,"Muñoz García",60001180E,s5000.01180@example.invalid,600-001-180,2026-04-04,activo,"Sede sintética",999999
S5000-01181,Nuria,"Pérez Núñez",60001181T,s5000.01181@example.invalid,"+34 600001181",2026-05-05,activo,"Sede sintética",999999
S5000-01182,Raúl,"Martín Sáez",60001182R,s5000.01182@example.invalid,600-001-182,2026-06-06,activo,"Sede sintética",999999
S5000-01183,Sofía,"Gómez León",60001183W,s5000.01183@example.invalid,"+34 600001183",2026-07-07,activo,"Sede sintética",999999
S5000-01184,Álvaro,"Muñoz García",60001184A,s5000.01184@example.invalid,600-001-184,2026-08-08,activo,"Sede sintética",999999
S5000-01185,Lucía,"Pérez Núñez",60001185G,s5000.01185@example.invalid,"+34 600001185",2026-09-09,activo,"Sede sintética",999999
S5000-01186,Iñigo,"Martín Sáez",60001186M,s5000.01186@example.invalid,600-001-186,2026-10-10,activo,"Sede sintética",999999
S5000-01187,"María José","Gómez León",60001187Y,s5000.01187@example.invalid,"+34 600001187",2026-11-11,activo,"Sede sintética",999999
S5000-01188,Óscar,"Muñoz García",60001188F,s5000.01188@example.invalid,600-001-188,2026-12-12,inactivo,"Sede sintética",999999
S5000-01189,Nuria,"Pérez Núñez",60001189P,s5000.01189@example.invalid,"+34 600001189",2026-01-13,activo,"Sede sintética",999999
S5000-01190,Raúl,"Martín Sáez",60001190D,s5000.01190@example.invalid,600-001-190,2026-02-14,activo,"Sede sintética",999999
S5000-01191,Sofía,"Gómez León",60001191X,s5000.01191@example.invalid,"+34 600001191",2026-03-15,activo,"Sede sintética",999999
S5000-01192,Álvaro,"Muñoz García",60001192B,s5000.01192@example.invalid,600-001-192,2026-04-16,activo,"Sede sintética",999999
S5000-01193,Lucía,"Pérez Núñez",60001193N,s5000.01193@example.invalid,"+34 600001193",2026-05-17,activo,"Sede sintética",999999
S5000-01194,Iñigo,"Martín Sáez",60001194J,s5000.01194@example.invalid,600-001-194,2026-06-18,activo,"Sede sintética",999999
S5000-01195,"María José","Gómez León",60001195Z,s5000.01195@example.invalid,"+34 600001195",2026-07-19,activo,"Sede sintética",999999
S5000-01196,Óscar,"Muñoz García",60001196S,s5000.01196@example.invalid,600-001-196,2026-08-20,activo,"Sede sintética",999999
S5000-01197,Nuria,"Pérez Núñez",60001197Q,s5000.01197@example.invalid,"+34 600001197",2026-09-21,activo,"Sede sintética",999999
S5000-01198,Raúl,"Martín Sáez",60001198V,s5000.01198@example.invalid,600-001-198,2026-10-22,activo,"Sede sintética",999999
S5000-01199,Sofía,"Gómez León",60001199H,s5000.01199@example.invalid,"+34 600001199",2026-11-23,inactivo,"Sede sintética",999999
S5000-01200,Álvaro,"Muñoz García",60001200L,s5000.01200@example.invalid,600-001-200,2026-12-24,activo,"Sede sintética",999999
S5000-01201,Lucía,"Pérez Núñez",60001201C,s5000.01201@example.invalid,"+34 600001201",2026-01-25,activo,"Sede sintética",999999
S5000-01202,Iñigo,"Martín Sáez",60001202K,s5000.01202@example.invalid,600-001-202,2026-02-26,activo,"Sede sintética",999999
S5000-01203,"María José","Gómez León",60001203E,s5000.01203@example.invalid,"+34 600001203",2026-03-27,activo,"Sede sintética",999999
S5000-01204,Óscar,"Muñoz García",60001204T,s5000.01204@example.invalid,600-001-204,2026-04-28,activo,"Sede sintética",999999
S5000-01205,Nuria,"Pérez Núñez",60001205R,s5000.01205@example.invalid,"+34 600001205",2026-05-01,activo,"Sede sintética",999999
S5000-01206,Raúl,"Martín Sáez",60001206W,s5000.01206@example.invalid,600-001-206,2026-06-02,activo,"Sede sintética",999999
S5000-01207,Sofía,"Gómez León",60001207A,s5000.01207@example.invalid,"+34 600001207",2026-07-03,activo,"Sede sintética",999999
S5000-01208,Álvaro,"Muñoz García",60001208G,s5000.01208@example.invalid,600-001-208,2026-08-04,activo,"Sede sintética",999999
S5000-01209,Lucía,"Pérez Núñez",60001209M,s5000.01209@example.invalid,"+34 600001209",2026-09-05,activo,"Sede sintética",999999
S5000-01210,Iñigo,"Martín Sáez",60001210Y,s5000.01210@example.invalid,600-001-210,2026-10-06,inactivo,"Sede sintética",999999
S5000-01211,"María José","Gómez León",60001211F,s5000.01211@example.invalid,"+34 600001211",2026-11-07,activo,"Sede sintética",999999
S5000-01212,Óscar,"Muñoz García",60001212P,s5000.01212@example.invalid,600-001-212,2026-12-08,activo,"Sede sintética",999999
S5000-01213,Nuria,"Pérez Núñez",60001213D,s5000.01213@example.invalid,"+34 600001213",2026-01-09,activo,"Sede sintética",999999
S5000-01214,Raúl,"Martín Sáez",60001214X,s5000.01214@example.invalid,600-001-214,2026-02-10,activo,"Sede sintética",999999
S5000-01215,Sofía,"Gómez León",60001215B,s5000.01215@example.invalid,"+34 600001215",2026-03-11,activo,"Sede sintética",999999
S5000-01216,Álvaro,"Muñoz García",60001216N,s5000.01216@example.invalid,600-001-216,2026-04-12,activo,"Sede sintética",999999
S5000-01217,Lucía,"Pérez Núñez",60001217J,s5000.01217@example.invalid,"+34 600001217",2026-05-13,activo,"Sede sintética",999999
S5000-01218,Iñigo,"Martín Sáez",60001218Z,s5000.01218@example.invalid,600-001-218,2026-06-14,activo,"Sede sintética",999999
S5000-01219,"María José","Gómez León",60001219S,s5000.01219@example.invalid,"+34 600001219",2026-07-15,activo,"Sede sintética",999999
S5000-01220,Óscar,"Muñoz García",60001220Q,s5000.01220@example.invalid,600-001-220,2026-08-16,activo,"Sede sintética",999999
S5000-01221,Nuria,"Pérez Núñez",60001221V,s5000.01221@example.invalid,"+34 600001221",2026-09-17,inactivo,"Sede sintética",999999
S5000-01222,Raúl,"Martín Sáez",60001222H,s5000.01222@example.invalid,600-001-222,2026-10-18,activo,"Sede sintética",999999
S5000-01223,Sofía,"Gómez León",60001223L,s5000.01223@example.invalid,"+34 600001223",2026-11-19,activo,"Sede sintética",999999
S5000-01224,Álvaro,"Muñoz García",60001224C,s5000.01224@example.invalid,600-001-224,2026-12-20,activo,"Sede sintética",999999
S5000-01225,Lucía,"Pérez Núñez",60001225K,s5000.01225@example.invalid,"+34 600001225",2026-01-21,activo,"Sede sintética",999999
S5000-01226,Iñigo,"Martín Sáez",60001226E,s5000.01226@example.invalid,600-001-226,2026-02-22,activo,"Sede sintética",999999
S5000-01227,"María José","Gómez León",60001227T,s5000.01227@example.invalid,"+34 600001227",2026-03-23,activo,"Sede sintética",999999
S5000-01228,Óscar,"Muñoz García",60001228R,s5000.01228@example.invalid,600-001-228,2026-04-24,activo,"Sede sintética",999999
S5000-01229,Nuria,"Pérez Núñez",60001229W,s5000.01229@example.invalid,"+34 600001229",2026-05-25,activo,"Sede sintética",999999
S5000-01230,Raúl,"Martín Sáez",60001230A,s5000.01230@example.invalid,600-001-230,2026-06-26,activo,"Sede sintética",999999
S5000-01231,Sofía,"Gómez León",60001231G,s5000.01231@example.invalid,"+34 600001231",2026-07-27,activo,"Sede sintética",999999
S5000-01232,Álvaro,"Muñoz García",60001232M,s5000.01232@example.invalid,600-001-232,2026-08-28,inactivo,"Sede sintética",999999
S5000-01233,Lucía,"Pérez Núñez",60001233Y,s5000.01233@example.invalid,"+34 600001233",2026-09-01,activo,"Sede sintética",999999
S5000-01234,Iñigo,"Martín Sáez",60001234F,s5000.01234@example.invalid,600-001-234,2026-10-02,activo,"Sede sintética",999999
S5000-01235,"María José","Gómez León",60001235P,s5000.01235@example.invalid,"+34 600001235",2026-11-03,activo,"Sede sintética",999999
S5000-01236,Óscar,"Muñoz García",60001236D,s5000.01236@example.invalid,600-001-236,2026-12-04,activo,"Sede sintética",999999
S5000-01237,Nuria,"Pérez Núñez",60001237X,s5000.01237@example.invalid,"+34 600001237",2026-01-05,activo,"Sede sintética",999999
S5000-01238,Raúl,"Martín Sáez",60001238B,s5000.01238@example.invalid,600-001-238,2026-02-06,activo,"Sede sintética",999999
S5000-01239,Sofía,"Gómez León",60001239N,s5000.01239@example.invalid,"+34 600001239",2026-03-07,activo,"Sede sintética",999999
S5000-01240,Álvaro,"Muñoz García",60001240J,s5000.01240@example.invalid,600-001-240,2026-04-08,activo,"Sede sintética",999999
S5000-01241,Lucía,"Pérez Núñez",60001241Z,s5000.01241@example.invalid,"+34 600001241",2026-05-09,activo,"Sede sintética",999999
S5000-01242,Iñigo,"Martín Sáez",60001242S,s5000.01242@example.invalid,600-001-242,2026-06-10,activo,"Sede sintética",999999
S5000-01243,"María José","Gómez León",60001243Q,s5000.01243@example.invalid,"+34 600001243",2026-07-11,inactivo,"Sede sintética",999999
S5000-01244,Óscar,"Muñoz García",60001244V,s5000.01244@example.invalid,600-001-244,2026-08-12,activo,"Sede sintética",999999
S5000-01245,Nuria,"Pérez Núñez",60001245H,s5000.01245@example.invalid,"+34 600001245",2026-09-13,activo,"Sede sintética",999999
S5000-01246,Raúl,"Martín Sáez",60001246L,s5000.01246@example.invalid,600-001-246,2026-10-14,activo,"Sede sintética",999999
S5000-01247,Sofía,"Gómez León",60001247C,s5000.01247@example.invalid,"+34 600001247",2026-11-15,activo,"Sede sintética",999999
S5000-01248,Álvaro,"Muñoz García",60001248K,s5000.01248@example.invalid,600-001-248,2026-12-16,activo,"Sede sintética",999999
S5000-01249,Lucía,"Pérez Núñez",60001249E,s5000.01249@example.invalid,"+34 600001249",2026-01-17,activo,"Sede sintética",999999
S5000-01250,Iñigo,"Martín Sáez",60001250T,s5000.01250@example.invalid,600-001-250,2026-02-18,activo,"Sede sintética",999999
S5000-01251,"María José","Gómez León",60001251R,s5000.01251@example.invalid,"+34 600001251",2026-03-19,activo,"Sede sintética",999999
S5000-01252,Óscar,"Muñoz García",60001252W,s5000.01252@example.invalid,600-001-252,2026-04-20,activo,"Sede sintética",999999
S5000-01253,Nuria,"Pérez Núñez",60001253A,s5000.01253@example.invalid,"+34 600001253",2026-05-21,activo,"Sede sintética",999999
S5000-01254,Raúl,"Martín Sáez",60001254G,s5000.01254@example.invalid,600-001-254,2026-06-22,inactivo,"Sede sintética",999999
S5000-01255,Sofía,"Gómez León",60001255M,s5000.01255@example.invalid,"+34 600001255",2026-07-23,activo,"Sede sintética",999999
S5000-01256,Álvaro,"Muñoz García",60001256Y,s5000.01256@example.invalid,600-001-256,2026-08-24,activo,"Sede sintética",999999
S5000-01257,Lucía,"Pérez Núñez",60001257F,s5000.01257@example.invalid,"+34 600001257",2026-09-25,activo,"Sede sintética",999999
S5000-01258,Iñigo,"Martín Sáez",60001258P,s5000.01258@example.invalid,600-001-258,2026-10-26,activo,"Sede sintética",999999
S5000-01259,"María José","Gómez León",60001259D,s5000.01259@example.invalid,"+34 600001259",2026-11-27,activo,"Sede sintética",999999
S5000-01260,Óscar,"Muñoz García",60001260X,s5000.01260@example.invalid,600-001-260,2026-12-28,activo,"Sede sintética",999999
S5000-01261,Nuria,"Pérez Núñez",60001261B,s5000.01261@example.invalid,"+34 600001261",2026-01-01,activo,"Sede sintética",999999
S5000-01262,Raúl,"Martín Sáez",60001262N,s5000.01262@example.invalid,600-001-262,2026-02-02,activo,"Sede sintética",999999
S5000-01263,Sofía,"Gómez León",60001263J,s5000.01263@example.invalid,"+34 600001263",2026-03-03,activo,"Sede sintética",999999
S5000-01264,Álvaro,"Muñoz García",60001264Z,s5000.01264@example.invalid,600-001-264,2026-04-04,activo,"Sede sintética",999999
S5000-01265,Lucía,"Pérez Núñez",60001265S,s5000.01265@example.invalid,"+34 600001265",2026-05-05,inactivo,"Sede sintética",999999
S5000-01266,Iñigo,"Martín Sáez",60001266Q,s5000.01266@example.invalid,600-001-266,2026-06-06,activo,"Sede sintética",999999
S5000-01267,"María José","Gómez León",60001267V,s5000.01267@example.invalid,"+34 600001267",2026-07-07,activo,"Sede sintética",999999
S5000-01268,Óscar,"Muñoz García",60001268H,s5000.01268@example.invalid,600-001-268,2026-08-08,activo,"Sede sintética",999999
S5000-01269,Nuria,"Pérez Núñez",60001269L,s5000.01269@example.invalid,"+34 600001269",2026-09-09,activo,"Sede sintética",999999
S5000-01270,Raúl,"Martín Sáez",60001270C,s5000.01270@example.invalid,600-001-270,2026-10-10,activo,"Sede sintética",999999
S5000-01271,Sofía,"Gómez León",60001271K,s5000.01271@example.invalid,"+34 600001271",2026-11-11,activo,"Sede sintética",999999
S5000-01272,Álvaro,"Muñoz García",60001272E,s5000.01272@example.invalid,600-001-272,2026-12-12,activo,"Sede sintética",999999
S5000-01273,Lucía,"Pérez Núñez",60001273T,s5000.01273@example.invalid,"+34 600001273",2026-01-13,activo,"Sede sintética",999999
S5000-01274,Iñigo,"Martín Sáez",60001274R,s5000.01274@example.invalid,600-001-274,2026-02-14,activo,"Sede sintética",999999
S5000-01275,"María José","Gómez León",60001275W,s5000.01275@example.invalid,"+34 600001275",2026-03-15,activo,"Sede sintética",999999
S5000-01276,Óscar,"Muñoz García",60001276A,s5000.01276@example.invalid,600-001-276,2026-04-16,inactivo,"Sede sintética",999999
S5000-01277,Nuria,"Pérez Núñez",60001277G,s5000.01277@example.invalid,"+34 600001277",2026-05-17,activo,"Sede sintética",999999
S5000-01278,Raúl,"Martín Sáez",60001278M,s5000.01278@example.invalid,600-001-278,2026-06-18,activo,"Sede sintética",999999
S5000-01279,Sofía,"Gómez León",60001279Y,s5000.01279@example.invalid,"+34 600001279",2026-07-19,activo,"Sede sintética",999999
S5000-01280,Álvaro,"Muñoz García",60001280F,s5000.01280@example.invalid,600-001-280,2026-08-20,activo,"Sede sintética",999999
S5000-01281,Lucía,"Pérez Núñez",60001281P,s5000.01281@example.invalid,"+34 600001281",2026-09-21,activo,"Sede sintética",999999
S5000-01282,Iñigo,"Martín Sáez",60001282D,s5000.01282@example.invalid,600-001-282,2026-10-22,activo,"Sede sintética",999999
S5000-01283,"María José","Gómez León",60001283X,s5000.01283@example.invalid,"+34 600001283",2026-11-23,activo,"Sede sintética",999999
S5000-01284,Óscar,"Muñoz García",60001284B,s5000.01284@example.invalid,600-001-284,2026-12-24,activo,"Sede sintética",999999
S5000-01285,Nuria,"Pérez Núñez",60001285N,s5000.01285@example.invalid,"+34 600001285",2026-01-25,activo,"Sede sintética",999999
S5000-01286,Raúl,"Martín Sáez",60001286J,s5000.01286@example.invalid,600-001-286,2026-02-26,activo,"Sede sintética",999999
S5000-01287,Sofía,"Gómez León",60001287Z,s5000.01287@example.invalid,"+34 600001287",2026-03-27,inactivo,"Sede sintética",999999
S5000-01288,Álvaro,"Muñoz García",60001288S,s5000.01288@example.invalid,600-001-288,2026-04-28,activo,"Sede sintética",999999
S5000-01289,Lucía,"Pérez Núñez",60001289Q,s5000.01289@example.invalid,"+34 600001289",2026-05-01,activo,"Sede sintética",999999
S5000-01290,Iñigo,"Martín Sáez",60001290V,s5000.01290@example.invalid,600-001-290,2026-06-02,activo,"Sede sintética",999999
S5000-01291,"María José","Gómez León",60001291H,s5000.01291@example.invalid,"+34 600001291",2026-07-03,activo,"Sede sintética",999999
S5000-01292,Óscar,"Muñoz García",60001292L,s5000.01292@example.invalid,600-001-292,2026-08-04,activo,"Sede sintética",999999
S5000-01293,Nuria,"Pérez Núñez",60001293C,s5000.01293@example.invalid,"+34 600001293",2026-09-05,activo,"Sede sintética",999999
S5000-01294,Raúl,"Martín Sáez",60001294K,s5000.01294@example.invalid,600-001-294,2026-10-06,activo,"Sede sintética",999999
S5000-01295,Sofía,"Gómez León",60001295E,s5000.01295@example.invalid,"+34 600001295",2026-11-07,activo,"Sede sintética",999999
S5000-01296,Álvaro,"Muñoz García",60001296T,s5000.01296@example.invalid,600-001-296,2026-12-08,activo,"Sede sintética",999999
S5000-01297,Lucía,"Pérez Núñez",60001297R,s5000.01297@example.invalid,"+34 600001297",2026-01-09,activo,"Sede sintética",999999
S5000-01298,Iñigo,"Martín Sáez",60001298W,s5000.01298@example.invalid,600-001-298,2026-02-10,inactivo,"Sede sintética",999999
S5000-01299,"María José","Gómez León",60001299A,s5000.01299@example.invalid,"+34 600001299",2026-03-11,activo,"Sede sintética",999999
S5000-01300,Óscar,"Muñoz García",60001300G,s5000.01300@example.invalid,600-001-300,2026-04-12,activo,"Sede sintética",999999
S5000-01301,Nuria,"Pérez Núñez",60001301M,s5000.01301@example.invalid,"+34 600001301",2026-05-13,activo,"Sede sintética",999999
S5000-01302,Raúl,"Martín Sáez",60001302Y,s5000.01302@example.invalid,600-001-302,2026-06-14,activo,"Sede sintética",999999
S5000-01303,Sofía,"Gómez León",60001303F,s5000.01303@example.invalid,"+34 600001303",2026-07-15,activo,"Sede sintética",999999
S5000-01304,Álvaro,"Muñoz García",60001304P,s5000.01304@example.invalid,600-001-304,2026-08-16,activo,"Sede sintética",999999
S5000-01305,Lucía,"Pérez Núñez",60001305D,s5000.01305@example.invalid,"+34 600001305",2026-09-17,activo,"Sede sintética",999999
S5000-01306,Iñigo,"Martín Sáez",60001306X,s5000.01306@example.invalid,600-001-306,2026-10-18,activo,"Sede sintética",999999
S5000-01307,"María José","Gómez León",60001307B,s5000.01307@example.invalid,"+34 600001307",2026-11-19,activo,"Sede sintética",999999
S5000-01308,Óscar,"Muñoz García",60001308N,s5000.01308@example.invalid,600-001-308,2026-12-20,activo,"Sede sintética",999999
S5000-01309,Nuria,"Pérez Núñez",60001309J,s5000.01309@example.invalid,"+34 600001309",2026-01-21,inactivo,"Sede sintética",999999
S5000-01310,Raúl,"Martín Sáez",60001310Z,s5000.01310@example.invalid,600-001-310,2026-02-22,activo,"Sede sintética",999999
S5000-01311,Sofía,"Gómez León",60001311S,s5000.01311@example.invalid,"+34 600001311",2026-03-23,activo,"Sede sintética",999999
S5000-01312,Álvaro,"Muñoz García",60001312Q,s5000.01312@example.invalid,600-001-312,2026-04-24,activo,"Sede sintética",999999
S5000-01313,Lucía,"Pérez Núñez",60001313V,s5000.01313@example.invalid,"+34 600001313",2026-05-25,activo,"Sede sintética",999999
S5000-01314,Iñigo,"Martín Sáez",60001314H,s5000.01314@example.invalid,600-001-314,2026-06-26,activo,"Sede sintética",999999
S5000-01315,"María José","Gómez León",60001315L,s5000.01315@example.invalid,"+34 600001315",2026-07-27,activo,"Sede sintética",999999
S5000-01316,Óscar,"Muñoz García",60001316C,s5000.01316@example.invalid,600-001-316,2026-08-28,activo,"Sede sintética",999999
S5000-01317,Nuria,"Pérez Núñez",60001317K,s5000.01317@example.invalid,"+34 600001317",2026-09-01,activo,"Sede sintética",999999
S5000-01318,Raúl,"Martín Sáez",60001318E,s5000.01318@example.invalid,600-001-318,2026-10-02,activo,"Sede sintética",999999
S5000-01319,Sofía,"Gómez León",60001319T,s5000.01319@example.invalid,"+34 600001319",2026-11-03,activo,"Sede sintética",999999
S5000-01320,Álvaro,"Muñoz García",60001320R,s5000.01320@example.invalid,600-001-320,2026-12-04,inactivo,"Sede sintética",999999
S5000-01321,Lucía,"Pérez Núñez",60001321W,s5000.01321@example.invalid,"+34 600001321",2026-01-05,activo,"Sede sintética",999999
S5000-01322,Iñigo,"Martín Sáez",60001322A,s5000.01322@example.invalid,600-001-322,2026-02-06,activo,"Sede sintética",999999
S5000-01323,"María José","Gómez León",60001323G,s5000.01323@example.invalid,"+34 600001323",2026-03-07,activo,"Sede sintética",999999
S5000-01324,Óscar,"Muñoz García",60001324M,s5000.01324@example.invalid,600-001-324,2026-04-08,activo,"Sede sintética",999999
S5000-01325,Nuria,"Pérez Núñez",60001325Y,s5000.01325@example.invalid,"+34 600001325",2026-05-09,activo,"Sede sintética",999999
S5000-01326,Raúl,"Martín Sáez",60001326F,s5000.01326@example.invalid,600-001-326,2026-06-10,activo,"Sede sintética",999999
S5000-01327,Sofía,"Gómez León",60001327P,s5000.01327@example.invalid,"+34 600001327",2026-07-11,activo,"Sede sintética",999999
S5000-01328,Álvaro,"Muñoz García",60001328D,s5000.01328@example.invalid,600-001-328,2026-08-12,activo,"Sede sintética",999999
S5000-01329,Lucía,"Pérez Núñez",60001329X,s5000.01329@example.invalid,"+34 600001329",2026-09-13,activo,"Sede sintética",999999
S5000-01330,Iñigo,"Martín Sáez",60001330B,s5000.01330@example.invalid,600-001-330,2026-10-14,activo,"Sede sintética",999999
S5000-01331,"María José","Gómez León",60001331N,s5000.01331@example.invalid,"+34 600001331",2026-11-15,inactivo,"Sede sintética",999999
S5000-01332,Óscar,"Muñoz García",60001332J,s5000.01332@example.invalid,600-001-332,2026-12-16,activo,"Sede sintética",999999
S5000-01333,Nuria,"Pérez Núñez",60001333Z,s5000.01333@example.invalid,"+34 600001333",2026-01-17,activo,"Sede sintética",999999
S5000-01334,Raúl,"Martín Sáez",60001334S,s5000.01334@example.invalid,600-001-334,2026-02-18,activo,"Sede sintética",999999
S5000-01335,Sofía,"Gómez León",60001335Q,s5000.01335@example.invalid,"+34 600001335",2026-03-19,activo,"Sede sintética",999999
S5000-01336,Álvaro,"Muñoz García",60001336V,s5000.01336@example.invalid,600-001-336,2026-04-20,activo,"Sede sintética",999999
S5000-01337,Lucía,"Pérez Núñez",60001337H,s5000.01337@example.invalid,"+34 600001337",2026-05-21,activo,"Sede sintética",999999
S5000-01338,Iñigo,"Martín Sáez",60001338L,s5000.01338@example.invalid,600-001-338,2026-06-22,activo,"Sede sintética",999999
S5000-01339,"María José","Gómez León",60001339C,s5000.01339@example.invalid,"+34 600001339",2026-07-23,activo,"Sede sintética",999999
S5000-01340,Óscar,"Muñoz García",60001340K,s5000.01340@example.invalid,600-001-340,2026-08-24,activo,"Sede sintética",999999
S5000-01341,Nuria,"Pérez Núñez",60001341E,s5000.01341@example.invalid,"+34 600001341",2026-09-25,activo,"Sede sintética",999999
S5000-01342,Raúl,"Martín Sáez",60001342T,s5000.01342@example.invalid,600-001-342,2026-10-26,inactivo,"Sede sintética",999999
S5000-01343,Sofía,"Gómez León",60001343R,s5000.01343@example.invalid,"+34 600001343",2026-11-27,activo,"Sede sintética",999999
S5000-01344,Álvaro,"Muñoz García",60001344W,s5000.01344@example.invalid,600-001-344,2026-12-28,activo,"Sede sintética",999999
S5000-01345,Lucía,"Pérez Núñez",60001345A,s5000.01345@example.invalid,"+34 600001345",2026-01-01,activo,"Sede sintética",999999
S5000-01346,Iñigo,"Martín Sáez",60001346G,s5000.01346@example.invalid,600-001-346,2026-02-02,activo,"Sede sintética",999999
S5000-01347,"María José","Gómez León",60001347M,s5000.01347@example.invalid,"+34 600001347",2026-03-03,activo,"Sede sintética",999999
S5000-01348,Óscar,"Muñoz García",60001348Y,s5000.01348@example.invalid,600-001-348,2026-04-04,activo,"Sede sintética",999999
S5000-01349,Nuria,"Pérez Núñez",60001349F,s5000.01349@example.invalid,"+34 600001349",2026-05-05,activo,"Sede sintética",999999
S5000-01350,Raúl,"Martín Sáez",60001350P,s5000.01350@example.invalid,600-001-350,2026-06-06,activo,"Sede sintética",999999
S5000-01351,Sofía,"Gómez León",60001351D,s5000.01351@example.invalid,"+34 600001351",2026-07-07,activo,"Sede sintética",999999
S5000-01352,Álvaro,"Muñoz García",60001352X,s5000.01352@example.invalid,600-001-352,2026-08-08,activo,"Sede sintética",999999
S5000-01353,Lucía,"Pérez Núñez",60001353B,s5000.01353@example.invalid,"+34 600001353",2026-09-09,inactivo,"Sede sintética",999999
S5000-01354,Iñigo,"Martín Sáez",60001354N,s5000.01354@example.invalid,600-001-354,2026-10-10,activo,"Sede sintética",999999
S5000-01355,"María José","Gómez León",60001355J,s5000.01355@example.invalid,"+34 600001355",2026-11-11,activo,"Sede sintética",999999
S5000-01356,Óscar,"Muñoz García",60001356Z,s5000.01356@example.invalid,600-001-356,2026-12-12,activo,"Sede sintética",999999
S5000-01357,Nuria,"Pérez Núñez",60001357S,s5000.01357@example.invalid,"+34 600001357",2026-01-13,activo,"Sede sintética",999999
S5000-01358,Raúl,"Martín Sáez",60001358Q,s5000.01358@example.invalid,600-001-358,2026-02-14,activo,"Sede sintética",999999
S5000-01359,Sofía,"Gómez León",60001359V,s5000.01359@example.invalid,"+34 600001359",2026-03-15,activo,"Sede sintética",999999
S5000-01360,Álvaro,"Muñoz García",60001360H,s5000.01360@example.invalid,600-001-360,2026-04-16,activo,"Sede sintética",999999
S5000-01361,Lucía,"Pérez Núñez",60001361L,s5000.01361@example.invalid,"+34 600001361",2026-05-17,activo,"Sede sintética",999999
S5000-01362,Iñigo,"Martín Sáez",60001362C,s5000.01362@example.invalid,600-001-362,2026-06-18,activo,"Sede sintética",999999
S5000-01363,"María José","Gómez León",60001363K,s5000.01363@example.invalid,"+34 600001363",2026-07-19,activo,"Sede sintética",999999
S5000-01364,Óscar,"Muñoz García",60001364E,s5000.01364@example.invalid,600-001-364,2026-08-20,inactivo,"Sede sintética",999999
S5000-01365,Nuria,"Pérez Núñez",60001365T,s5000.01365@example.invalid,"+34 600001365",2026-09-21,activo,"Sede sintética",999999
S5000-01366,Raúl,"Martín Sáez",60001366R,s5000.01366@example.invalid,600-001-366,2026-10-22,activo,"Sede sintética",999999
S5000-01367,Sofía,"Gómez León",60001367W,s5000.01367@example.invalid,"+34 600001367",2026-11-23,activo,"Sede sintética",999999
S5000-01368,Álvaro,"Muñoz García",60001368A,s5000.01368@example.invalid,600-001-368,2026-12-24,activo,"Sede sintética",999999
S5000-01369,Lucía,"Pérez Núñez",60001369G,s5000.01369@example.invalid,"+34 600001369",2026-01-25,activo,"Sede sintética",999999
S5000-01370,Iñigo,"Martín Sáez",60001370M,s5000.01370@example.invalid,600-001-370,2026-02-26,activo,"Sede sintética",999999
S5000-01371,"María José","Gómez León",60001371Y,s5000.01371@example.invalid,"+34 600001371",2026-03-27,activo,"Sede sintética",999999
S5000-01372,Óscar,"Muñoz García",60001372F,s5000.01372@example.invalid,600-001-372,2026-04-28,activo,"Sede sintética",999999
S5000-01373,Nuria,"Pérez Núñez",60001373P,s5000.01373@example.invalid,"+34 600001373",2026-05-01,activo,"Sede sintética",999999
S5000-01374,Raúl,"Martín Sáez",60001374D,s5000.01374@example.invalid,600-001-374,2026-06-02,activo,"Sede sintética",999999
S5000-01375,Sofía,"Gómez León",60001375X,s5000.01375@example.invalid,"+34 600001375",2026-07-03,inactivo,"Sede sintética",999999
S5000-01376,Álvaro,"Muñoz García",60001376B,s5000.01376@example.invalid,600-001-376,2026-08-04,activo,"Sede sintética",999999
S5000-01377,Lucía,"Pérez Núñez",60001377N,s5000.01377@example.invalid,"+34 600001377",2026-09-05,activo,"Sede sintética",999999
S5000-01378,Iñigo,"Martín Sáez",60001378J,s5000.01378@example.invalid,600-001-378,2026-10-06,activo,"Sede sintética",999999
S5000-01379,"María José","Gómez León",60001379Z,s5000.01379@example.invalid,"+34 600001379",2026-11-07,activo,"Sede sintética",999999
S5000-01380,Óscar,"Muñoz García",60001380S,s5000.01380@example.invalid,600-001-380,2026-12-08,activo,"Sede sintética",999999
S5000-01381,Nuria,"Pérez Núñez",60001381Q,s5000.01381@example.invalid,"+34 600001381",2026-01-09,activo,"Sede sintética",999999
S5000-01382,Raúl,"Martín Sáez",60001382V,s5000.01382@example.invalid,600-001-382,2026-02-10,activo,"Sede sintética",999999
S5000-01383,Sofía,"Gómez León",60001383H,s5000.01383@example.invalid,"+34 600001383",2026-03-11,activo,"Sede sintética",999999
S5000-01384,Álvaro,"Muñoz García",60001384L,s5000.01384@example.invalid,600-001-384,2026-04-12,activo,"Sede sintética",999999
S5000-01385,Lucía,"Pérez Núñez",60001385C,s5000.01385@example.invalid,"+34 600001385",2026-05-13,activo,"Sede sintética",999999
S5000-01386,Iñigo,"Martín Sáez",60001386K,s5000.01386@example.invalid,600-001-386,2026-06-14,inactivo,"Sede sintética",999999
S5000-01387,"María José","Gómez León",60001387E,s5000.01387@example.invalid,"+34 600001387",2026-07-15,activo,"Sede sintética",999999
S5000-01388,Óscar,"Muñoz García",60001388T,s5000.01388@example.invalid,600-001-388,2026-08-16,activo,"Sede sintética",999999
S5000-01389,Nuria,"Pérez Núñez",60001389R,s5000.01389@example.invalid,"+34 600001389",2026-09-17,activo,"Sede sintética",999999
S5000-01390,Raúl,"Martín Sáez",60001390W,s5000.01390@example.invalid,600-001-390,2026-10-18,activo,"Sede sintética",999999
S5000-01391,Sofía,"Gómez León",60001391A,s5000.01391@example.invalid,"+34 600001391",2026-11-19,activo,"Sede sintética",999999
S5000-01392,Álvaro,"Muñoz García",60001392G,s5000.01392@example.invalid,600-001-392,2026-12-20,activo,"Sede sintética",999999
S5000-01393,Lucía,"Pérez Núñez",60001393M,s5000.01393@example.invalid,"+34 600001393",2026-01-21,activo,"Sede sintética",999999
S5000-01394,Iñigo,"Martín Sáez",60001394Y,s5000.01394@example.invalid,600-001-394,2026-02-22,activo,"Sede sintética",999999
S5000-01395,"María José","Gómez León",60001395F,s5000.01395@example.invalid,"+34 600001395",2026-03-23,activo,"Sede sintética",999999
S5000-01396,Óscar,"Muñoz García",60001396P,s5000.01396@example.invalid,600-001-396,2026-04-24,activo,"Sede sintética",999999
S5000-01397,Nuria,"Pérez Núñez",60001397D,s5000.01397@example.invalid,"+34 600001397",2026-05-25,inactivo,"Sede sintética",999999
S5000-01398,Raúl,"Martín Sáez",60001398X,s5000.01398@example.invalid,600-001-398,2026-06-26,activo,"Sede sintética",999999
S5000-01399,Sofía,"Gómez León",60001399B,s5000.01399@example.invalid,"+34 600001399",2026-07-27,activo,"Sede sintética",999999
S5000-01400,Álvaro,"Muñoz García",60001400N,s5000.01400@example.invalid,600-001-400,2026-08-28,activo,"Sede sintética",999999
S5000-01401,Lucía,"Pérez Núñez",60001401J,s5000.01401@example.invalid,"+34 600001401",2026-09-01,activo,"Sede sintética",999999
S5000-01402,Iñigo,"Martín Sáez",60001402Z,s5000.01402@example.invalid,600-001-402,2026-10-02,activo,"Sede sintética",999999
S5000-01403,"María José","Gómez León",60001403S,s5000.01403@example.invalid,"+34 600001403",2026-11-03,activo,"Sede sintética",999999
S5000-01404,Óscar,"Muñoz García",60001404Q,s5000.01404@example.invalid,600-001-404,2026-12-04,activo,"Sede sintética",999999
S5000-01405,Nuria,"Pérez Núñez",60001405V,s5000.01405@example.invalid,"+34 600001405",2026-01-05,activo,"Sede sintética",999999
S5000-01406,Raúl,"Martín Sáez",60001406H,s5000.01406@example.invalid,600-001-406,2026-02-06,activo,"Sede sintética",999999
S5000-01407,Sofía,"Gómez León",60001407L,s5000.01407@example.invalid,"+34 600001407",2026-03-07,activo,"Sede sintética",999999
S5000-01408,Álvaro,"Muñoz García",60001408C,s5000.01408@example.invalid,600-001-408,2026-04-08,inactivo,"Sede sintética",999999
S5000-01409,Lucía,"Pérez Núñez",60001409K,s5000.01409@example.invalid,"+34 600001409",2026-05-09,activo,"Sede sintética",999999
S5000-01410,Iñigo,"Martín Sáez",60001410E,s5000.01410@example.invalid,600-001-410,2026-06-10,activo,"Sede sintética",999999
S5000-01411,"María José","Gómez León",60001411T,s5000.01411@example.invalid,"+34 600001411",2026-07-11,activo,"Sede sintética",999999
S5000-01412,Óscar,"Muñoz García",60001412R,s5000.01412@example.invalid,600-001-412,2026-08-12,activo,"Sede sintética",999999
S5000-01413,Nuria,"Pérez Núñez",60001413W,s5000.01413@example.invalid,"+34 600001413",2026-09-13,activo,"Sede sintética",999999
S5000-01414,Raúl,"Martín Sáez",60001414A,s5000.01414@example.invalid,600-001-414,2026-10-14,activo,"Sede sintética",999999
S5000-01415,Sofía,"Gómez León",60001415G,s5000.01415@example.invalid,"+34 600001415",2026-11-15,activo,"Sede sintética",999999
S5000-01416,Álvaro,"Muñoz García",60001416M,s5000.01416@example.invalid,600-001-416,2026-12-16,activo,"Sede sintética",999999
S5000-01417,Lucía,"Pérez Núñez",60001417Y,s5000.01417@example.invalid,"+34 600001417",2026-01-17,activo,"Sede sintética",999999
S5000-01418,Iñigo,"Martín Sáez",60001418F,s5000.01418@example.invalid,600-001-418,2026-02-18,activo,"Sede sintética",999999
S5000-01419,"María José","Gómez León",60001419P,s5000.01419@example.invalid,"+34 600001419",2026-03-19,inactivo,"Sede sintética",999999
S5000-01420,Óscar,"Muñoz García",60001420D,s5000.01420@example.invalid,600-001-420,2026-04-20,activo,"Sede sintética",999999
S5000-01421,Nuria,"Pérez Núñez",60001421X,s5000.01421@example.invalid,"+34 600001421",2026-05-21,activo,"Sede sintética",999999
S5000-01422,Raúl,"Martín Sáez",60001422B,s5000.01422@example.invalid,600-001-422,2026-06-22,activo,"Sede sintética",999999
S5000-01423,Sofía,"Gómez León",60001423N,s5000.01423@example.invalid,"+34 600001423",2026-07-23,activo,"Sede sintética",999999
S5000-01424,Álvaro,"Muñoz García",60001424J,s5000.01424@example.invalid,600-001-424,2026-08-24,activo,"Sede sintética",999999
S5000-01425,Lucía,"Pérez Núñez",60001425Z,s5000.01425@example.invalid,"+34 600001425",2026-09-25,activo,"Sede sintética",999999
S5000-01426,Iñigo,"Martín Sáez",60001426S,s5000.01426@example.invalid,600-001-426,2026-10-26,activo,"Sede sintética",999999
S5000-01427,"María José","Gómez León",60001427Q,s5000.01427@example.invalid,"+34 600001427",2026-11-27,activo,"Sede sintética",999999
S5000-01428,Óscar,"Muñoz García",60001428V,s5000.01428@example.invalid,600-001-428,2026-12-28,activo,"Sede sintética",999999
S5000-01429,Nuria,"Pérez Núñez",60001429H,s5000.01429@example.invalid,"+34 600001429",2026-01-01,activo,"Sede sintética",999999
S5000-01430,Raúl,"Martín Sáez",60001430L,s5000.01430@example.invalid,600-001-430,2026-02-02,inactivo,"Sede sintética",999999
S5000-01431,Sofía,"Gómez León",60001431C,s5000.01431@example.invalid,"+34 600001431",2026-03-03,activo,"Sede sintética",999999
S5000-01432,Álvaro,"Muñoz García",60001432K,s5000.01432@example.invalid,600-001-432,2026-04-04,activo,"Sede sintética",999999
S5000-01433,Lucía,"Pérez Núñez",60001433E,s5000.01433@example.invalid,"+34 600001433",2026-05-05,activo,"Sede sintética",999999
S5000-01434,Iñigo,"Martín Sáez",60001434T,s5000.01434@example.invalid,600-001-434,2026-06-06,activo,"Sede sintética",999999
S5000-01435,"María José","Gómez León",60001435R,s5000.01435@example.invalid,"+34 600001435",2026-07-07,activo,"Sede sintética",999999
S5000-01436,Óscar,"Muñoz García",60001436W,s5000.01436@example.invalid,600-001-436,2026-08-08,activo,"Sede sintética",999999
S5000-01437,Nuria,"Pérez Núñez",60001437A,s5000.01437@example.invalid,"+34 600001437",2026-09-09,activo,"Sede sintética",999999
S5000-01438,Raúl,"Martín Sáez",60001438G,s5000.01438@example.invalid,600-001-438,2026-10-10,activo,"Sede sintética",999999
S5000-01439,Sofía,"Gómez León",60001439M,s5000.01439@example.invalid,"+34 600001439",2026-11-11,activo,"Sede sintética",999999
S5000-01440,Álvaro,"Muñoz García",60001440Y,s5000.01440@example.invalid,600-001-440,2026-12-12,activo,"Sede sintética",999999
S5000-01441,Lucía,"Pérez Núñez",60001441F,s5000.01441@example.invalid,"+34 600001441",2026-01-13,inactivo,"Sede sintética",999999
S5000-01442,Iñigo,"Martín Sáez",60001442P,s5000.01442@example.invalid,600-001-442,2026-02-14,activo,"Sede sintética",999999
S5000-01443,"María José","Gómez León",60001443D,s5000.01443@example.invalid,"+34 600001443",2026-03-15,activo,"Sede sintética",999999
S5000-01444,Óscar,"Muñoz García",60001444X,s5000.01444@example.invalid,600-001-444,2026-04-16,activo,"Sede sintética",999999
S5000-01445,Nuria,"Pérez Núñez",60001445B,s5000.01445@example.invalid,"+34 600001445",2026-05-17,activo,"Sede sintética",999999
S5000-01446,Raúl,"Martín Sáez",60001446N,s5000.01446@example.invalid,600-001-446,2026-06-18,activo,"Sede sintética",999999
S5000-01447,Sofía,"Gómez León",60001447J,s5000.01447@example.invalid,"+34 600001447",2026-07-19,activo,"Sede sintética",999999
S5000-01448,Álvaro,"Muñoz García",60001448Z,s5000.01448@example.invalid,600-001-448,2026-08-20,activo,"Sede sintética",999999
S5000-01449,Lucía,"Pérez Núñez",60001449S,s5000.01449@example.invalid,"+34 600001449",2026-09-21,activo,"Sede sintética",999999
S5000-01450,Iñigo,"Martín Sáez",60001450Q,s5000.01450@example.invalid,600-001-450,2026-10-22,activo,"Sede sintética",999999
S5000-01451,"María José","Gómez León",60001451V,s5000.01451@example.invalid,"+34 600001451",2026-11-23,activo,"Sede sintética",999999
S5000-01452,Óscar,"Muñoz García",60001452H,s5000.01452@example.invalid,600-001-452,2026-12-24,inactivo,"Sede sintética",999999
S5000-01453,Nuria,"Pérez Núñez",60001453L,s5000.01453@example.invalid,"+34 600001453",2026-01-25,activo,"Sede sintética",999999
S5000-01454,Raúl,"Martín Sáez",60001454C,s5000.01454@example.invalid,600-001-454,2026-02-26,activo,"Sede sintética",999999
S5000-01455,Sofía,"Gómez León",60001455K,s5000.01455@example.invalid,"+34 600001455",2026-03-27,activo,"Sede sintética",999999
S5000-01456,Álvaro,"Muñoz García",60001456E,s5000.01456@example.invalid,600-001-456,2026-04-28,activo,"Sede sintética",999999
S5000-01457,Lucía,"Pérez Núñez",60001457T,s5000.01457@example.invalid,"+34 600001457",2026-05-01,activo,"Sede sintética",999999
S5000-01458,Iñigo,"Martín Sáez",60001458R,s5000.01458@example.invalid,600-001-458,2026-06-02,activo,"Sede sintética",999999
S5000-01459,"María José","Gómez León",60001459W,s5000.01459@example.invalid,"+34 600001459",2026-07-03,activo,"Sede sintética",999999
S5000-01460,Óscar,"Muñoz García",60001460A,s5000.01460@example.invalid,600-001-460,2026-08-04,activo,"Sede sintética",999999
S5000-01461,Nuria,"Pérez Núñez",60001461G,s5000.01461@example.invalid,"+34 600001461",2026-09-05,activo,"Sede sintética",999999
S5000-01462,Raúl,"Martín Sáez",60001462M,s5000.01462@example.invalid,600-001-462,2026-10-06,activo,"Sede sintética",999999
S5000-01463,Sofía,"Gómez León",60001463Y,s5000.01463@example.invalid,"+34 600001463",2026-11-07,inactivo,"Sede sintética",999999
S5000-01464,Álvaro,"Muñoz García",60001464F,s5000.01464@example.invalid,600-001-464,2026-12-08,activo,"Sede sintética",999999
S5000-01465,Lucía,"Pérez Núñez",60001465P,s5000.01465@example.invalid,"+34 600001465",2026-01-09,activo,"Sede sintética",999999
S5000-01466,Iñigo,"Martín Sáez",60001466D,s5000.01466@example.invalid,600-001-466,2026-02-10,activo,"Sede sintética",999999
S5000-01467,"María José","Gómez León",60001467X,s5000.01467@example.invalid,"+34 600001467",2026-03-11,activo,"Sede sintética",999999
S5000-01468,Óscar,"Muñoz García",60001468B,s5000.01468@example.invalid,600-001-468,2026-04-12,activo,"Sede sintética",999999
S5000-01469,Nuria,"Pérez Núñez",60001469N,s5000.01469@example.invalid,"+34 600001469",2026-05-13,activo,"Sede sintética",999999
S5000-01470,Raúl,"Martín Sáez",60001470J,s5000.01470@example.invalid,600-001-470,2026-06-14,activo,"Sede sintética",999999
S5000-01471,Sofía,"Gómez León",60001471Z,s5000.01471@example.invalid,"+34 600001471",2026-07-15,activo,"Sede sintética",999999
S5000-01472,Álvaro,"Muñoz García",60001472S,s5000.01472@example.invalid,600-001-472,2026-08-16,activo,"Sede sintética",999999
S5000-01473,Lucía,"Pérez Núñez",60001473Q,s5000.01473@example.invalid,"+34 600001473",2026-09-17,activo,"Sede sintética",999999
S5000-01474,Iñigo,"Martín Sáez",60001474V,s5000.01474@example.invalid,600-001-474,2026-10-18,inactivo,"Sede sintética",999999
S5000-01475,"María José","Gómez León",60001475H,s5000.01475@example.invalid,"+34 600001475",2026-11-19,activo,"Sede sintética",999999
S5000-01476,Óscar,"Muñoz García",60001476L,s5000.01476@example.invalid,600-001-476,2026-12-20,activo,"Sede sintética",999999
S5000-01477,Nuria,"Pérez Núñez",60001477C,s5000.01477@example.invalid,"+34 600001477",2026-01-21,activo,"Sede sintética",999999
S5000-01478,Raúl,"Martín Sáez",60001478K,s5000.01478@example.invalid,600-001-478,2026-02-22,activo,"Sede sintética",999999
S5000-01479,Sofía,"Gómez León",60001479E,s5000.01479@example.invalid,"+34 600001479",2026-03-23,activo,"Sede sintética",999999
S5000-01480,Álvaro,"Muñoz García",60001480T,s5000.01480@example.invalid,600-001-480,2026-04-24,activo,"Sede sintética",999999
S5000-01481,Lucía,"Pérez Núñez",60001481R,s5000.01481@example.invalid,"+34 600001481",2026-05-25,activo,"Sede sintética",999999
S5000-01482,Iñigo,"Martín Sáez",60001482W,s5000.01482@example.invalid,600-001-482,2026-06-26,activo,"Sede sintética",999999
S5000-01483,"María José","Gómez León",60001483A,s5000.01483@example.invalid,"+34 600001483",2026-07-27,activo,"Sede sintética",999999
S5000-01484,Óscar,"Muñoz García",60001484G,s5000.01484@example.invalid,600-001-484,2026-08-28,activo,"Sede sintética",999999
S5000-01485,Nuria,"Pérez Núñez",60001485M,s5000.01485@example.invalid,"+34 600001485",2026-09-01,inactivo,"Sede sintética",999999
S5000-01486,Raúl,"Martín Sáez",60001486Y,s5000.01486@example.invalid,600-001-486,2026-10-02,activo,"Sede sintética",999999
S5000-01487,Sofía,"Gómez León",60001487F,s5000.01487@example.invalid,"+34 600001487",2026-11-03,activo,"Sede sintética",999999
S5000-01488,Álvaro,"Muñoz García",60001488P,s5000.01488@example.invalid,600-001-488,2026-12-04,activo,"Sede sintética",999999
S5000-01489,Lucía,"Pérez Núñez",60001489D,s5000.01489@example.invalid,"+34 600001489",2026-01-05,activo,"Sede sintética",999999
S5000-01490,Iñigo,"Martín Sáez",60001490X,s5000.01490@example.invalid,600-001-490,2026-02-06,activo,"Sede sintética",999999
S5000-01491,"María José","Gómez León",60001491B,s5000.01491@example.invalid,"+34 600001491",2026-03-07,activo,"Sede sintética",999999
S5000-01492,Óscar,"Muñoz García",60001492N,s5000.01492@example.invalid,600-001-492,2026-04-08,activo,"Sede sintética",999999
S5000-01493,Nuria,"Pérez Núñez",60001493J,s5000.01493@example.invalid,"+34 600001493",2026-05-09,activo,"Sede sintética",999999
S5000-01494,Raúl,"Martín Sáez",60001494Z,s5000.01494@example.invalid,600-001-494,2026-06-10,activo,"Sede sintética",999999
S5000-01495,Sofía,"Gómez León",60001495S,s5000.01495@example.invalid,"+34 600001495",2026-07-11,activo,"Sede sintética",999999
S5000-01496,Álvaro,"Muñoz García",60001496Q,s5000.01496@example.invalid,600-001-496,2026-08-12,inactivo,"Sede sintética",999999
S5000-01497,Lucía,"Pérez Núñez",60001497V,s5000.01497@example.invalid,"+34 600001497",2026-09-13,activo,"Sede sintética",999999
S5000-01498,Iñigo,"Martín Sáez",60001498H,s5000.01498@example.invalid,600-001-498,2026-10-14,activo,"Sede sintética",999999
S5000-01499,"María José","Gómez León",60001499L,s5000.01499@example.invalid,"+34 600001499",2026-11-15,activo,"Sede sintética",999999
S5000-01500,Óscar,"Muñoz García",60001500C,s5000.01500@example.invalid,600-001-500,2026-12-16,activo,"Sede sintética",999999
S5000-01501,Nuria,"Pérez Núñez",60001501K,s5000.01501@example.invalid,"+34 600001501",2026-01-17,activo,"Sede sintética",999999
S5000-01502,Raúl,"Martín Sáez",60001502E,s5000.01502@example.invalid,600-001-502,2026-02-18,activo,"Sede sintética",999999
S5000-01503,Sofía,"Gómez León",60001503T,s5000.01503@example.invalid,"+34 600001503",2026-03-19,activo,"Sede sintética",999999
S5000-01504,Álvaro,"Muñoz García",60001504R,s5000.01504@example.invalid,600-001-504,2026-04-20,activo,"Sede sintética",999999
S5000-01505,Lucía,"Pérez Núñez",60001505W,s5000.01505@example.invalid,"+34 600001505",2026-05-21,activo,"Sede sintética",999999
S5000-01506,Iñigo,"Martín Sáez",60001506A,s5000.01506@example.invalid,600-001-506,2026-06-22,activo,"Sede sintética",999999
S5000-01507,"María José","Gómez León",60001507G,s5000.01507@example.invalid,"+34 600001507",2026-07-23,inactivo,"Sede sintética",999999
S5000-01508,Óscar,"Muñoz García",60001508M,s5000.01508@example.invalid,600-001-508,2026-08-24,activo,"Sede sintética",999999
S5000-01509,Nuria,"Pérez Núñez",60001509Y,s5000.01509@example.invalid,"+34 600001509",2026-09-25,activo,"Sede sintética",999999
S5000-01510,Raúl,"Martín Sáez",60001510F,s5000.01510@example.invalid,600-001-510,2026-10-26,activo,"Sede sintética",999999
S5000-01511,Sofía,"Gómez León",60001511P,s5000.01511@example.invalid,"+34 600001511",2026-11-27,activo,"Sede sintética",999999
S5000-01512,Álvaro,"Muñoz García",60001512D,s5000.01512@example.invalid,600-001-512,2026-12-28,activo,"Sede sintética",999999
S5000-01513,Lucía,"Pérez Núñez",60001513X,s5000.01513@example.invalid,"+34 600001513",2026-01-01,activo,"Sede sintética",999999
S5000-01514,Iñigo,"Martín Sáez",60001514B,s5000.01514@example.invalid,600-001-514,2026-02-02,activo,"Sede sintética",999999
S5000-01515,"María José","Gómez León",60001515N,s5000.01515@example.invalid,"+34 600001515",2026-03-03,activo,"Sede sintética",999999
S5000-01516,Óscar,"Muñoz García",60001516J,s5000.01516@example.invalid,600-001-516,2026-04-04,activo,"Sede sintética",999999
S5000-01517,Nuria,"Pérez Núñez",60001517Z,s5000.01517@example.invalid,"+34 600001517",2026-05-05,activo,"Sede sintética",999999
S5000-01518,Raúl,"Martín Sáez",60001518S,s5000.01518@example.invalid,600-001-518,2026-06-06,inactivo,"Sede sintética",999999
S5000-01519,Sofía,"Gómez León",60001519Q,s5000.01519@example.invalid,"+34 600001519",2026-07-07,activo,"Sede sintética",999999
S5000-01520,Álvaro,"Muñoz García",60001520V,s5000.01520@example.invalid,600-001-520,2026-08-08,activo,"Sede sintética",999999
S5000-01521,Lucía,"Pérez Núñez",60001521H,s5000.01521@example.invalid,"+34 600001521",2026-09-09,activo,"Sede sintética",999999
S5000-01522,Iñigo,"Martín Sáez",60001522L,s5000.01522@example.invalid,600-001-522,2026-10-10,activo,"Sede sintética",999999
S5000-01523,"María José","Gómez León",60001523C,s5000.01523@example.invalid,"+34 600001523",2026-11-11,activo,"Sede sintética",999999
S5000-01524,Óscar,"Muñoz García",60001524K,s5000.01524@example.invalid,600-001-524,2026-12-12,activo,"Sede sintética",999999
S5000-01525,Nuria,"Pérez Núñez",60001525E,s5000.01525@example.invalid,"+34 600001525",2026-01-13,activo,"Sede sintética",999999
S5000-01526,Raúl,"Martín Sáez",60001526T,s5000.01526@example.invalid,600-001-526,2026-02-14,activo,"Sede sintética",999999
S5000-01527,Sofía,"Gómez León",60001527R,s5000.01527@example.invalid,"+34 600001527",2026-03-15,activo,"Sede sintética",999999
S5000-01528,Álvaro,"Muñoz García",60001528W,s5000.01528@example.invalid,600-001-528,2026-04-16,activo,"Sede sintética",999999
S5000-01529,Lucía,"Pérez Núñez",60001529A,s5000.01529@example.invalid,"+34 600001529",2026-05-17,inactivo,"Sede sintética",999999
S5000-01530,Iñigo,"Martín Sáez",60001530G,s5000.01530@example.invalid,600-001-530,2026-06-18,activo,"Sede sintética",999999
S5000-01531,"María José","Gómez León",60001531M,s5000.01531@example.invalid,"+34 600001531",2026-07-19,activo,"Sede sintética",999999
S5000-01532,Óscar,"Muñoz García",60001532Y,s5000.01532@example.invalid,600-001-532,2026-08-20,activo,"Sede sintética",999999
S5000-01533,Nuria,"Pérez Núñez",60001533F,s5000.01533@example.invalid,"+34 600001533",2026-09-21,activo,"Sede sintética",999999
S5000-01534,Raúl,"Martín Sáez",60001534P,s5000.01534@example.invalid,600-001-534,2026-10-22,activo,"Sede sintética",999999
S5000-01535,Sofía,"Gómez León",60001535D,s5000.01535@example.invalid,"+34 600001535",2026-11-23,activo,"Sede sintética",999999
S5000-01536,Álvaro,"Muñoz García",60001536X,s5000.01536@example.invalid,600-001-536,2026-12-24,activo,"Sede sintética",999999
S5000-01537,Lucía,"Pérez Núñez",60001537B,s5000.01537@example.invalid,"+34 600001537",2026-01-25,activo,"Sede sintética",999999
S5000-01538,Iñigo,"Martín Sáez",60001538N,s5000.01538@example.invalid,600-001-538,2026-02-26,activo,"Sede sintética",999999
S5000-01539,"María José","Gómez León",60001539J,s5000.01539@example.invalid,"+34 600001539",2026-03-27,activo,"Sede sintética",999999
S5000-01540,Óscar,"Muñoz García",60001540Z,s5000.01540@example.invalid,600-001-540,2026-04-28,inactivo,"Sede sintética",999999
S5000-01541,Nuria,"Pérez Núñez",60001541S,s5000.01541@example.invalid,"+34 600001541",2026-05-01,activo,"Sede sintética",999999
S5000-01542,Raúl,"Martín Sáez",60001542Q,s5000.01542@example.invalid,600-001-542,2026-06-02,activo,"Sede sintética",999999
S5000-01543,Sofía,"Gómez León",60001543V,s5000.01543@example.invalid,"+34 600001543",2026-07-03,activo,"Sede sintética",999999
S5000-01544,Álvaro,"Muñoz García",60001544H,s5000.01544@example.invalid,600-001-544,2026-08-04,activo,"Sede sintética",999999
S5000-01545,Lucía,"Pérez Núñez",60001545L,s5000.01545@example.invalid,"+34 600001545",2026-09-05,activo,"Sede sintética",999999
S5000-01546,Iñigo,"Martín Sáez",60001546C,s5000.01546@example.invalid,600-001-546,2026-10-06,activo,"Sede sintética",999999
S5000-01547,"María José","Gómez León",60001547K,s5000.01547@example.invalid,"+34 600001547",2026-11-07,activo,"Sede sintética",999999
S5000-01548,Óscar,"Muñoz García",60001548E,s5000.01548@example.invalid,600-001-548,2026-12-08,activo,"Sede sintética",999999
S5000-01549,Nuria,"Pérez Núñez",60001549T,s5000.01549@example.invalid,"+34 600001549",2026-01-09,activo,"Sede sintética",999999
S5000-01550,Raúl,"Martín Sáez",60001550R,s5000.01550@example.invalid,600-001-550,2026-02-10,activo,"Sede sintética",999999
S5000-01551,Sofía,"Gómez León",60001551W,s5000.01551@example.invalid,"+34 600001551",2026-03-11,inactivo,"Sede sintética",999999
S5000-01552,Álvaro,"Muñoz García",60001552A,s5000.01552@example.invalid,600-001-552,2026-04-12,activo,"Sede sintética",999999
S5000-01553,Lucía,"Pérez Núñez",60001553G,s5000.01553@example.invalid,"+34 600001553",2026-05-13,activo,"Sede sintética",999999
S5000-01554,Iñigo,"Martín Sáez",60001554M,s5000.01554@example.invalid,600-001-554,2026-06-14,activo,"Sede sintética",999999
S5000-01555,"María José","Gómez León",60001555Y,s5000.01555@example.invalid,"+34 600001555",2026-07-15,activo,"Sede sintética",999999
S5000-01556,Óscar,"Muñoz García",60001556F,s5000.01556@example.invalid,600-001-556,2026-08-16,activo,"Sede sintética",999999
S5000-01557,Nuria,"Pérez Núñez",60001557P,s5000.01557@example.invalid,"+34 600001557",2026-09-17,activo,"Sede sintética",999999
S5000-01558,Raúl,"Martín Sáez",60001558D,s5000.01558@example.invalid,600-001-558,2026-10-18,activo,"Sede sintética",999999
S5000-01559,Sofía,"Gómez León",60001559X,s5000.01559@example.invalid,"+34 600001559",2026-11-19,activo,"Sede sintética",999999
S5000-01560,Álvaro,"Muñoz García",60001560B,s5000.01560@example.invalid,600-001-560,2026-12-20,activo,"Sede sintética",999999
S5000-01561,Lucía,"Pérez Núñez",60001561N,s5000.01561@example.invalid,"+34 600001561",2026-01-21,activo,"Sede sintética",999999
S5000-01562,Iñigo,"Martín Sáez",60001562J,s5000.01562@example.invalid,600-001-562,2026-02-22,inactivo,"Sede sintética",999999
S5000-01563,"María José","Gómez León",60001563Z,s5000.01563@example.invalid,"+34 600001563",2026-03-23,activo,"Sede sintética",999999
S5000-01564,Óscar,"Muñoz García",60001564S,s5000.01564@example.invalid,600-001-564,2026-04-24,activo,"Sede sintética",999999
S5000-01565,Nuria,"Pérez Núñez",60001565Q,s5000.01565@example.invalid,"+34 600001565",2026-05-25,activo,"Sede sintética",999999
S5000-01566,Raúl,"Martín Sáez",60001566V,s5000.01566@example.invalid,600-001-566,2026-06-26,activo,"Sede sintética",999999
S5000-01567,Sofía,"Gómez León",60001567H,s5000.01567@example.invalid,"+34 600001567",2026-07-27,activo,"Sede sintética",999999
S5000-01568,Álvaro,"Muñoz García",60001568L,s5000.01568@example.invalid,600-001-568,2026-08-28,activo,"Sede sintética",999999
S5000-01569,Lucía,"Pérez Núñez",60001569C,s5000.01569@example.invalid,"+34 600001569",2026-09-01,activo,"Sede sintética",999999
S5000-01570,Iñigo,"Martín Sáez",60001570K,s5000.01570@example.invalid,600-001-570,2026-10-02,activo,"Sede sintética",999999
S5000-01571,"María José","Gómez León",60001571E,s5000.01571@example.invalid,"+34 600001571",2026-11-03,activo,"Sede sintética",999999
S5000-01572,Óscar,"Muñoz García",60001572T,s5000.01572@example.invalid,600-001-572,2026-12-04,activo,"Sede sintética",999999
S5000-01573,Nuria,"Pérez Núñez",60001573R,s5000.01573@example.invalid,"+34 600001573",2026-01-05,inactivo,"Sede sintética",999999
S5000-01574,Raúl,"Martín Sáez",60001574W,s5000.01574@example.invalid,600-001-574,2026-02-06,activo,"Sede sintética",999999
S5000-01575,Sofía,"Gómez León",60001575A,s5000.01575@example.invalid,"+34 600001575",2026-03-07,activo,"Sede sintética",999999
S5000-01576,Álvaro,"Muñoz García",60001576G,s5000.01576@example.invalid,600-001-576,2026-04-08,activo,"Sede sintética",999999
S5000-01577,Lucía,"Pérez Núñez",60001577M,s5000.01577@example.invalid,"+34 600001577",2026-05-09,activo,"Sede sintética",999999
S5000-01578,Iñigo,"Martín Sáez",60001578Y,s5000.01578@example.invalid,600-001-578,2026-06-10,activo,"Sede sintética",999999
S5000-01579,"María José","Gómez León",60001579F,s5000.01579@example.invalid,"+34 600001579",2026-07-11,activo,"Sede sintética",999999
S5000-01580,Óscar,"Muñoz García",60001580P,s5000.01580@example.invalid,600-001-580,2026-08-12,activo,"Sede sintética",999999
S5000-01581,Nuria,"Pérez Núñez",60001581D,s5000.01581@example.invalid,"+34 600001581",2026-09-13,activo,"Sede sintética",999999
S5000-01582,Raúl,"Martín Sáez",60001582X,s5000.01582@example.invalid,600-001-582,2026-10-14,activo,"Sede sintética",999999
S5000-01583,Sofía,"Gómez León",60001583B,s5000.01583@example.invalid,"+34 600001583",2026-11-15,activo,"Sede sintética",999999
S5000-01584,Álvaro,"Muñoz García",60001584N,s5000.01584@example.invalid,600-001-584,2026-12-16,inactivo,"Sede sintética",999999
S5000-01585,Lucía,"Pérez Núñez",60001585J,s5000.01585@example.invalid,"+34 600001585",2026-01-17,activo,"Sede sintética",999999
S5000-01586,Iñigo,"Martín Sáez",60001586Z,s5000.01586@example.invalid,600-001-586,2026-02-18,activo,"Sede sintética",999999
S5000-01587,"María José","Gómez León",60001587S,s5000.01587@example.invalid,"+34 600001587",2026-03-19,activo,"Sede sintética",999999
S5000-01588,Óscar,"Muñoz García",60001588Q,s5000.01588@example.invalid,600-001-588,2026-04-20,activo,"Sede sintética",999999
S5000-01589,Nuria,"Pérez Núñez",60001589V,s5000.01589@example.invalid,"+34 600001589",2026-05-21,activo,"Sede sintética",999999
S5000-01590,Raúl,"Martín Sáez",60001590H,s5000.01590@example.invalid,600-001-590,2026-06-22,activo,"Sede sintética",999999
S5000-01591,Sofía,"Gómez León",60001591L,s5000.01591@example.invalid,"+34 600001591",2026-07-23,activo,"Sede sintética",999999
S5000-01592,Álvaro,"Muñoz García",60001592C,s5000.01592@example.invalid,600-001-592,2026-08-24,activo,"Sede sintética",999999
S5000-01593,Lucía,"Pérez Núñez",60001593K,s5000.01593@example.invalid,"+34 600001593",2026-09-25,activo,"Sede sintética",999999
S5000-01594,Iñigo,"Martín Sáez",60001594E,s5000.01594@example.invalid,600-001-594,2026-10-26,activo,"Sede sintética",999999
S5000-01595,"María José","Gómez León",60001595T,s5000.01595@example.invalid,"+34 600001595",2026-11-27,inactivo,"Sede sintética",999999
S5000-01596,Óscar,"Muñoz García",60001596R,s5000.01596@example.invalid,600-001-596,2026-12-28,activo,"Sede sintética",999999
S5000-01597,Nuria,"Pérez Núñez",60001597W,s5000.01597@example.invalid,"+34 600001597",2026-01-01,activo,"Sede sintética",999999
S5000-01598,Raúl,"Martín Sáez",60001598A,s5000.01598@example.invalid,600-001-598,2026-02-02,activo,"Sede sintética",999999
S5000-01599,Sofía,"Gómez León",60001599G,s5000.01599@example.invalid,"+34 600001599",2026-03-03,activo,"Sede sintética",999999
S5000-01600,Álvaro,"Muñoz García",60001600M,s5000.01600@example.invalid,600-001-600,2026-04-04,activo,"Sede sintética",999999
S5000-01601,Lucía,"Pérez Núñez",60001601Y,s5000.01601@example.invalid,"+34 600001601",2026-05-05,activo,"Sede sintética",999999
S5000-01602,Iñigo,"Martín Sáez",60001602F,s5000.01602@example.invalid,600-001-602,2026-06-06,activo,"Sede sintética",999999
S5000-01603,"María José","Gómez León",60001603P,s5000.01603@example.invalid,"+34 600001603",2026-07-07,activo,"Sede sintética",999999
S5000-01604,Óscar,"Muñoz García",60001604D,s5000.01604@example.invalid,600-001-604,2026-08-08,activo,"Sede sintética",999999
S5000-01605,Nuria,"Pérez Núñez",60001605X,s5000.01605@example.invalid,"+34 600001605",2026-09-09,activo,"Sede sintética",999999
S5000-01606,Raúl,"Martín Sáez",60001606B,s5000.01606@example.invalid,600-001-606,2026-10-10,inactivo,"Sede sintética",999999
S5000-01607,Sofía,"Gómez León",60001607N,s5000.01607@example.invalid,"+34 600001607",2026-11-11,activo,"Sede sintética",999999
S5000-01608,Álvaro,"Muñoz García",60001608J,s5000.01608@example.invalid,600-001-608,2026-12-12,activo,"Sede sintética",999999
S5000-01609,Lucía,"Pérez Núñez",60001609Z,s5000.01609@example.invalid,"+34 600001609",2026-01-13,activo,"Sede sintética",999999
S5000-01610,Iñigo,"Martín Sáez",60001610S,s5000.01610@example.invalid,600-001-610,2026-02-14,activo,"Sede sintética",999999
S5000-01611,"María José","Gómez León",60001611Q,s5000.01611@example.invalid,"+34 600001611",2026-03-15,activo,"Sede sintética",999999
S5000-01612,Óscar,"Muñoz García",60001612V,s5000.01612@example.invalid,600-001-612,2026-04-16,activo,"Sede sintética",999999
S5000-01613,Nuria,"Pérez Núñez",60001613H,s5000.01613@example.invalid,"+34 600001613",2026-05-17,activo,"Sede sintética",999999
S5000-01614,Raúl,"Martín Sáez",60001614L,s5000.01614@example.invalid,600-001-614,2026-06-18,activo,"Sede sintética",999999
S5000-01615,Sofía,"Gómez León",60001615C,s5000.01615@example.invalid,"+34 600001615",2026-07-19,activo,"Sede sintética",999999
S5000-01616,Álvaro,"Muñoz García",60001616K,s5000.01616@example.invalid,600-001-616,2026-08-20,activo,"Sede sintética",999999
S5000-01617,Lucía,"Pérez Núñez",60001617E,s5000.01617@example.invalid,"+34 600001617",2026-09-21,inactivo,"Sede sintética",999999
S5000-01618,Iñigo,"Martín Sáez",60001618T,s5000.01618@example.invalid,600-001-618,2026-10-22,activo,"Sede sintética",999999
S5000-01619,"María José","Gómez León",60001619R,s5000.01619@example.invalid,"+34 600001619",2026-11-23,activo,"Sede sintética",999999
S5000-01620,Óscar,"Muñoz García",60001620W,s5000.01620@example.invalid,600-001-620,2026-12-24,activo,"Sede sintética",999999
S5000-01621,Nuria,"Pérez Núñez",60001621A,s5000.01621@example.invalid,"+34 600001621",2026-01-25,activo,"Sede sintética",999999
S5000-01622,Raúl,"Martín Sáez",60001622G,s5000.01622@example.invalid,600-001-622,2026-02-26,activo,"Sede sintética",999999
S5000-01623,Sofía,"Gómez León",60001623M,s5000.01623@example.invalid,"+34 600001623",2026-03-27,activo,"Sede sintética",999999
S5000-01624,Álvaro,"Muñoz García",60001624Y,s5000.01624@example.invalid,600-001-624,2026-04-28,activo,"Sede sintética",999999
S5000-01625,Lucía,"Pérez Núñez",60001625F,s5000.01625@example.invalid,"+34 600001625",2026-05-01,activo,"Sede sintética",999999
S5000-01626,Iñigo,"Martín Sáez",60001626P,s5000.01626@example.invalid,600-001-626,2026-06-02,activo,"Sede sintética",999999
S5000-01627,"María José","Gómez León",60001627D,s5000.01627@example.invalid,"+34 600001627",2026-07-03,activo,"Sede sintética",999999
S5000-01628,Óscar,"Muñoz García",60001628X,s5000.01628@example.invalid,600-001-628,2026-08-04,inactivo,"Sede sintética",999999
S5000-01629,Nuria,"Pérez Núñez",60001629B,s5000.01629@example.invalid,"+34 600001629",2026-09-05,activo,"Sede sintética",999999
S5000-01630,Raúl,"Martín Sáez",60001630N,s5000.01630@example.invalid,600-001-630,2026-10-06,activo,"Sede sintética",999999
S5000-01631,Sofía,"Gómez León",60001631J,s5000.01631@example.invalid,"+34 600001631",2026-11-07,activo,"Sede sintética",999999
S5000-01632,Álvaro,"Muñoz García",60001632Z,s5000.01632@example.invalid,600-001-632,2026-12-08,activo,"Sede sintética",999999
S5000-01633,Lucía,"Pérez Núñez",60001633S,s5000.01633@example.invalid,"+34 600001633",2026-01-09,activo,"Sede sintética",999999
S5000-01634,Iñigo,"Martín Sáez",60001634Q,s5000.01634@example.invalid,600-001-634,2026-02-10,activo,"Sede sintética",999999
S5000-01635,"María José","Gómez León",60001635V,s5000.01635@example.invalid,"+34 600001635",2026-03-11,activo,"Sede sintética",999999
S5000-01636,Óscar,"Muñoz García",60001636H,s5000.01636@example.invalid,600-001-636,2026-04-12,activo,"Sede sintética",999999
S5000-01637,Nuria,"Pérez Núñez",60001637L,s5000.01637@example.invalid,"+34 600001637",2026-05-13,activo,"Sede sintética",999999
S5000-01638,Raúl,"Martín Sáez",60001638C,s5000.01638@example.invalid,600-001-638,2026-06-14,activo,"Sede sintética",999999
S5000-01639,Sofía,"Gómez León",60001639K,s5000.01639@example.invalid,"+34 600001639",2026-07-15,inactivo,"Sede sintética",999999
S5000-01640,Álvaro,"Muñoz García",60001640E,s5000.01640@example.invalid,600-001-640,2026-08-16,activo,"Sede sintética",999999
S5000-01641,Lucía,"Pérez Núñez",60001641T,s5000.01641@example.invalid,"+34 600001641",2026-09-17,activo,"Sede sintética",999999
S5000-01642,Iñigo,"Martín Sáez",60001642R,s5000.01642@example.invalid,600-001-642,2026-10-18,activo,"Sede sintética",999999
S5000-01643,"María José","Gómez León",60001643W,s5000.01643@example.invalid,"+34 600001643",2026-11-19,activo,"Sede sintética",999999
S5000-01644,Óscar,"Muñoz García",60001644A,s5000.01644@example.invalid,600-001-644,2026-12-20,activo,"Sede sintética",999999
S5000-01645,Nuria,"Pérez Núñez",60001645G,s5000.01645@example.invalid,"+34 600001645",2026-01-21,activo,"Sede sintética",999999
S5000-01646,Raúl,"Martín Sáez",60001646M,s5000.01646@example.invalid,600-001-646,2026-02-22,activo,"Sede sintética",999999
S5000-01647,Sofía,"Gómez León",60001647Y,s5000.01647@example.invalid,"+34 600001647",2026-03-23,activo,"Sede sintética",999999
S5000-01648,Álvaro,"Muñoz García",60001648F,s5000.01648@example.invalid,600-001-648,2026-04-24,activo,"Sede sintética",999999
S5000-01649,Lucía,"Pérez Núñez",60001649P,s5000.01649@example.invalid,"+34 600001649",2026-05-25,activo,"Sede sintética",999999
S5000-01650,Iñigo,"Martín Sáez",60001650D,s5000.01650@example.invalid,600-001-650,2026-06-26,inactivo,"Sede sintética",999999
S5000-01651,"María José","Gómez León",60001651X,s5000.01651@example.invalid,"+34 600001651",2026-07-27,activo,"Sede sintética",999999
S5000-01652,Óscar,"Muñoz García",60001652B,s5000.01652@example.invalid,600-001-652,2026-08-28,activo,"Sede sintética",999999
S5000-01653,Nuria,"Pérez Núñez",60001653N,s5000.01653@example.invalid,"+34 600001653",2026-09-01,activo,"Sede sintética",999999
S5000-01654,Raúl,"Martín Sáez",60001654J,s5000.01654@example.invalid,600-001-654,2026-10-02,activo,"Sede sintética",999999
S5000-01655,Sofía,"Gómez León",60001655Z,s5000.01655@example.invalid,"+34 600001655",2026-11-03,activo,"Sede sintética",999999
S5000-01656,Álvaro,"Muñoz García",60001656S,s5000.01656@example.invalid,600-001-656,2026-12-04,activo,"Sede sintética",999999
S5000-01657,Lucía,"Pérez Núñez",60001657Q,s5000.01657@example.invalid,"+34 600001657",2026-01-05,activo,"Sede sintética",999999
S5000-01658,Iñigo,"Martín Sáez",60001658V,s5000.01658@example.invalid,600-001-658,2026-02-06,activo,"Sede sintética",999999
S5000-01659,"María José","Gómez León",60001659H,s5000.01659@example.invalid,"+34 600001659",2026-03-07,activo,"Sede sintética",999999
S5000-01660,Óscar,"Muñoz García",60001660L,s5000.01660@example.invalid,600-001-660,2026-04-08,activo,"Sede sintética",999999
S5000-01661,Nuria,"Pérez Núñez",60001661C,s5000.01661@example.invalid,"+34 600001661",2026-05-09,inactivo,"Sede sintética",999999
S5000-01662,Raúl,"Martín Sáez",60001662K,s5000.01662@example.invalid,600-001-662,2026-06-10,activo,"Sede sintética",999999
S5000-01663,Sofía,"Gómez León",60001663E,s5000.01663@example.invalid,"+34 600001663",2026-07-11,activo,"Sede sintética",999999
S5000-01664,Álvaro,"Muñoz García",60001664T,s5000.01664@example.invalid,600-001-664,2026-08-12,activo,"Sede sintética",999999
S5000-01665,Lucía,"Pérez Núñez",60001665R,s5000.01665@example.invalid,"+34 600001665",2026-09-13,activo,"Sede sintética",999999
S5000-01666,Iñigo,"Martín Sáez",60001666W,s5000.01666@example.invalid,600-001-666,2026-10-14,activo,"Sede sintética",999999
S5000-01667,"María José","Gómez León",60001667A,s5000.01667@example.invalid,"+34 600001667",2026-11-15,activo,"Sede sintética",999999
S5000-01668,Óscar,"Muñoz García",60001668G,s5000.01668@example.invalid,600-001-668,2026-12-16,activo,"Sede sintética",999999
S5000-01669,Nuria,"Pérez Núñez",60001669M,s5000.01669@example.invalid,"+34 600001669",2026-01-17,activo,"Sede sintética",999999
S5000-01670,Raúl,"Martín Sáez",60001670Y,s5000.01670@example.invalid,600-001-670,2026-02-18,activo,"Sede sintética",999999
S5000-01671,Sofía,"Gómez León",60001671F,s5000.01671@example.invalid,"+34 600001671",2026-03-19,activo,"Sede sintética",999999
S5000-01672,Álvaro,"Muñoz García",60001672P,s5000.01672@example.invalid,600-001-672,2026-04-20,inactivo,"Sede sintética",999999
S5000-01673,Lucía,"Pérez Núñez",60001673D,s5000.01673@example.invalid,"+34 600001673",2026-05-21,activo,"Sede sintética",999999
S5000-01674,Iñigo,"Martín Sáez",60001674X,s5000.01674@example.invalid,600-001-674,2026-06-22,activo,"Sede sintética",999999
S5000-01675,"María José","Gómez León",60001675B,s5000.01675@example.invalid,"+34 600001675",2026-07-23,activo,"Sede sintética",999999
S5000-01676,Óscar,"Muñoz García",60001676N,s5000.01676@example.invalid,600-001-676,2026-08-24,activo,"Sede sintética",999999
S5000-01677,Nuria,"Pérez Núñez",60001677J,s5000.01677@example.invalid,"+34 600001677",2026-09-25,activo,"Sede sintética",999999
S5000-01678,Raúl,"Martín Sáez",60001678Z,s5000.01678@example.invalid,600-001-678,2026-10-26,activo,"Sede sintética",999999
S5000-01679,Sofía,"Gómez León",60001679S,s5000.01679@example.invalid,"+34 600001679",2026-11-27,activo,"Sede sintética",999999
S5000-01680,Álvaro,"Muñoz García",60001680Q,s5000.01680@example.invalid,600-001-680,2026-12-28,activo,"Sede sintética",999999
S5000-01681,Lucía,"Pérez Núñez",60001681V,s5000.01681@example.invalid,"+34 600001681",2026-01-01,activo,"Sede sintética",999999
S5000-01682,Iñigo,"Martín Sáez",60001682H,s5000.01682@example.invalid,600-001-682,2026-02-02,activo,"Sede sintética",999999
S5000-01683,"María José","Gómez León",60001683L,s5000.01683@example.invalid,"+34 600001683",2026-03-03,inactivo,"Sede sintética",999999
S5000-01684,Óscar,"Muñoz García",60001684C,s5000.01684@example.invalid,600-001-684,2026-04-04,activo,"Sede sintética",999999
S5000-01685,Nuria,"Pérez Núñez",60001685K,s5000.01685@example.invalid,"+34 600001685",2026-05-05,activo,"Sede sintética",999999
S5000-01686,Raúl,"Martín Sáez",60001686E,s5000.01686@example.invalid,600-001-686,2026-06-06,activo,"Sede sintética",999999
S5000-01687,Sofía,"Gómez León",60001687T,s5000.01687@example.invalid,"+34 600001687",2026-07-07,activo,"Sede sintética",999999
S5000-01688,Álvaro,"Muñoz García",60001688R,s5000.01688@example.invalid,600-001-688,2026-08-08,activo,"Sede sintética",999999
S5000-01689,Lucía,"Pérez Núñez",60001689W,s5000.01689@example.invalid,"+34 600001689",2026-09-09,activo,"Sede sintética",999999
S5000-01690,Iñigo,"Martín Sáez",60001690A,s5000.01690@example.invalid,600-001-690,2026-10-10,activo,"Sede sintética",999999
S5000-01691,"María José","Gómez León",60001691G,s5000.01691@example.invalid,"+34 600001691",2026-11-11,activo,"Sede sintética",999999
S5000-01692,Óscar,"Muñoz García",60001692M,s5000.01692@example.invalid,600-001-692,2026-12-12,activo,"Sede sintética",999999
S5000-01693,Nuria,"Pérez Núñez",60001693Y,s5000.01693@example.invalid,"+34 600001693",2026-01-13,activo,"Sede sintética",999999
S5000-01694,Raúl,"Martín Sáez",60001694F,s5000.01694@example.invalid,600-001-694,2026-02-14,inactivo,"Sede sintética",999999
S5000-01695,Sofía,"Gómez León",60001695P,s5000.01695@example.invalid,"+34 600001695",2026-03-15,activo,"Sede sintética",999999
S5000-01696,Álvaro,"Muñoz García",60001696D,s5000.01696@example.invalid,600-001-696,2026-04-16,activo,"Sede sintética",999999
S5000-01697,Lucía,"Pérez Núñez",60001697X,s5000.01697@example.invalid,"+34 600001697",2026-05-17,activo,"Sede sintética",999999
S5000-01698,Iñigo,"Martín Sáez",60001698B,s5000.01698@example.invalid,600-001-698,2026-06-18,activo,"Sede sintética",999999
S5000-01699,"María José","Gómez León",60001699N,s5000.01699@example.invalid,"+34 600001699",2026-07-19,activo,"Sede sintética",999999
S5000-01700,Óscar,"Muñoz García",60001700J,s5000.01700@example.invalid,600-001-700,2026-08-20,activo,"Sede sintética",999999
S5000-01701,Nuria,"Pérez Núñez",60001701Z,s5000.01701@example.invalid,"+34 600001701",2026-09-21,activo,"Sede sintética",999999
S5000-01702,Raúl,"Martín Sáez",60001702S,s5000.01702@example.invalid,600-001-702,2026-10-22,activo,"Sede sintética",999999
S5000-01703,Sofía,"Gómez León",60001703Q,s5000.01703@example.invalid,"+34 600001703",2026-11-23,activo,"Sede sintética",999999
S5000-01704,Álvaro,"Muñoz García",60001704V,s5000.01704@example.invalid,600-001-704,2026-12-24,activo,"Sede sintética",999999
S5000-01705,Lucía,"Pérez Núñez",60001705H,s5000.01705@example.invalid,"+34 600001705",2026-01-25,inactivo,"Sede sintética",999999
S5000-01706,Iñigo,"Martín Sáez",60001706L,s5000.01706@example.invalid,600-001-706,2026-02-26,activo,"Sede sintética",999999
S5000-01707,"María José","Gómez León",60001707C,s5000.01707@example.invalid,"+34 600001707",2026-03-27,activo,"Sede sintética",999999
S5000-01708,Óscar,"Muñoz García",60001708K,s5000.01708@example.invalid,600-001-708,2026-04-28,activo,"Sede sintética",999999
S5000-01709,Nuria,"Pérez Núñez",60001709E,s5000.01709@example.invalid,"+34 600001709",2026-05-01,activo,"Sede sintética",999999
S5000-01710,Raúl,"Martín Sáez",60001710T,s5000.01710@example.invalid,600-001-710,2026-06-02,activo,"Sede sintética",999999
S5000-01711,Sofía,"Gómez León",60001711R,s5000.01711@example.invalid,"+34 600001711",2026-07-03,activo,"Sede sintética",999999
S5000-01712,Álvaro,"Muñoz García",60001712W,s5000.01712@example.invalid,600-001-712,2026-08-04,activo,"Sede sintética",999999
S5000-01713,Lucía,"Pérez Núñez",60001713A,s5000.01713@example.invalid,"+34 600001713",2026-09-05,activo,"Sede sintética",999999
S5000-01714,Iñigo,"Martín Sáez",60001714G,s5000.01714@example.invalid,600-001-714,2026-10-06,activo,"Sede sintética",999999
S5000-01715,"María José","Gómez León",60001715M,s5000.01715@example.invalid,"+34 600001715",2026-11-07,activo,"Sede sintética",999999
S5000-01716,Óscar,"Muñoz García",60001716Y,s5000.01716@example.invalid,600-001-716,2026-12-08,inactivo,"Sede sintética",999999
S5000-01717,Nuria,"Pérez Núñez",60001717F,s5000.01717@example.invalid,"+34 600001717",2026-01-09,activo,"Sede sintética",999999
S5000-01718,Raúl,"Martín Sáez",60001718P,s5000.01718@example.invalid,600-001-718,2026-02-10,activo,"Sede sintética",999999
S5000-01719,Sofía,"Gómez León",60001719D,s5000.01719@example.invalid,"+34 600001719",2026-03-11,activo,"Sede sintética",999999
S5000-01720,Álvaro,"Muñoz García",60001720X,s5000.01720@example.invalid,600-001-720,2026-04-12,activo,"Sede sintética",999999
S5000-01721,Lucía,"Pérez Núñez",60001721B,s5000.01721@example.invalid,"+34 600001721",2026-05-13,activo,"Sede sintética",999999
S5000-01722,Iñigo,"Martín Sáez",60001722N,s5000.01722@example.invalid,600-001-722,2026-06-14,activo,"Sede sintética",999999
S5000-01723,"María José","Gómez León",60001723J,s5000.01723@example.invalid,"+34 600001723",2026-07-15,activo,"Sede sintética",999999
S5000-01724,Óscar,"Muñoz García",60001724Z,s5000.01724@example.invalid,600-001-724,2026-08-16,activo,"Sede sintética",999999
S5000-01725,Nuria,"Pérez Núñez",60001725S,s5000.01725@example.invalid,"+34 600001725",2026-09-17,activo,"Sede sintética",999999
S5000-01726,Raúl,"Martín Sáez",60001726Q,s5000.01726@example.invalid,600-001-726,2026-10-18,activo,"Sede sintética",999999
S5000-01727,Sofía,"Gómez León",60001727V,s5000.01727@example.invalid,"+34 600001727",2026-11-19,inactivo,"Sede sintética",999999
S5000-01728,Álvaro,"Muñoz García",60001728H,s5000.01728@example.invalid,600-001-728,2026-12-20,activo,"Sede sintética",999999
S5000-01729,Lucía,"Pérez Núñez",60001729L,s5000.01729@example.invalid,"+34 600001729",2026-01-21,activo,"Sede sintética",999999
S5000-01730,Iñigo,"Martín Sáez",60001730C,s5000.01730@example.invalid,600-001-730,2026-02-22,activo,"Sede sintética",999999
S5000-01731,"María José","Gómez León",60001731K,s5000.01731@example.invalid,"+34 600001731",2026-03-23,activo,"Sede sintética",999999
S5000-01732,Óscar,"Muñoz García",60001732E,s5000.01732@example.invalid,600-001-732,2026-04-24,activo,"Sede sintética",999999
S5000-01733,Nuria,"Pérez Núñez",60001733T,s5000.01733@example.invalid,"+34 600001733",2026-05-25,activo,"Sede sintética",999999
S5000-01734,Raúl,"Martín Sáez",60001734R,s5000.01734@example.invalid,600-001-734,2026-06-26,activo,"Sede sintética",999999
S5000-01735,Sofía,"Gómez León",60001735W,s5000.01735@example.invalid,"+34 600001735",2026-07-27,activo,"Sede sintética",999999
S5000-01736,Álvaro,"Muñoz García",60001736A,s5000.01736@example.invalid,600-001-736,2026-08-28,activo,"Sede sintética",999999
S5000-01737,Lucía,"Pérez Núñez",60001737G,s5000.01737@example.invalid,"+34 600001737",2026-09-01,activo,"Sede sintética",999999
S5000-01738,Iñigo,"Martín Sáez",60001738M,s5000.01738@example.invalid,600-001-738,2026-10-02,inactivo,"Sede sintética",999999
S5000-01739,"María José","Gómez León",60001739Y,s5000.01739@example.invalid,"+34 600001739",2026-11-03,activo,"Sede sintética",999999
S5000-01740,Óscar,"Muñoz García",60001740F,s5000.01740@example.invalid,600-001-740,2026-12-04,activo,"Sede sintética",999999
S5000-01741,Nuria,"Pérez Núñez",60001741P,s5000.01741@example.invalid,"+34 600001741",2026-01-05,activo,"Sede sintética",999999
S5000-01742,Raúl,"Martín Sáez",60001742D,s5000.01742@example.invalid,600-001-742,2026-02-06,activo,"Sede sintética",999999
S5000-01743,Sofía,"Gómez León",60001743X,s5000.01743@example.invalid,"+34 600001743",2026-03-07,activo,"Sede sintética",999999
S5000-01744,Álvaro,"Muñoz García",60001744B,s5000.01744@example.invalid,600-001-744,2026-04-08,activo,"Sede sintética",999999
S5000-01745,Lucía,"Pérez Núñez",60001745N,s5000.01745@example.invalid,"+34 600001745",2026-05-09,activo,"Sede sintética",999999
S5000-01746,Iñigo,"Martín Sáez",60001746J,s5000.01746@example.invalid,600-001-746,2026-06-10,activo,"Sede sintética",999999
S5000-01747,"María José","Gómez León",60001747Z,s5000.01747@example.invalid,"+34 600001747",2026-07-11,activo,"Sede sintética",999999
S5000-01748,Óscar,"Muñoz García",60001748S,s5000.01748@example.invalid,600-001-748,2026-08-12,activo,"Sede sintética",999999
S5000-01749,Nuria,"Pérez Núñez",60001749Q,s5000.01749@example.invalid,"+34 600001749",2026-09-13,inactivo,"Sede sintética",999999
S5000-01750,Raúl,"Martín Sáez",60001750V,s5000.01750@example.invalid,600-001-750,2026-10-14,activo,"Sede sintética",999999
S5000-01751,Sofía,"Gómez León",60001751H,s5000.01751@example.invalid,"+34 600001751",2026-11-15,activo,"Sede sintética",999999
S5000-01752,Álvaro,"Muñoz García",60001752L,s5000.01752@example.invalid,600-001-752,2026-12-16,activo,"Sede sintética",999999
S5000-01753,Lucía,"Pérez Núñez",60001753C,s5000.01753@example.invalid,"+34 600001753",2026-01-17,activo,"Sede sintética",999999
S5000-01754,Iñigo,"Martín Sáez",60001754K,s5000.01754@example.invalid,600-001-754,2026-02-18,activo,"Sede sintética",999999
S5000-01755,"María José","Gómez León",60001755E,s5000.01755@example.invalid,"+34 600001755",2026-03-19,activo,"Sede sintética",999999
S5000-01756,Óscar,"Muñoz García",60001756T,s5000.01756@example.invalid,600-001-756,2026-04-20,activo,"Sede sintética",999999
S5000-01757,Nuria,"Pérez Núñez",60001757R,s5000.01757@example.invalid,"+34 600001757",2026-05-21,activo,"Sede sintética",999999
S5000-01758,Raúl,"Martín Sáez",60001758W,s5000.01758@example.invalid,600-001-758,2026-06-22,activo,"Sede sintética",999999
S5000-01759,Sofía,"Gómez León",60001759A,s5000.01759@example.invalid,"+34 600001759",2026-07-23,activo,"Sede sintética",999999
S5000-01760,Álvaro,"Muñoz García",60001760G,s5000.01760@example.invalid,600-001-760,2026-08-24,inactivo,"Sede sintética",999999
S5000-01761,Lucía,"Pérez Núñez",60001761M,s5000.01761@example.invalid,"+34 600001761",2026-09-25,activo,"Sede sintética",999999
S5000-01762,Iñigo,"Martín Sáez",60001762Y,s5000.01762@example.invalid,600-001-762,2026-10-26,activo,"Sede sintética",999999
S5000-01763,"María José","Gómez León",60001763F,s5000.01763@example.invalid,"+34 600001763",2026-11-27,activo,"Sede sintética",999999
S5000-01764,Óscar,"Muñoz García",60001764P,s5000.01764@example.invalid,600-001-764,2026-12-28,activo,"Sede sintética",999999
S5000-01765,Nuria,"Pérez Núñez",60001765D,s5000.01765@example.invalid,"+34 600001765",2026-01-01,activo,"Sede sintética",999999
S5000-01766,Raúl,"Martín Sáez",60001766X,s5000.01766@example.invalid,600-001-766,2026-02-02,activo,"Sede sintética",999999
S5000-01767,Sofía,"Gómez León",60001767B,s5000.01767@example.invalid,"+34 600001767",2026-03-03,activo,"Sede sintética",999999
S5000-01768,Álvaro,"Muñoz García",60001768N,s5000.01768@example.invalid,600-001-768,2026-04-04,activo,"Sede sintética",999999
S5000-01769,Lucía,"Pérez Núñez",60001769J,s5000.01769@example.invalid,"+34 600001769",2026-05-05,activo,"Sede sintética",999999
S5000-01770,Iñigo,"Martín Sáez",60001770Z,s5000.01770@example.invalid,600-001-770,2026-06-06,activo,"Sede sintética",999999
S5000-01771,"María José","Gómez León",60001771S,s5000.01771@example.invalid,"+34 600001771",2026-07-07,inactivo,"Sede sintética",999999
S5000-01772,Óscar,"Muñoz García",60001772Q,s5000.01772@example.invalid,600-001-772,2026-08-08,activo,"Sede sintética",999999
S5000-01773,Nuria,"Pérez Núñez",60001773V,s5000.01773@example.invalid,"+34 600001773",2026-09-09,activo,"Sede sintética",999999
S5000-01774,Raúl,"Martín Sáez",60001774H,s5000.01774@example.invalid,600-001-774,2026-10-10,activo,"Sede sintética",999999
S5000-01775,Sofía,"Gómez León",60001775L,s5000.01775@example.invalid,"+34 600001775",2026-11-11,activo,"Sede sintética",999999
S5000-01776,Álvaro,"Muñoz García",60001776C,s5000.01776@example.invalid,600-001-776,2026-12-12,activo,"Sede sintética",999999
S5000-01777,Lucía,"Pérez Núñez",60001777K,s5000.01777@example.invalid,"+34 600001777",2026-01-13,activo,"Sede sintética",999999
S5000-01778,Iñigo,"Martín Sáez",60001778E,s5000.01778@example.invalid,600-001-778,2026-02-14,activo,"Sede sintética",999999
S5000-01779,"María José","Gómez León",60001779T,s5000.01779@example.invalid,"+34 600001779",2026-03-15,activo,"Sede sintética",999999
S5000-01780,Óscar,"Muñoz García",60001780R,s5000.01780@example.invalid,600-001-780,2026-04-16,activo,"Sede sintética",999999
S5000-01781,Nuria,"Pérez Núñez",60001781W,s5000.01781@example.invalid,"+34 600001781",2026-05-17,activo,"Sede sintética",999999
S5000-01782,Raúl,"Martín Sáez",60001782A,s5000.01782@example.invalid,600-001-782,2026-06-18,inactivo,"Sede sintética",999999
S5000-01783,Sofía,"Gómez León",60001783G,s5000.01783@example.invalid,"+34 600001783",2026-07-19,activo,"Sede sintética",999999
S5000-01784,Álvaro,"Muñoz García",60001784M,s5000.01784@example.invalid,600-001-784,2026-08-20,activo,"Sede sintética",999999
S5000-01785,Lucía,"Pérez Núñez",60001785Y,s5000.01785@example.invalid,"+34 600001785",2026-09-21,activo,"Sede sintética",999999
S5000-01786,Iñigo,"Martín Sáez",60001786F,s5000.01786@example.invalid,600-001-786,2026-10-22,activo,"Sede sintética",999999
S5000-01787,"María José","Gómez León",60001787P,s5000.01787@example.invalid,"+34 600001787",2026-11-23,activo,"Sede sintética",999999
S5000-01788,Óscar,"Muñoz García",60001788D,s5000.01788@example.invalid,600-001-788,2026-12-24,activo,"Sede sintética",999999
S5000-01789,Nuria,"Pérez Núñez",60001789X,s5000.01789@example.invalid,"+34 600001789",2026-01-25,activo,"Sede sintética",999999
S5000-01790,Raúl,"Martín Sáez",60001790B,s5000.01790@example.invalid,600-001-790,2026-02-26,activo,"Sede sintética",999999
S5000-01791,Sofía,"Gómez León",60001791N,s5000.01791@example.invalid,"+34 600001791",2026-03-27,activo,"Sede sintética",999999
S5000-01792,Álvaro,"Muñoz García",60001792J,s5000.01792@example.invalid,600-001-792,2026-04-28,activo,"Sede sintética",999999
S5000-01793,Lucía,"Pérez Núñez",60001793Z,s5000.01793@example.invalid,"+34 600001793",2026-05-01,inactivo,"Sede sintética",999999
S5000-01794,Iñigo,"Martín Sáez",60001794S,s5000.01794@example.invalid,600-001-794,2026-06-02,activo,"Sede sintética",999999
S5000-01795,"María José","Gómez León",60001795Q,s5000.01795@example.invalid,"+34 600001795",2026-07-03,activo,"Sede sintética",999999
S5000-01796,Óscar,"Muñoz García",60001796V,s5000.01796@example.invalid,600-001-796,2026-08-04,activo,"Sede sintética",999999
S5000-01797,Nuria,"Pérez Núñez",60001797H,s5000.01797@example.invalid,"+34 600001797",2026-09-05,activo,"Sede sintética",999999
S5000-01798,Raúl,"Martín Sáez",60001798L,s5000.01798@example.invalid,600-001-798,2026-10-06,activo,"Sede sintética",999999
S5000-01799,Sofía,"Gómez León",60001799C,s5000.01799@example.invalid,"+34 600001799",2026-11-07,activo,"Sede sintética",999999
S5000-01800,Álvaro,"Muñoz García",60001800K,s5000.01800@example.invalid,600-001-800,2026-12-08,activo,"Sede sintética",999999
S5000-01801,Lucía,"Pérez Núñez",60001801E,s5000.01801@example.invalid,"+34 600001801",2026-01-09,activo,"Sede sintética",999999
S5000-01802,Iñigo,"Martín Sáez",60001802T,s5000.01802@example.invalid,600-001-802,2026-02-10,activo,"Sede sintética",999999
S5000-01803,"María José","Gómez León",60001803R,s5000.01803@example.invalid,"+34 600001803",2026-03-11,activo,"Sede sintética",999999
S5000-01804,Óscar,"Muñoz García",60001804W,s5000.01804@example.invalid,600-001-804,2026-04-12,inactivo,"Sede sintética",999999
S5000-01805,Nuria,"Pérez Núñez",60001805A,s5000.01805@example.invalid,"+34 600001805",2026-05-13,activo,"Sede sintética",999999
S5000-01806,Raúl,"Martín Sáez",60001806G,s5000.01806@example.invalid,600-001-806,2026-06-14,activo,"Sede sintética",999999
S5000-01807,Sofía,"Gómez León",60001807M,s5000.01807@example.invalid,"+34 600001807",2026-07-15,activo,"Sede sintética",999999
S5000-01808,Álvaro,"Muñoz García",60001808Y,s5000.01808@example.invalid,600-001-808,2026-08-16,activo,"Sede sintética",999999
S5000-01809,Lucía,"Pérez Núñez",60001809F,s5000.01809@example.invalid,"+34 600001809",2026-09-17,activo,"Sede sintética",999999
S5000-01810,Iñigo,"Martín Sáez",60001810P,s5000.01810@example.invalid,600-001-810,2026-10-18,activo,"Sede sintética",999999
S5000-01811,"María José","Gómez León",60001811D,s5000.01811@example.invalid,"+34 600001811",2026-11-19,activo,"Sede sintética",999999
S5000-01812,Óscar,"Muñoz García",60001812X,s5000.01812@example.invalid,600-001-812,2026-12-20,activo,"Sede sintética",999999
S5000-01813,Nuria,"Pérez Núñez",60001813B,s5000.01813@example.invalid,"+34 600001813",2026-01-21,activo,"Sede sintética",999999
S5000-01814,Raúl,"Martín Sáez",60001814N,s5000.01814@example.invalid,600-001-814,2026-02-22,activo,"Sede sintética",999999
S5000-01815,Sofía,"Gómez León",60001815J,s5000.01815@example.invalid,"+34 600001815",2026-03-23,inactivo,"Sede sintética",999999
S5000-01816,Álvaro,"Muñoz García",60001816Z,s5000.01816@example.invalid,600-001-816,2026-04-24,activo,"Sede sintética",999999
S5000-01817,Lucía,"Pérez Núñez",60001817S,s5000.01817@example.invalid,"+34 600001817",2026-05-25,activo,"Sede sintética",999999
S5000-01818,Iñigo,"Martín Sáez",60001818Q,s5000.01818@example.invalid,600-001-818,2026-06-26,activo,"Sede sintética",999999
S5000-01819,"María José","Gómez León",60001819V,s5000.01819@example.invalid,"+34 600001819",2026-07-27,activo,"Sede sintética",999999
S5000-01820,Óscar,"Muñoz García",60001820H,s5000.01820@example.invalid,600-001-820,2026-08-28,activo,"Sede sintética",999999
S5000-01821,Nuria,"Pérez Núñez",60001821L,s5000.01821@example.invalid,"+34 600001821",2026-09-01,activo,"Sede sintética",999999
S5000-01822,Raúl,"Martín Sáez",60001822C,s5000.01822@example.invalid,600-001-822,2026-10-02,activo,"Sede sintética",999999
S5000-01823,Sofía,"Gómez León",60001823K,s5000.01823@example.invalid,"+34 600001823",2026-11-03,activo,"Sede sintética",999999
S5000-01824,Álvaro,"Muñoz García",60001824E,s5000.01824@example.invalid,600-001-824,2026-12-04,activo,"Sede sintética",999999
S5000-01825,Lucía,"Pérez Núñez",60001825T,s5000.01825@example.invalid,"+34 600001825",2026-01-05,activo,"Sede sintética",999999
S5000-01826,Iñigo,"Martín Sáez",60001826R,s5000.01826@example.invalid,600-001-826,2026-02-06,inactivo,"Sede sintética",999999
S5000-01827,"María José","Gómez León",60001827W,s5000.01827@example.invalid,"+34 600001827",2026-03-07,activo,"Sede sintética",999999
S5000-01828,Óscar,"Muñoz García",60001828A,s5000.01828@example.invalid,600-001-828,2026-04-08,activo,"Sede sintética",999999
S5000-01829,Nuria,"Pérez Núñez",60001829G,s5000.01829@example.invalid,"+34 600001829",2026-05-09,activo,"Sede sintética",999999
S5000-01830,Raúl,"Martín Sáez",60001830M,s5000.01830@example.invalid,600-001-830,2026-06-10,activo,"Sede sintética",999999
S5000-01831,Sofía,"Gómez León",60001831Y,s5000.01831@example.invalid,"+34 600001831",2026-07-11,activo,"Sede sintética",999999
S5000-01832,Álvaro,"Muñoz García",60001832F,s5000.01832@example.invalid,600-001-832,2026-08-12,activo,"Sede sintética",999999
S5000-01833,Lucía,"Pérez Núñez",60001833P,s5000.01833@example.invalid,"+34 600001833",2026-09-13,activo,"Sede sintética",999999
S5000-01834,Iñigo,"Martín Sáez",60001834D,s5000.01834@example.invalid,600-001-834,2026-10-14,activo,"Sede sintética",999999
S5000-01835,"María José","Gómez León",60001835X,s5000.01835@example.invalid,"+34 600001835",2026-11-15,activo,"Sede sintética",999999
S5000-01836,Óscar,"Muñoz García",60001836B,s5000.01836@example.invalid,600-001-836,2026-12-16,activo,"Sede sintética",999999
S5000-01837,Nuria,"Pérez Núñez",60001837N,s5000.01837@example.invalid,"+34 600001837",2026-01-17,inactivo,"Sede sintética",999999
S5000-01838,Raúl,"Martín Sáez",60001838J,s5000.01838@example.invalid,600-001-838,2026-02-18,activo,"Sede sintética",999999
S5000-01839,Sofía,"Gómez León",60001839Z,s5000.01839@example.invalid,"+34 600001839",2026-03-19,activo,"Sede sintética",999999
S5000-01840,Álvaro,"Muñoz García",60001840S,s5000.01840@example.invalid,600-001-840,2026-04-20,activo,"Sede sintética",999999
S5000-01841,Lucía,"Pérez Núñez",60001841Q,s5000.01841@example.invalid,"+34 600001841",2026-05-21,activo,"Sede sintética",999999
S5000-01842,Iñigo,"Martín Sáez",60001842V,s5000.01842@example.invalid,600-001-842,2026-06-22,activo,"Sede sintética",999999
S5000-01843,"María José","Gómez León",60001843H,s5000.01843@example.invalid,"+34 600001843",2026-07-23,activo,"Sede sintética",999999
S5000-01844,Óscar,"Muñoz García",60001844L,s5000.01844@example.invalid,600-001-844,2026-08-24,activo,"Sede sintética",999999
S5000-01845,Nuria,"Pérez Núñez",60001845C,s5000.01845@example.invalid,"+34 600001845",2026-09-25,activo,"Sede sintética",999999
S5000-01846,Raúl,"Martín Sáez",60001846K,s5000.01846@example.invalid,600-001-846,2026-10-26,activo,"Sede sintética",999999
S5000-01847,Sofía,"Gómez León",60001847E,s5000.01847@example.invalid,"+34 600001847",2026-11-27,activo,"Sede sintética",999999
S5000-01848,Álvaro,"Muñoz García",60001848T,s5000.01848@example.invalid,600-001-848,2026-12-28,inactivo,"Sede sintética",999999
S5000-01849,Lucía,"Pérez Núñez",60001849R,s5000.01849@example.invalid,"+34 600001849",2026-01-01,activo,"Sede sintética",999999
S5000-01850,Iñigo,"Martín Sáez",60001850W,s5000.01850@example.invalid,600-001-850,2026-02-02,activo,"Sede sintética",999999
S5000-01851,"María José","Gómez León",60001851A,s5000.01851@example.invalid,"+34 600001851",2026-03-03,activo,"Sede sintética",999999
S5000-01852,Óscar,"Muñoz García",60001852G,s5000.01852@example.invalid,600-001-852,2026-04-04,activo,"Sede sintética",999999
S5000-01853,Nuria,"Pérez Núñez",60001853M,s5000.01853@example.invalid,"+34 600001853",2026-05-05,activo,"Sede sintética",999999
S5000-01854,Raúl,"Martín Sáez",60001854Y,s5000.01854@example.invalid,600-001-854,2026-06-06,activo,"Sede sintética",999999
S5000-01855,Sofía,"Gómez León",60001855F,s5000.01855@example.invalid,"+34 600001855",2026-07-07,activo,"Sede sintética",999999
S5000-01856,Álvaro,"Muñoz García",60001856P,s5000.01856@example.invalid,600-001-856,2026-08-08,activo,"Sede sintética",999999
S5000-01857,Lucía,"Pérez Núñez",60001857D,s5000.01857@example.invalid,"+34 600001857",2026-09-09,activo,"Sede sintética",999999
S5000-01858,Iñigo,"Martín Sáez",60001858X,s5000.01858@example.invalid,600-001-858,2026-10-10,activo,"Sede sintética",999999
S5000-01859,"María José","Gómez León",60001859B,s5000.01859@example.invalid,"+34 600001859",2026-11-11,inactivo,"Sede sintética",999999
S5000-01860,Óscar,"Muñoz García",60001860N,s5000.01860@example.invalid,600-001-860,2026-12-12,activo,"Sede sintética",999999
S5000-01861,Nuria,"Pérez Núñez",60001861J,s5000.01861@example.invalid,"+34 600001861",2026-01-13,activo,"Sede sintética",999999
S5000-01862,Raúl,"Martín Sáez",60001862Z,s5000.01862@example.invalid,600-001-862,2026-02-14,activo,"Sede sintética",999999
S5000-01863,Sofía,"Gómez León",60001863S,s5000.01863@example.invalid,"+34 600001863",2026-03-15,activo,"Sede sintética",999999
S5000-01864,Álvaro,"Muñoz García",60001864Q,s5000.01864@example.invalid,600-001-864,2026-04-16,activo,"Sede sintética",999999
S5000-01865,Lucía,"Pérez Núñez",60001865V,s5000.01865@example.invalid,"+34 600001865",2026-05-17,activo,"Sede sintética",999999
S5000-01866,Iñigo,"Martín Sáez",60001866H,s5000.01866@example.invalid,600-001-866,2026-06-18,activo,"Sede sintética",999999
S5000-01867,"María José","Gómez León",60001867L,s5000.01867@example.invalid,"+34 600001867",2026-07-19,activo,"Sede sintética",999999
S5000-01868,Óscar,"Muñoz García",60001868C,s5000.01868@example.invalid,600-001-868,2026-08-20,activo,"Sede sintética",999999
S5000-01869,Nuria,"Pérez Núñez",60001869K,s5000.01869@example.invalid,"+34 600001869",2026-09-21,activo,"Sede sintética",999999
S5000-01870,Raúl,"Martín Sáez",60001870E,s5000.01870@example.invalid,600-001-870,2026-10-22,inactivo,"Sede sintética",999999
S5000-01871,Sofía,"Gómez León",60001871T,s5000.01871@example.invalid,"+34 600001871",2026-11-23,activo,"Sede sintética",999999
S5000-01872,Álvaro,"Muñoz García",60001872R,s5000.01872@example.invalid,600-001-872,2026-12-24,activo,"Sede sintética",999999
S5000-01873,Lucía,"Pérez Núñez",60001873W,s5000.01873@example.invalid,"+34 600001873",2026-01-25,activo,"Sede sintética",999999
S5000-01874,Iñigo,"Martín Sáez",60001874A,s5000.01874@example.invalid,600-001-874,2026-02-26,activo,"Sede sintética",999999
S5000-01875,"María José","Gómez León",60001875G,s5000.01875@example.invalid,"+34 600001875",2026-03-27,activo,"Sede sintética",999999
S5000-01876,Óscar,"Muñoz García",60001876M,s5000.01876@example.invalid,600-001-876,2026-04-28,activo,"Sede sintética",999999
S5000-01877,Nuria,"Pérez Núñez",60001877Y,s5000.01877@example.invalid,"+34 600001877",2026-05-01,activo,"Sede sintética",999999
S5000-01878,Raúl,"Martín Sáez",60001878F,s5000.01878@example.invalid,600-001-878,2026-06-02,activo,"Sede sintética",999999
S5000-01879,Sofía,"Gómez León",60001879P,s5000.01879@example.invalid,"+34 600001879",2026-07-03,activo,"Sede sintética",999999
S5000-01880,Álvaro,"Muñoz García",60001880D,s5000.01880@example.invalid,600-001-880,2026-08-04,activo,"Sede sintética",999999
S5000-01881,Lucía,"Pérez Núñez",60001881X,s5000.01881@example.invalid,"+34 600001881",2026-09-05,inactivo,"Sede sintética",999999
S5000-01882,Iñigo,"Martín Sáez",60001882B,s5000.01882@example.invalid,600-001-882,2026-10-06,activo,"Sede sintética",999999
S5000-01883,"María José","Gómez León",60001883N,s5000.01883@example.invalid,"+34 600001883",2026-11-07,activo,"Sede sintética",999999
S5000-01884,Óscar,"Muñoz García",60001884J,s5000.01884@example.invalid,600-001-884,2026-12-08,activo,"Sede sintética",999999
S5000-01885,Nuria,"Pérez Núñez",60001885Z,s5000.01885@example.invalid,"+34 600001885",2026-01-09,activo,"Sede sintética",999999
S5000-01886,Raúl,"Martín Sáez",60001886S,s5000.01886@example.invalid,600-001-886,2026-02-10,activo,"Sede sintética",999999
S5000-01887,Sofía,"Gómez León",60001887Q,s5000.01887@example.invalid,"+34 600001887",2026-03-11,activo,"Sede sintética",999999
S5000-01888,Álvaro,"Muñoz García",60001888V,s5000.01888@example.invalid,600-001-888,2026-04-12,activo,"Sede sintética",999999
S5000-01889,Lucía,"Pérez Núñez",60001889H,s5000.01889@example.invalid,"+34 600001889",2026-05-13,activo,"Sede sintética",999999
S5000-01890,Iñigo,"Martín Sáez",60001890L,s5000.01890@example.invalid,600-001-890,2026-06-14,activo,"Sede sintética",999999
S5000-01891,"María José","Gómez León",60001891C,s5000.01891@example.invalid,"+34 600001891",2026-07-15,activo,"Sede sintética",999999
S5000-01892,Óscar,"Muñoz García",60001892K,s5000.01892@example.invalid,600-001-892,2026-08-16,inactivo,"Sede sintética",999999
S5000-01893,Nuria,"Pérez Núñez",60001893E,s5000.01893@example.invalid,"+34 600001893",2026-09-17,activo,"Sede sintética",999999
S5000-01894,Raúl,"Martín Sáez",60001894T,s5000.01894@example.invalid,600-001-894,2026-10-18,activo,"Sede sintética",999999
S5000-01895,Sofía,"Gómez León",60001895R,s5000.01895@example.invalid,"+34 600001895",2026-11-19,activo,"Sede sintética",999999
S5000-01896,Álvaro,"Muñoz García",60001896W,s5000.01896@example.invalid,600-001-896,2026-12-20,activo,"Sede sintética",999999
S5000-01897,Lucía,"Pérez Núñez",60001897A,s5000.01897@example.invalid,"+34 600001897",2026-01-21,activo,"Sede sintética",999999
S5000-01898,Iñigo,"Martín Sáez",60001898G,s5000.01898@example.invalid,600-001-898,2026-02-22,activo,"Sede sintética",999999
S5000-01899,"María José","Gómez León",60001899M,s5000.01899@example.invalid,"+34 600001899",2026-03-23,activo,"Sede sintética",999999
S5000-01900,Óscar,"Muñoz García",60001900Y,s5000.01900@example.invalid,600-001-900,2026-04-24,activo,"Sede sintética",999999
S5000-01901,Nuria,"Pérez Núñez",60001901F,s5000.01901@example.invalid,"+34 600001901",2026-05-25,activo,"Sede sintética",999999
S5000-01902,Raúl,"Martín Sáez",60001902P,s5000.01902@example.invalid,600-001-902,2026-06-26,activo,"Sede sintética",999999
S5000-01903,Sofía,"Gómez León",60001903D,s5000.01903@example.invalid,"+34 600001903",2026-07-27,inactivo,"Sede sintética",999999
S5000-01904,Álvaro,"Muñoz García",60001904X,s5000.01904@example.invalid,600-001-904,2026-08-28,activo,"Sede sintética",999999
S5000-01905,Lucía,"Pérez Núñez",60001905B,s5000.01905@example.invalid,"+34 600001905",2026-09-01,activo,"Sede sintética",999999
S5000-01906,Iñigo,"Martín Sáez",60001906N,s5000.01906@example.invalid,600-001-906,2026-10-02,activo,"Sede sintética",999999
S5000-01907,"María José","Gómez León",60001907J,s5000.01907@example.invalid,"+34 600001907",2026-11-03,activo,"Sede sintética",999999
S5000-01908,Óscar,"Muñoz García",60001908Z,s5000.01908@example.invalid,600-001-908,2026-12-04,activo,"Sede sintética",999999
S5000-01909,Nuria,"Pérez Núñez",60001909S,s5000.01909@example.invalid,"+34 600001909",2026-01-05,activo,"Sede sintética",999999
S5000-01910,Raúl,"Martín Sáez",60001910Q,s5000.01910@example.invalid,600-001-910,2026-02-06,activo,"Sede sintética",999999
S5000-01911,Sofía,"Gómez León",60001911V,s5000.01911@example.invalid,"+34 600001911",2026-03-07,activo,"Sede sintética",999999
S5000-01912,Álvaro,"Muñoz García",60001912H,s5000.01912@example.invalid,600-001-912,2026-04-08,activo,"Sede sintética",999999
S5000-01913,Lucía,"Pérez Núñez",60001913L,s5000.01913@example.invalid,"+34 600001913",2026-05-09,activo,"Sede sintética",999999
S5000-01914,Iñigo,"Martín Sáez",60001914C,s5000.01914@example.invalid,600-001-914,2026-06-10,inactivo,"Sede sintética",999999
S5000-01915,"María José","Gómez León",60001915K,s5000.01915@example.invalid,"+34 600001915",2026-07-11,activo,"Sede sintética",999999
S5000-01916,Óscar,"Muñoz García",60001916E,s5000.01916@example.invalid,600-001-916,2026-08-12,activo,"Sede sintética",999999
S5000-01917,Nuria,"Pérez Núñez",60001917T,s5000.01917@example.invalid,"+34 600001917",2026-09-13,activo,"Sede sintética",999999
S5000-01918,Raúl,"Martín Sáez",60001918R,s5000.01918@example.invalid,600-001-918,2026-10-14,activo,"Sede sintética",999999
S5000-01919,Sofía,"Gómez León",60001919W,s5000.01919@example.invalid,"+34 600001919",2026-11-15,activo,"Sede sintética",999999
S5000-01920,Álvaro,"Muñoz García",60001920A,s5000.01920@example.invalid,600-001-920,2026-12-16,activo,"Sede sintética",999999
S5000-01921,Lucía,"Pérez Núñez",60001921G,s5000.01921@example.invalid,"+34 600001921",2026-01-17,activo,"Sede sintética",999999
S5000-01922,Iñigo,"Martín Sáez",60001922M,s5000.01922@example.invalid,600-001-922,2026-02-18,activo,"Sede sintética",999999
S5000-01923,"María José","Gómez León",60001923Y,s5000.01923@example.invalid,"+34 600001923",2026-03-19,activo,"Sede sintética",999999
S5000-01924,Óscar,"Muñoz García",60001924F,s5000.01924@example.invalid,600-001-924,2026-04-20,activo,"Sede sintética",999999
S5000-01925,Nuria,"Pérez Núñez",60001925P,s5000.01925@example.invalid,"+34 600001925",2026-05-21,inactivo,"Sede sintética",999999
S5000-01926,Raúl,"Martín Sáez",60001926D,s5000.01926@example.invalid,600-001-926,2026-06-22,activo,"Sede sintética",999999
S5000-01927,Sofía,"Gómez León",60001927X,s5000.01927@example.invalid,"+34 600001927",2026-07-23,activo,"Sede sintética",999999
S5000-01928,Álvaro,"Muñoz García",60001928B,s5000.01928@example.invalid,600-001-928,2026-08-24,activo,"Sede sintética",999999
S5000-01929,Lucía,"Pérez Núñez",60001929N,s5000.01929@example.invalid,"+34 600001929",2026-09-25,activo,"Sede sintética",999999
S5000-01930,Iñigo,"Martín Sáez",60001930J,s5000.01930@example.invalid,600-001-930,2026-10-26,activo,"Sede sintética",999999
S5000-01931,"María José","Gómez León",60001931Z,s5000.01931@example.invalid,"+34 600001931",2026-11-27,activo,"Sede sintética",999999
S5000-01932,Óscar,"Muñoz García",60001932S,s5000.01932@example.invalid,600-001-932,2026-12-28,activo,"Sede sintética",999999
S5000-01933,Nuria,"Pérez Núñez",60001933Q,s5000.01933@example.invalid,"+34 600001933",2026-01-01,activo,"Sede sintética",999999
S5000-01934,Raúl,"Martín Sáez",60001934V,s5000.01934@example.invalid,600-001-934,2026-02-02,activo,"Sede sintética",999999
S5000-01935,Sofía,"Gómez León",60001935H,s5000.01935@example.invalid,"+34 600001935",2026-03-03,activo,"Sede sintética",999999
S5000-01936,Álvaro,"Muñoz García",60001936L,s5000.01936@example.invalid,600-001-936,2026-04-04,inactivo,"Sede sintética",999999
S5000-01937,Lucía,"Pérez Núñez",60001937C,s5000.01937@example.invalid,"+34 600001937",2026-05-05,activo,"Sede sintética",999999
S5000-01938,Iñigo,"Martín Sáez",60001938K,s5000.01938@example.invalid,600-001-938,2026-06-06,activo,"Sede sintética",999999
S5000-01939,"María José","Gómez León",60001939E,s5000.01939@example.invalid,"+34 600001939",2026-07-07,activo,"Sede sintética",999999
S5000-01940,Óscar,"Muñoz García",60001940T,s5000.01940@example.invalid,600-001-940,2026-08-08,activo,"Sede sintética",999999
S5000-01941,Nuria,"Pérez Núñez",60001941R,s5000.01941@example.invalid,"+34 600001941",2026-09-09,activo,"Sede sintética",999999
S5000-01942,Raúl,"Martín Sáez",60001942W,s5000.01942@example.invalid,600-001-942,2026-10-10,activo,"Sede sintética",999999
S5000-01943,Sofía,"Gómez León",60001943A,s5000.01943@example.invalid,"+34 600001943",2026-11-11,activo,"Sede sintética",999999
S5000-01944,Álvaro,"Muñoz García",60001944G,s5000.01944@example.invalid,600-001-944,2026-12-12,activo,"Sede sintética",999999
S5000-01945,Lucía,"Pérez Núñez",60001945M,s5000.01945@example.invalid,"+34 600001945",2026-01-13,activo,"Sede sintética",999999
S5000-01946,Iñigo,"Martín Sáez",60001946Y,s5000.01946@example.invalid,600-001-946,2026-02-14,activo,"Sede sintética",999999
S5000-01947,"María José","Gómez León",60001947F,s5000.01947@example.invalid,"+34 600001947",2026-03-15,inactivo,"Sede sintética",999999
S5000-01948,Óscar,"Muñoz García",60001948P,s5000.01948@example.invalid,600-001-948,2026-04-16,activo,"Sede sintética",999999
S5000-01949,Nuria,"Pérez Núñez",60001949D,s5000.01949@example.invalid,"+34 600001949",2026-05-17,activo,"Sede sintética",999999
S5000-01950,Raúl,"Martín Sáez",60001950X,s5000.01950@example.invalid,600-001-950,2026-06-18,activo,"Sede sintética",999999
S5000-01951,Sofía,"Gómez León",60001951B,s5000.01951@example.invalid,"+34 600001951",2026-07-19,activo,"Sede sintética",999999
S5000-01952,Álvaro,"Muñoz García",60001952N,s5000.01952@example.invalid,600-001-952,2026-08-20,activo,"Sede sintética",999999
S5000-01953,Lucía,"Pérez Núñez",60001953J,s5000.01953@example.invalid,"+34 600001953",2026-09-21,activo,"Sede sintética",999999
S5000-01954,Iñigo,"Martín Sáez",60001954Z,s5000.01954@example.invalid,600-001-954,2026-10-22,activo,"Sede sintética",999999
S5000-01955,"María José","Gómez León",60001955S,s5000.01955@example.invalid,"+34 600001955",2026-11-23,activo,"Sede sintética",999999
S5000-01956,Óscar,"Muñoz García",60001956Q,s5000.01956@example.invalid,600-001-956,2026-12-24,activo,"Sede sintética",999999
S5000-01957,Nuria,"Pérez Núñez",60001957V,s5000.01957@example.invalid,"+34 600001957",2026-01-25,activo,"Sede sintética",999999
S5000-01958,Raúl,"Martín Sáez",60001958H,s5000.01958@example.invalid,600-001-958,2026-02-26,inactivo,"Sede sintética",999999
S5000-01959,Sofía,"Gómez León",60001959L,s5000.01959@example.invalid,"+34 600001959",2026-03-27,activo,"Sede sintética",999999
S5000-01960,Álvaro,"Muñoz García",60001960C,s5000.01960@example.invalid,600-001-960,2026-04-28,activo,"Sede sintética",999999
S5000-01961,Lucía,"Pérez Núñez",60001961K,s5000.01961@example.invalid,"+34 600001961",2026-05-01,activo,"Sede sintética",999999
S5000-01962,Iñigo,"Martín Sáez",60001962E,s5000.01962@example.invalid,600-001-962,2026-06-02,activo,"Sede sintética",999999
S5000-01963,"María José","Gómez León",60001963T,s5000.01963@example.invalid,"+34 600001963",2026-07-03,activo,"Sede sintética",999999
S5000-01964,Óscar,"Muñoz García",60001964R,s5000.01964@example.invalid,600-001-964,2026-08-04,activo,"Sede sintética",999999
S5000-01965,Nuria,"Pérez Núñez",60001965W,s5000.01965@example.invalid,"+34 600001965",2026-09-05,activo,"Sede sintética",999999
S5000-01966,Raúl,"Martín Sáez",60001966A,s5000.01966@example.invalid,600-001-966,2026-10-06,activo,"Sede sintética",999999
S5000-01967,Sofía,"Gómez León",60001967G,s5000.01967@example.invalid,"+34 600001967",2026-11-07,activo,"Sede sintética",999999
S5000-01968,Álvaro,"Muñoz García",60001968M,s5000.01968@example.invalid,600-001-968,2026-12-08,activo,"Sede sintética",999999
S5000-01969,Lucía,"Pérez Núñez",60001969Y,s5000.01969@example.invalid,"+34 600001969",2026-01-09,inactivo,"Sede sintética",999999
S5000-01970,Iñigo,"Martín Sáez",60001970F,s5000.01970@example.invalid,600-001-970,2026-02-10,activo,"Sede sintética",999999
S5000-01971,"María José","Gómez León",60001971P,s5000.01971@example.invalid,"+34 600001971",2026-03-11,activo,"Sede sintética",999999
S5000-01972,Óscar,"Muñoz García",60001972D,s5000.01972@example.invalid,600-001-972,2026-04-12,activo,"Sede sintética",999999
S5000-01973,Nuria,"Pérez Núñez",60001973X,s5000.01973@example.invalid,"+34 600001973",2026-05-13,activo,"Sede sintética",999999
S5000-01974,Raúl,"Martín Sáez",60001974B,s5000.01974@example.invalid,600-001-974,2026-06-14,activo,"Sede sintética",999999
S5000-01975,Sofía,"Gómez León",60001975N,s5000.01975@example.invalid,"+34 600001975",2026-07-15,activo,"Sede sintética",999999
S5000-01976,Álvaro,"Muñoz García",60001976J,s5000.01976@example.invalid,600-001-976,2026-08-16,activo,"Sede sintética",999999
S5000-01977,Lucía,"Pérez Núñez",60001977Z,s5000.01977@example.invalid,"+34 600001977",2026-09-17,activo,"Sede sintética",999999
S5000-01978,Iñigo,"Martín Sáez",60001978S,s5000.01978@example.invalid,600-001-978,2026-10-18,activo,"Sede sintética",999999
S5000-01979,"María José","Gómez León",60001979Q,s5000.01979@example.invalid,"+34 600001979",2026-11-19,activo,"Sede sintética",999999
S5000-01980,Óscar,"Muñoz García",60001980V,s5000.01980@example.invalid,600-001-980,2026-12-20,inactivo,"Sede sintética",999999
S5000-01981,Nuria,"Pérez Núñez",60001981H,s5000.01981@example.invalid,"+34 600001981",2026-01-21,activo,"Sede sintética",999999
S5000-01982,Raúl,"Martín Sáez",60001982L,s5000.01982@example.invalid,600-001-982,2026-02-22,activo,"Sede sintética",999999
S5000-01983,Sofía,"Gómez León",60001983C,s5000.01983@example.invalid,"+34 600001983",2026-03-23,activo,"Sede sintética",999999
S5000-01984,Álvaro,"Muñoz García",60001984K,s5000.01984@example.invalid,600-001-984,2026-04-24,activo,"Sede sintética",999999
S5000-01985,Lucía,"Pérez Núñez",60001985E,s5000.01985@example.invalid,"+34 600001985",2026-05-25,activo,"Sede sintética",999999
S5000-01986,Iñigo,"Martín Sáez",60001986T,s5000.01986@example.invalid,600-001-986,2026-06-26,activo,"Sede sintética",999999
S5000-01987,"María José","Gómez León",60001987R,s5000.01987@example.invalid,"+34 600001987",2026-07-27,activo,"Sede sintética",999999
S5000-01988,Óscar,"Muñoz García",60001988W,s5000.01988@example.invalid,600-001-988,2026-08-28,activo,"Sede sintética",999999
S5000-01989,Nuria,"Pérez Núñez",60001989A,s5000.01989@example.invalid,"+34 600001989",2026-09-01,activo,"Sede sintética",999999
S5000-01990,Raúl,"Martín Sáez",60001990G,s5000.01990@example.invalid,600-001-990,2026-10-02,activo,"Sede sintética",999999
S5000-01991,Sofía,"Gómez León",60001991M,s5000.01991@example.invalid,"+34 600001991",2026-11-03,inactivo,"Sede sintética",999999
S5000-01992,Álvaro,"Muñoz García",60001992Y,s5000.01992@example.invalid,600-001-992,2026-12-04,activo,"Sede sintética",999999
S5000-01993,Lucía,"Pérez Núñez",60001993F,s5000.01993@example.invalid,"+34 600001993",2026-01-05,activo,"Sede sintética",999999
S5000-01994,Iñigo,"Martín Sáez",60001994P,s5000.01994@example.invalid,600-001-994,2026-02-06,activo,"Sede sintética",999999
S5000-01995,"María José","Gómez León",60001995D,s5000.01995@example.invalid,"+34 600001995",2026-03-07,activo,"Sede sintética",999999
S5000-01996,Óscar,"Muñoz García",60001996X,s5000.01996@example.invalid,600-001-996,2026-04-08,activo,"Sede sintética",999999
S5000-01997,Nuria,"Pérez Núñez",60001997B,s5000.01997@example.invalid,"+34 600001997",2026-05-09,activo,"Sede sintética",999999
S5000-01998,Raúl,"Martín Sáez",60001998N,s5000.01998@example.invalid,600-001-998,2026-06-10,activo,"Sede sintética",999999
S5000-01999,Sofía,"Gómez León",60001999J,s5000.01999@example.invalid,"+34 600001999",2026-07-11,activo,"Sede sintética",999999
S5000-02000,Álvaro,"Muñoz García",60002000Z,s5000.02000@example.invalid,600-002-000,2026-08-12,activo,"Sede sintética",999999
S5000-02001,Lucía,"Pérez Núñez",60002001S,s5000.02001@example.invalid,"+34 600002001",2026-09-13,activo,"Sede sintética",999999
S5000-02002,Iñigo,"Martín Sáez",60002002Q,s5000.02002@example.invalid,600-002-002,2026-10-14,inactivo,"Sede sintética",999999
S5000-02003,"María José","Gómez León",60002003V,s5000.02003@example.invalid,"+34 600002003",2026-11-15,activo,"Sede sintética",999999
S5000-02004,Óscar,"Muñoz García",60002004H,s5000.02004@example.invalid,600-002-004,2026-12-16,activo,"Sede sintética",999999
S5000-02005,Nuria,"Pérez Núñez",60002005L,s5000.02005@example.invalid,"+34 600002005",2026-01-17,activo,"Sede sintética",999999
S5000-02006,Raúl,"Martín Sáez",60002006C,s5000.02006@example.invalid,600-002-006,2026-02-18,activo,"Sede sintética",999999
S5000-02007,Sofía,"Gómez León",60002007K,s5000.02007@example.invalid,"+34 600002007",2026-03-19,activo,"Sede sintética",999999
S5000-02008,Álvaro,"Muñoz García",60002008E,s5000.02008@example.invalid,600-002-008,2026-04-20,activo,"Sede sintética",999999
S5000-02009,Lucía,"Pérez Núñez",60002009T,s5000.02009@example.invalid,"+34 600002009",2026-05-21,activo,"Sede sintética",999999
S5000-02010,Iñigo,"Martín Sáez",60002010R,s5000.02010@example.invalid,600-002-010,2026-06-22,activo,"Sede sintética",999999
S5000-02011,"María José","Gómez León",60002011W,s5000.02011@example.invalid,"+34 600002011",2026-07-23,activo,"Sede sintética",999999
S5000-02012,Óscar,"Muñoz García",60002012A,s5000.02012@example.invalid,600-002-012,2026-08-24,activo,"Sede sintética",999999
S5000-02013,Nuria,"Pérez Núñez",60002013G,s5000.02013@example.invalid,"+34 600002013",2026-09-25,inactivo,"Sede sintética",999999
S5000-02014,Raúl,"Martín Sáez",60002014M,s5000.02014@example.invalid,600-002-014,2026-10-26,activo,"Sede sintética",999999
S5000-02015,Sofía,"Gómez León",60002015Y,s5000.02015@example.invalid,"+34 600002015",2026-11-27,activo,"Sede sintética",999999
S5000-02016,Álvaro,"Muñoz García",60002016F,s5000.02016@example.invalid,600-002-016,2026-12-28,activo,"Sede sintética",999999
S5000-02017,Lucía,"Pérez Núñez",60002017P,s5000.02017@example.invalid,"+34 600002017",2026-01-01,activo,"Sede sintética",999999
S5000-02018,Iñigo,"Martín Sáez",60002018D,s5000.02018@example.invalid,600-002-018,2026-02-02,activo,"Sede sintética",999999
S5000-02019,"María José","Gómez León",60002019X,s5000.02019@example.invalid,"+34 600002019",2026-03-03,activo,"Sede sintética",999999
S5000-02020,Óscar,"Muñoz García",60002020B,s5000.02020@example.invalid,600-002-020,2026-04-04,activo,"Sede sintética",999999
S5000-02021,Nuria,"Pérez Núñez",60002021N,s5000.02021@example.invalid,"+34 600002021",2026-05-05,activo,"Sede sintética",999999
S5000-02022,Raúl,"Martín Sáez",60002022J,s5000.02022@example.invalid,600-002-022,2026-06-06,activo,"Sede sintética",999999
S5000-02023,Sofía,"Gómez León",60002023Z,s5000.02023@example.invalid,"+34 600002023",2026-07-07,activo,"Sede sintética",999999
S5000-02024,Álvaro,"Muñoz García",60002024S,s5000.02024@example.invalid,600-002-024,2026-08-08,inactivo,"Sede sintética",999999
S5000-02025,Lucía,"Pérez Núñez",60002025Q,s5000.02025@example.invalid,"+34 600002025",2026-09-09,activo,"Sede sintética",999999
S5000-02026,Iñigo,"Martín Sáez",60002026V,s5000.02026@example.invalid,600-002-026,2026-10-10,activo,"Sede sintética",999999
S5000-02027,"María José","Gómez León",60002027H,s5000.02027@example.invalid,"+34 600002027",2026-11-11,activo,"Sede sintética",999999
S5000-02028,Óscar,"Muñoz García",60002028L,s5000.02028@example.invalid,600-002-028,2026-12-12,activo,"Sede sintética",999999
S5000-02029,Nuria,"Pérez Núñez",60002029C,s5000.02029@example.invalid,"+34 600002029",2026-01-13,activo,"Sede sintética",999999
S5000-02030,Raúl,"Martín Sáez",60002030K,s5000.02030@example.invalid,600-002-030,2026-02-14,activo,"Sede sintética",999999
S5000-02031,Sofía,"Gómez León",60002031E,s5000.02031@example.invalid,"+34 600002031",2026-03-15,activo,"Sede sintética",999999
S5000-02032,Álvaro,"Muñoz García",60002032T,s5000.02032@example.invalid,600-002-032,2026-04-16,activo,"Sede sintética",999999
S5000-02033,Lucía,"Pérez Núñez",60002033R,s5000.02033@example.invalid,"+34 600002033",2026-05-17,activo,"Sede sintética",999999
S5000-02034,Iñigo,"Martín Sáez",60002034W,s5000.02034@example.invalid,600-002-034,2026-06-18,activo,"Sede sintética",999999
S5000-02035,"María José","Gómez León",60002035A,s5000.02035@example.invalid,"+34 600002035",2026-07-19,inactivo,"Sede sintética",999999
S5000-02036,Óscar,"Muñoz García",60002036G,s5000.02036@example.invalid,600-002-036,2026-08-20,activo,"Sede sintética",999999
S5000-02037,Nuria,"Pérez Núñez",60002037M,s5000.02037@example.invalid,"+34 600002037",2026-09-21,activo,"Sede sintética",999999
S5000-02038,Raúl,"Martín Sáez",60002038Y,s5000.02038@example.invalid,600-002-038,2026-10-22,activo,"Sede sintética",999999
S5000-02039,Sofía,"Gómez León",60002039F,s5000.02039@example.invalid,"+34 600002039",2026-11-23,activo,"Sede sintética",999999
S5000-02040,Álvaro,"Muñoz García",60002040P,s5000.02040@example.invalid,600-002-040,2026-12-24,activo,"Sede sintética",999999
S5000-02041,Lucía,"Pérez Núñez",60002041D,s5000.02041@example.invalid,"+34 600002041",2026-01-25,activo,"Sede sintética",999999
S5000-02042,Iñigo,"Martín Sáez",60002042X,s5000.02042@example.invalid,600-002-042,2026-02-26,activo,"Sede sintética",999999
S5000-02043,"María José","Gómez León",60002043B,s5000.02043@example.invalid,"+34 600002043",2026-03-27,activo,"Sede sintética",999999
S5000-02044,Óscar,"Muñoz García",60002044N,s5000.02044@example.invalid,600-002-044,2026-04-28,activo,"Sede sintética",999999
S5000-02045,Nuria,"Pérez Núñez",60002045J,s5000.02045@example.invalid,"+34 600002045",2026-05-01,activo,"Sede sintética",999999
S5000-02046,Raúl,"Martín Sáez",60002046Z,s5000.02046@example.invalid,600-002-046,2026-06-02,inactivo,"Sede sintética",999999
S5000-02047,Sofía,"Gómez León",60002047S,s5000.02047@example.invalid,"+34 600002047",2026-07-03,activo,"Sede sintética",999999
S5000-02048,Álvaro,"Muñoz García",60002048Q,s5000.02048@example.invalid,600-002-048,2026-08-04,activo,"Sede sintética",999999
S5000-02049,Lucía,"Pérez Núñez",60002049V,s5000.02049@example.invalid,"+34 600002049",2026-09-05,activo,"Sede sintética",999999
S5000-02050,Iñigo,"Martín Sáez",60002050H,s5000.02050@example.invalid,600-002-050,2026-10-06,activo,"Sede sintética",999999
S5000-02051,"María José","Gómez León",60002051L,s5000.02051@example.invalid,"+34 600002051",2026-11-07,activo,"Sede sintética",999999
S5000-02052,Óscar,"Muñoz García",60002052C,s5000.02052@example.invalid,600-002-052,2026-12-08,activo,"Sede sintética",999999
S5000-02053,Nuria,"Pérez Núñez",60002053K,s5000.02053@example.invalid,"+34 600002053",2026-01-09,activo,"Sede sintética",999999
S5000-02054,Raúl,"Martín Sáez",60002054E,s5000.02054@example.invalid,600-002-054,2026-02-10,activo,"Sede sintética",999999
S5000-02055,Sofía,"Gómez León",60002055T,s5000.02055@example.invalid,"+34 600002055",2026-03-11,activo,"Sede sintética",999999
S5000-02056,Álvaro,"Muñoz García",60002056R,s5000.02056@example.invalid,600-002-056,2026-04-12,activo,"Sede sintética",999999
S5000-02057,Lucía,"Pérez Núñez",60002057W,s5000.02057@example.invalid,"+34 600002057",2026-05-13,inactivo,"Sede sintética",999999
S5000-02058,Iñigo,"Martín Sáez",60002058A,s5000.02058@example.invalid,600-002-058,2026-06-14,activo,"Sede sintética",999999
S5000-02059,"María José","Gómez León",60002059G,s5000.02059@example.invalid,"+34 600002059",2026-07-15,activo,"Sede sintética",999999
S5000-02060,Óscar,"Muñoz García",60002060M,s5000.02060@example.invalid,600-002-060,2026-08-16,activo,"Sede sintética",999999
S5000-02061,Nuria,"Pérez Núñez",60002061Y,s5000.02061@example.invalid,"+34 600002061",2026-09-17,activo,"Sede sintética",999999
S5000-02062,Raúl,"Martín Sáez",60002062F,s5000.02062@example.invalid,600-002-062,2026-10-18,activo,"Sede sintética",999999
S5000-02063,Sofía,"Gómez León",60002063P,s5000.02063@example.invalid,"+34 600002063",2026-11-19,activo,"Sede sintética",999999
S5000-02064,Álvaro,"Muñoz García",60002064D,s5000.02064@example.invalid,600-002-064,2026-12-20,activo,"Sede sintética",999999
S5000-02065,Lucía,"Pérez Núñez",60002065X,s5000.02065@example.invalid,"+34 600002065",2026-01-21,activo,"Sede sintética",999999
S5000-02066,Iñigo,"Martín Sáez",60002066B,s5000.02066@example.invalid,600-002-066,2026-02-22,activo,"Sede sintética",999999
S5000-02067,"María José","Gómez León",60002067N,s5000.02067@example.invalid,"+34 600002067",2026-03-23,activo,"Sede sintética",999999
S5000-02068,Óscar,"Muñoz García",60002068J,s5000.02068@example.invalid,600-002-068,2026-04-24,inactivo,"Sede sintética",999999
S5000-02069,Nuria,"Pérez Núñez",60002069Z,s5000.02069@example.invalid,"+34 600002069",2026-05-25,activo,"Sede sintética",999999
S5000-02070,Raúl,"Martín Sáez",60002070S,s5000.02070@example.invalid,600-002-070,2026-06-26,activo,"Sede sintética",999999
S5000-02071,Sofía,"Gómez León",60002071Q,s5000.02071@example.invalid,"+34 600002071",2026-07-27,activo,"Sede sintética",999999
S5000-02072,Álvaro,"Muñoz García",60002072V,s5000.02072@example.invalid,600-002-072,2026-08-28,activo,"Sede sintética",999999
S5000-02073,Lucía,"Pérez Núñez",60002073H,s5000.02073@example.invalid,"+34 600002073",2026-09-01,activo,"Sede sintética",999999
S5000-02074,Iñigo,"Martín Sáez",60002074L,s5000.02074@example.invalid,600-002-074,2026-10-02,activo,"Sede sintética",999999
S5000-02075,"María José","Gómez León",60002075C,s5000.02075@example.invalid,"+34 600002075",2026-11-03,activo,"Sede sintética",999999
S5000-02076,Óscar,"Muñoz García",60002076K,s5000.02076@example.invalid,600-002-076,2026-12-04,activo,"Sede sintética",999999
S5000-02077,Nuria,"Pérez Núñez",60002077E,s5000.02077@example.invalid,"+34 600002077",2026-01-05,activo,"Sede sintética",999999
S5000-02078,Raúl,"Martín Sáez",60002078T,s5000.02078@example.invalid,600-002-078,2026-02-06,activo,"Sede sintética",999999
S5000-02079,Sofía,"Gómez León",60002079R,s5000.02079@example.invalid,"+34 600002079",2026-03-07,inactivo,"Sede sintética",999999
S5000-02080,Álvaro,"Muñoz García",60002080W,s5000.02080@example.invalid,600-002-080,2026-04-08,activo,"Sede sintética",999999
S5000-02081,Lucía,"Pérez Núñez",60002081A,s5000.02081@example.invalid,"+34 600002081",2026-05-09,activo,"Sede sintética",999999
S5000-02082,Iñigo,"Martín Sáez",60002082G,s5000.02082@example.invalid,600-002-082,2026-06-10,activo,"Sede sintética",999999
S5000-02083,"María José","Gómez León",60002083M,s5000.02083@example.invalid,"+34 600002083",2026-07-11,activo,"Sede sintética",999999
S5000-02084,Óscar,"Muñoz García",60002084Y,s5000.02084@example.invalid,600-002-084,2026-08-12,activo,"Sede sintética",999999
S5000-02085,Nuria,"Pérez Núñez",60002085F,s5000.02085@example.invalid,"+34 600002085",2026-09-13,activo,"Sede sintética",999999
S5000-02086,Raúl,"Martín Sáez",60002086P,s5000.02086@example.invalid,600-002-086,2026-10-14,activo,"Sede sintética",999999
S5000-02087,Sofía,"Gómez León",60002087D,s5000.02087@example.invalid,"+34 600002087",2026-11-15,activo,"Sede sintética",999999
S5000-02088,Álvaro,"Muñoz García",60002088X,s5000.02088@example.invalid,600-002-088,2026-12-16,activo,"Sede sintética",999999
S5000-02089,Lucía,"Pérez Núñez",60002089B,s5000.02089@example.invalid,"+34 600002089",2026-01-17,activo,"Sede sintética",999999
S5000-02090,Iñigo,"Martín Sáez",60002090N,s5000.02090@example.invalid,600-002-090,2026-02-18,inactivo,"Sede sintética",999999
S5000-02091,"María José","Gómez León",60002091J,s5000.02091@example.invalid,"+34 600002091",2026-03-19,activo,"Sede sintética",999999
S5000-02092,Óscar,"Muñoz García",60002092Z,s5000.02092@example.invalid,600-002-092,2026-04-20,activo,"Sede sintética",999999
S5000-02093,Nuria,"Pérez Núñez",60002093S,s5000.02093@example.invalid,"+34 600002093",2026-05-21,activo,"Sede sintética",999999
S5000-02094,Raúl,"Martín Sáez",60002094Q,s5000.02094@example.invalid,600-002-094,2026-06-22,activo,"Sede sintética",999999
S5000-02095,Sofía,"Gómez León",60002095V,s5000.02095@example.invalid,"+34 600002095",2026-07-23,activo,"Sede sintética",999999
S5000-02096,Álvaro,"Muñoz García",60002096H,s5000.02096@example.invalid,600-002-096,2026-08-24,activo,"Sede sintética",999999
S5000-02097,Lucía,"Pérez Núñez",60002097L,s5000.02097@example.invalid,"+34 600002097",2026-09-25,activo,"Sede sintética",999999
S5000-02098,Iñigo,"Martín Sáez",60002098C,s5000.02098@example.invalid,600-002-098,2026-10-26,activo,"Sede sintética",999999
S5000-02099,"María José","Gómez León",60002099K,s5000.02099@example.invalid,"+34 600002099",2026-11-27,activo,"Sede sintética",999999
S5000-02100,Óscar,"Muñoz García",60002100E,s5000.02100@example.invalid,600-002-100,2026-12-28,activo,"Sede sintética",999999
S5000-02101,Nuria,"Pérez Núñez",60002101T,s5000.02101@example.invalid,"+34 600002101",2026-01-01,inactivo,"Sede sintética",999999
S5000-02102,Raúl,"Martín Sáez",60002102R,s5000.02102@example.invalid,600-002-102,2026-02-02,activo,"Sede sintética",999999
S5000-02103,Sofía,"Gómez León",60002103W,s5000.02103@example.invalid,"+34 600002103",2026-03-03,activo,"Sede sintética",999999
S5000-02104,Álvaro,"Muñoz García",60002104A,s5000.02104@example.invalid,600-002-104,2026-04-04,activo,"Sede sintética",999999
S5000-02105,Lucía,"Pérez Núñez",60002105G,s5000.02105@example.invalid,"+34 600002105",2026-05-05,activo,"Sede sintética",999999
S5000-02106,Iñigo,"Martín Sáez",60002106M,s5000.02106@example.invalid,600-002-106,2026-06-06,activo,"Sede sintética",999999
S5000-02107,"María José","Gómez León",60002107Y,s5000.02107@example.invalid,"+34 600002107",2026-07-07,activo,"Sede sintética",999999
S5000-02108,Óscar,"Muñoz García",60002108F,s5000.02108@example.invalid,600-002-108,2026-08-08,activo,"Sede sintética",999999
S5000-02109,Nuria,"Pérez Núñez",60002109P,s5000.02109@example.invalid,"+34 600002109",2026-09-09,activo,"Sede sintética",999999
S5000-02110,Raúl,"Martín Sáez",60002110D,s5000.02110@example.invalid,600-002-110,2026-10-10,activo,"Sede sintética",999999
S5000-02111,Sofía,"Gómez León",60002111X,s5000.02111@example.invalid,"+34 600002111",2026-11-11,activo,"Sede sintética",999999
S5000-02112,Álvaro,"Muñoz García",60002112B,s5000.02112@example.invalid,600-002-112,2026-12-12,inactivo,"Sede sintética",999999
S5000-02113,Lucía,"Pérez Núñez",60002113N,s5000.02113@example.invalid,"+34 600002113",2026-01-13,activo,"Sede sintética",999999
S5000-02114,Iñigo,"Martín Sáez",60002114J,s5000.02114@example.invalid,600-002-114,2026-02-14,activo,"Sede sintética",999999
S5000-02115,"María José","Gómez León",60002115Z,s5000.02115@example.invalid,"+34 600002115",2026-03-15,activo,"Sede sintética",999999
S5000-02116,Óscar,"Muñoz García",60002116S,s5000.02116@example.invalid,600-002-116,2026-04-16,activo,"Sede sintética",999999
S5000-02117,Nuria,"Pérez Núñez",60002117Q,s5000.02117@example.invalid,"+34 600002117",2026-05-17,activo,"Sede sintética",999999
S5000-02118,Raúl,"Martín Sáez",60002118V,s5000.02118@example.invalid,600-002-118,2026-06-18,activo,"Sede sintética",999999
S5000-02119,Sofía,"Gómez León",60002119H,s5000.02119@example.invalid,"+34 600002119",2026-07-19,activo,"Sede sintética",999999
S5000-02120,Álvaro,"Muñoz García",60002120L,s5000.02120@example.invalid,600-002-120,2026-08-20,activo,"Sede sintética",999999
S5000-02121,Lucía,"Pérez Núñez",60002121C,s5000.02121@example.invalid,"+34 600002121",2026-09-21,activo,"Sede sintética",999999
S5000-02122,Iñigo,"Martín Sáez",60002122K,s5000.02122@example.invalid,600-002-122,2026-10-22,activo,"Sede sintética",999999
S5000-02123,"María José","Gómez León",60002123E,s5000.02123@example.invalid,"+34 600002123",2026-11-23,inactivo,"Sede sintética",999999
S5000-02124,Óscar,"Muñoz García",60002124T,s5000.02124@example.invalid,600-002-124,2026-12-24,activo,"Sede sintética",999999
S5000-02125,Nuria,"Pérez Núñez",60002125R,s5000.02125@example.invalid,"+34 600002125",2026-01-25,activo,"Sede sintética",999999
S5000-02126,Raúl,"Martín Sáez",60002126W,s5000.02126@example.invalid,600-002-126,2026-02-26,activo,"Sede sintética",999999
S5000-02127,Sofía,"Gómez León",60002127A,s5000.02127@example.invalid,"+34 600002127",2026-03-27,activo,"Sede sintética",999999
S5000-02128,Álvaro,"Muñoz García",60002128G,s5000.02128@example.invalid,600-002-128,2026-04-28,activo,"Sede sintética",999999
S5000-02129,Lucía,"Pérez Núñez",60002129M,s5000.02129@example.invalid,"+34 600002129",2026-05-01,activo,"Sede sintética",999999
S5000-02130,Iñigo,"Martín Sáez",60002130Y,s5000.02130@example.invalid,600-002-130,2026-06-02,activo,"Sede sintética",999999
S5000-02131,"María José","Gómez León",60002131F,s5000.02131@example.invalid,"+34 600002131",2026-07-03,activo,"Sede sintética",999999
S5000-02132,Óscar,"Muñoz García",60002132P,s5000.02132@example.invalid,600-002-132,2026-08-04,activo,"Sede sintética",999999
S5000-02133,Nuria,"Pérez Núñez",60002133D,s5000.02133@example.invalid,"+34 600002133",2026-09-05,activo,"Sede sintética",999999
S5000-02134,Raúl,"Martín Sáez",60002134X,s5000.02134@example.invalid,600-002-134,2026-10-06,inactivo,"Sede sintética",999999
S5000-02135,Sofía,"Gómez León",60002135B,s5000.02135@example.invalid,"+34 600002135",2026-11-07,activo,"Sede sintética",999999
S5000-02136,Álvaro,"Muñoz García",60002136N,s5000.02136@example.invalid,600-002-136,2026-12-08,activo,"Sede sintética",999999
S5000-02137,Lucía,"Pérez Núñez",60002137J,s5000.02137@example.invalid,"+34 600002137",2026-01-09,activo,"Sede sintética",999999
S5000-02138,Iñigo,"Martín Sáez",60002138Z,s5000.02138@example.invalid,600-002-138,2026-02-10,activo,"Sede sintética",999999
S5000-02139,"María José","Gómez León",60002139S,s5000.02139@example.invalid,"+34 600002139",2026-03-11,activo,"Sede sintética",999999
S5000-02140,Óscar,"Muñoz García",60002140Q,s5000.02140@example.invalid,600-002-140,2026-04-12,activo,"Sede sintética",999999
S5000-02141,Nuria,"Pérez Núñez",60002141V,s5000.02141@example.invalid,"+34 600002141",2026-05-13,activo,"Sede sintética",999999
S5000-02142,Raúl,"Martín Sáez",60002142H,s5000.02142@example.invalid,600-002-142,2026-06-14,activo,"Sede sintética",999999
S5000-02143,Sofía,"Gómez León",60002143L,s5000.02143@example.invalid,"+34 600002143",2026-07-15,activo,"Sede sintética",999999
S5000-02144,Álvaro,"Muñoz García",60002144C,s5000.02144@example.invalid,600-002-144,2026-08-16,activo,"Sede sintética",999999
S5000-02145,Lucía,"Pérez Núñez",60002145K,s5000.02145@example.invalid,"+34 600002145",2026-09-17,inactivo,"Sede sintética",999999
S5000-02146,Iñigo,"Martín Sáez",60002146E,s5000.02146@example.invalid,600-002-146,2026-10-18,activo,"Sede sintética",999999
S5000-02147,"María José","Gómez León",60002147T,s5000.02147@example.invalid,"+34 600002147",2026-11-19,activo,"Sede sintética",999999
S5000-02148,Óscar,"Muñoz García",60002148R,s5000.02148@example.invalid,600-002-148,2026-12-20,activo,"Sede sintética",999999
S5000-02149,Nuria,"Pérez Núñez",60002149W,s5000.02149@example.invalid,"+34 600002149",2026-01-21,activo,"Sede sintética",999999
S5000-02150,Raúl,"Martín Sáez",60002150A,s5000.02150@example.invalid,600-002-150,2026-02-22,activo,"Sede sintética",999999
S5000-02151,Sofía,"Gómez León",60002151G,s5000.02151@example.invalid,"+34 600002151",2026-03-23,activo,"Sede sintética",999999
S5000-02152,Álvaro,"Muñoz García",60002152M,s5000.02152@example.invalid,600-002-152,2026-04-24,activo,"Sede sintética",999999
S5000-02153,Lucía,"Pérez Núñez",60002153Y,s5000.02153@example.invalid,"+34 600002153",2026-05-25,activo,"Sede sintética",999999
S5000-02154,Iñigo,"Martín Sáez",60002154F,s5000.02154@example.invalid,600-002-154,2026-06-26,activo,"Sede sintética",999999
S5000-02155,"María José","Gómez León",60002155P,s5000.02155@example.invalid,"+34 600002155",2026-07-27,activo,"Sede sintética",999999
S5000-02156,Óscar,"Muñoz García",60002156D,s5000.02156@example.invalid,600-002-156,2026-08-28,inactivo,"Sede sintética",999999
S5000-02157,Nuria,"Pérez Núñez",60002157X,s5000.02157@example.invalid,"+34 600002157",2026-09-01,activo,"Sede sintética",999999
S5000-02158,Raúl,"Martín Sáez",60002158B,s5000.02158@example.invalid,600-002-158,2026-10-02,activo,"Sede sintética",999999
S5000-02159,Sofía,"Gómez León",60002159N,s5000.02159@example.invalid,"+34 600002159",2026-11-03,activo,"Sede sintética",999999
S5000-02160,Álvaro,"Muñoz García",60002160J,s5000.02160@example.invalid,600-002-160,2026-12-04,activo,"Sede sintética",999999
S5000-02161,Lucía,"Pérez Núñez",60002161Z,s5000.02161@example.invalid,"+34 600002161",2026-01-05,activo,"Sede sintética",999999
S5000-02162,Iñigo,"Martín Sáez",60002162S,s5000.02162@example.invalid,600-002-162,2026-02-06,activo,"Sede sintética",999999
S5000-02163,"María José","Gómez León",60002163Q,s5000.02163@example.invalid,"+34 600002163",2026-03-07,activo,"Sede sintética",999999
S5000-02164,Óscar,"Muñoz García",60002164V,s5000.02164@example.invalid,600-002-164,2026-04-08,activo,"Sede sintética",999999
S5000-02165,Nuria,"Pérez Núñez",60002165H,s5000.02165@example.invalid,"+34 600002165",2026-05-09,activo,"Sede sintética",999999
S5000-02166,Raúl,"Martín Sáez",60002166L,s5000.02166@example.invalid,600-002-166,2026-06-10,activo,"Sede sintética",999999
S5000-02167,Sofía,"Gómez León",60002167C,s5000.02167@example.invalid,"+34 600002167",2026-07-11,inactivo,"Sede sintética",999999
S5000-02168,Álvaro,"Muñoz García",60002168K,s5000.02168@example.invalid,600-002-168,2026-08-12,activo,"Sede sintética",999999
S5000-02169,Lucía,"Pérez Núñez",60002169E,s5000.02169@example.invalid,"+34 600002169",2026-09-13,activo,"Sede sintética",999999
S5000-02170,Iñigo,"Martín Sáez",60002170T,s5000.02170@example.invalid,600-002-170,2026-10-14,activo,"Sede sintética",999999
S5000-02171,"María José","Gómez León",60002171R,s5000.02171@example.invalid,"+34 600002171",2026-11-15,activo,"Sede sintética",999999
S5000-02172,Óscar,"Muñoz García",60002172W,s5000.02172@example.invalid,600-002-172,2026-12-16,activo,"Sede sintética",999999
S5000-02173,Nuria,"Pérez Núñez",60002173A,s5000.02173@example.invalid,"+34 600002173",2026-01-17,activo,"Sede sintética",999999
S5000-02174,Raúl,"Martín Sáez",60002174G,s5000.02174@example.invalid,600-002-174,2026-02-18,activo,"Sede sintética",999999
S5000-02175,Sofía,"Gómez León",60002175M,s5000.02175@example.invalid,"+34 600002175",2026-03-19,activo,"Sede sintética",999999
S5000-02176,Álvaro,"Muñoz García",60002176Y,s5000.02176@example.invalid,600-002-176,2026-04-20,activo,"Sede sintética",999999
S5000-02177,Lucía,"Pérez Núñez",60002177F,s5000.02177@example.invalid,"+34 600002177",2026-05-21,activo,"Sede sintética",999999
S5000-02178,Iñigo,"Martín Sáez",60002178P,s5000.02178@example.invalid,600-002-178,2026-06-22,inactivo,"Sede sintética",999999
S5000-02179,"María José","Gómez León",60002179D,s5000.02179@example.invalid,"+34 600002179",2026-07-23,activo,"Sede sintética",999999
S5000-02180,Óscar,"Muñoz García",60002180X,s5000.02180@example.invalid,600-002-180,2026-08-24,activo,"Sede sintética",999999
S5000-02181,Nuria,"Pérez Núñez",60002181B,s5000.02181@example.invalid,"+34 600002181",2026-09-25,activo,"Sede sintética",999999
S5000-02182,Raúl,"Martín Sáez",60002182N,s5000.02182@example.invalid,600-002-182,2026-10-26,activo,"Sede sintética",999999
S5000-02183,Sofía,"Gómez León",60002183J,s5000.02183@example.invalid,"+34 600002183",2026-11-27,activo,"Sede sintética",999999
S5000-02184,Álvaro,"Muñoz García",60002184Z,s5000.02184@example.invalid,600-002-184,2026-12-28,activo,"Sede sintética",999999
S5000-02185,Lucía,"Pérez Núñez",60002185S,s5000.02185@example.invalid,"+34 600002185",2026-01-01,activo,"Sede sintética",999999
S5000-02186,Iñigo,"Martín Sáez",60002186Q,s5000.02186@example.invalid,600-002-186,2026-02-02,activo,"Sede sintética",999999
S5000-02187,"María José","Gómez León",60002187V,s5000.02187@example.invalid,"+34 600002187",2026-03-03,activo,"Sede sintética",999999
S5000-02188,Óscar,"Muñoz García",60002188H,s5000.02188@example.invalid,600-002-188,2026-04-04,activo,"Sede sintética",999999
S5000-02189,Nuria,"Pérez Núñez",60002189L,s5000.02189@example.invalid,"+34 600002189",2026-05-05,inactivo,"Sede sintética",999999
S5000-02190,Raúl,"Martín Sáez",60002190C,s5000.02190@example.invalid,600-002-190,2026-06-06,activo,"Sede sintética",999999
S5000-02191,Sofía,"Gómez León",60002191K,s5000.02191@example.invalid,"+34 600002191",2026-07-07,activo,"Sede sintética",999999
S5000-02192,Álvaro,"Muñoz García",60002192E,s5000.02192@example.invalid,600-002-192,2026-08-08,activo,"Sede sintética",999999
S5000-02193,Lucía,"Pérez Núñez",60002193T,s5000.02193@example.invalid,"+34 600002193",2026-09-09,activo,"Sede sintética",999999
S5000-02194,Iñigo,"Martín Sáez",60002194R,s5000.02194@example.invalid,600-002-194,2026-10-10,activo,"Sede sintética",999999
S5000-02195,"María José","Gómez León",60002195W,s5000.02195@example.invalid,"+34 600002195",2026-11-11,activo,"Sede sintética",999999
S5000-02196,Óscar,"Muñoz García",60002196A,s5000.02196@example.invalid,600-002-196,2026-12-12,activo,"Sede sintética",999999
S5000-02197,Nuria,"Pérez Núñez",60002197G,s5000.02197@example.invalid,"+34 600002197",2026-01-13,activo,"Sede sintética",999999
S5000-02198,Raúl,"Martín Sáez",60002198M,s5000.02198@example.invalid,600-002-198,2026-02-14,activo,"Sede sintética",999999
S5000-02199,Sofía,"Gómez León",60002199Y,s5000.02199@example.invalid,"+34 600002199",2026-03-15,activo,"Sede sintética",999999
S5000-02200,Álvaro,"Muñoz García",60002200F,s5000.02200@example.invalid,600-002-200,2026-04-16,inactivo,"Sede sintética",999999
S5000-02201,Lucía,"Pérez Núñez",60002201P,s5000.02201@example.invalid,"+34 600002201",2026-05-17,activo,"Sede sintética",999999
S5000-02202,Iñigo,"Martín Sáez",60002202D,s5000.02202@example.invalid,600-002-202,2026-06-18,activo,"Sede sintética",999999
S5000-02203,"María José","Gómez León",60002203X,s5000.02203@example.invalid,"+34 600002203",2026-07-19,activo,"Sede sintética",999999
S5000-02204,Óscar,"Muñoz García",60002204B,s5000.02204@example.invalid,600-002-204,2026-08-20,activo,"Sede sintética",999999
S5000-02205,Nuria,"Pérez Núñez",60002205N,s5000.02205@example.invalid,"+34 600002205",2026-09-21,activo,"Sede sintética",999999
S5000-02206,Raúl,"Martín Sáez",60002206J,s5000.02206@example.invalid,600-002-206,2026-10-22,activo,"Sede sintética",999999
S5000-02207,Sofía,"Gómez León",60002207Z,s5000.02207@example.invalid,"+34 600002207",2026-11-23,activo,"Sede sintética",999999
S5000-02208,Álvaro,"Muñoz García",60002208S,s5000.02208@example.invalid,600-002-208,2026-12-24,activo,"Sede sintética",999999
S5000-02209,Lucía,"Pérez Núñez",60002209Q,s5000.02209@example.invalid,"+34 600002209",2026-01-25,activo,"Sede sintética",999999
S5000-02210,Iñigo,"Martín Sáez",60002210V,s5000.02210@example.invalid,600-002-210,2026-02-26,activo,"Sede sintética",999999
S5000-02211,"María José","Gómez León",60002211H,s5000.02211@example.invalid,"+34 600002211",2026-03-27,inactivo,"Sede sintética",999999
S5000-02212,Óscar,"Muñoz García",60002212L,s5000.02212@example.invalid,600-002-212,2026-04-28,activo,"Sede sintética",999999
S5000-02213,Nuria,"Pérez Núñez",60002213C,s5000.02213@example.invalid,"+34 600002213",2026-05-01,activo,"Sede sintética",999999
S5000-02214,Raúl,"Martín Sáez",60002214K,s5000.02214@example.invalid,600-002-214,2026-06-02,activo,"Sede sintética",999999
S5000-02215,Sofía,"Gómez León",60002215E,s5000.02215@example.invalid,"+34 600002215",2026-07-03,activo,"Sede sintética",999999
S5000-02216,Álvaro,"Muñoz García",60002216T,s5000.02216@example.invalid,600-002-216,2026-08-04,activo,"Sede sintética",999999
S5000-02217,Lucía,"Pérez Núñez",60002217R,s5000.02217@example.invalid,"+34 600002217",2026-09-05,activo,"Sede sintética",999999
S5000-02218,Iñigo,"Martín Sáez",60002218W,s5000.02218@example.invalid,600-002-218,2026-10-06,activo,"Sede sintética",999999
S5000-02219,"María José","Gómez León",60002219A,s5000.02219@example.invalid,"+34 600002219",2026-11-07,activo,"Sede sintética",999999
S5000-02220,Óscar,"Muñoz García",60002220G,s5000.02220@example.invalid,600-002-220,2026-12-08,activo,"Sede sintética",999999
S5000-02221,Nuria,"Pérez Núñez",60002221M,s5000.02221@example.invalid,"+34 600002221",2026-01-09,activo,"Sede sintética",999999
S5000-02222,Raúl,"Martín Sáez",60002222Y,s5000.02222@example.invalid,600-002-222,2026-02-10,inactivo,"Sede sintética",999999
S5000-02223,Sofía,"Gómez León",60002223F,s5000.02223@example.invalid,"+34 600002223",2026-03-11,activo,"Sede sintética",999999
S5000-02224,Álvaro,"Muñoz García",60002224P,s5000.02224@example.invalid,600-002-224,2026-04-12,activo,"Sede sintética",999999
S5000-02225,Lucía,"Pérez Núñez",60002225D,s5000.02225@example.invalid,"+34 600002225",2026-05-13,activo,"Sede sintética",999999
S5000-02226,Iñigo,"Martín Sáez",60002226X,s5000.02226@example.invalid,600-002-226,2026-06-14,activo,"Sede sintética",999999
S5000-02227,"María José","Gómez León",60002227B,s5000.02227@example.invalid,"+34 600002227",2026-07-15,activo,"Sede sintética",999999
S5000-02228,Óscar,"Muñoz García",60002228N,s5000.02228@example.invalid,600-002-228,2026-08-16,activo,"Sede sintética",999999
S5000-02229,Nuria,"Pérez Núñez",60002229J,s5000.02229@example.invalid,"+34 600002229",2026-09-17,activo,"Sede sintética",999999
S5000-02230,Raúl,"Martín Sáez",60002230Z,s5000.02230@example.invalid,600-002-230,2026-10-18,activo,"Sede sintética",999999
S5000-02231,Sofía,"Gómez León",60002231S,s5000.02231@example.invalid,"+34 600002231",2026-11-19,activo,"Sede sintética",999999
S5000-02232,Álvaro,"Muñoz García",60002232Q,s5000.02232@example.invalid,600-002-232,2026-12-20,activo,"Sede sintética",999999
S5000-02233,Lucía,"Pérez Núñez",60002233V,s5000.02233@example.invalid,"+34 600002233",2026-01-21,inactivo,"Sede sintética",999999
S5000-02234,Iñigo,"Martín Sáez",60002234H,s5000.02234@example.invalid,600-002-234,2026-02-22,activo,"Sede sintética",999999
S5000-02235,"María José","Gómez León",60002235L,s5000.02235@example.invalid,"+34 600002235",2026-03-23,activo,"Sede sintética",999999
S5000-02236,Óscar,"Muñoz García",60002236C,s5000.02236@example.invalid,600-002-236,2026-04-24,activo,"Sede sintética",999999
S5000-02237,Nuria,"Pérez Núñez",60002237K,s5000.02237@example.invalid,"+34 600002237",2026-05-25,activo,"Sede sintética",999999
S5000-02238,Raúl,"Martín Sáez",60002238E,s5000.02238@example.invalid,600-002-238,2026-06-26,activo,"Sede sintética",999999
S5000-02239,Sofía,"Gómez León",60002239T,s5000.02239@example.invalid,"+34 600002239",2026-07-27,activo,"Sede sintética",999999
S5000-02240,Álvaro,"Muñoz García",60002240R,s5000.02240@example.invalid,600-002-240,2026-08-28,activo,"Sede sintética",999999
S5000-02241,Lucía,"Pérez Núñez",60002241W,s5000.02241@example.invalid,"+34 600002241",2026-09-01,activo,"Sede sintética",999999
S5000-02242,Iñigo,"Martín Sáez",60002242A,s5000.02242@example.invalid,600-002-242,2026-10-02,activo,"Sede sintética",999999
S5000-02243,"María José","Gómez León",60002243G,s5000.02243@example.invalid,"+34 600002243",2026-11-03,activo,"Sede sintética",999999
S5000-02244,Óscar,"Muñoz García",60002244M,s5000.02244@example.invalid,600-002-244,2026-12-04,inactivo,"Sede sintética",999999
S5000-02245,Nuria,"Pérez Núñez",60002245Y,s5000.02245@example.invalid,"+34 600002245",2026-01-05,activo,"Sede sintética",999999
S5000-02246,Raúl,"Martín Sáez",60002246F,s5000.02246@example.invalid,600-002-246,2026-02-06,activo,"Sede sintética",999999
S5000-02247,Sofía,"Gómez León",60002247P,s5000.02247@example.invalid,"+34 600002247",2026-03-07,activo,"Sede sintética",999999
S5000-02248,Álvaro,"Muñoz García",60002248D,s5000.02248@example.invalid,600-002-248,2026-04-08,activo,"Sede sintética",999999
S5000-02249,Lucía,"Pérez Núñez",60002249X,s5000.02249@example.invalid,"+34 600002249",2026-05-09,activo,"Sede sintética",999999
S5000-02250,Iñigo,"Martín Sáez",60002250B,s5000.02250@example.invalid,600-002-250,2026-06-10,activo,"Sede sintética",999999
S5000-02251,"María José","Gómez León",60002251N,s5000.02251@example.invalid,"+34 600002251",2026-07-11,activo,"Sede sintética",999999
S5000-02252,Óscar,"Muñoz García",60002252J,s5000.02252@example.invalid,600-002-252,2026-08-12,activo,"Sede sintética",999999
S5000-02253,Nuria,"Pérez Núñez",60002253Z,s5000.02253@example.invalid,"+34 600002253",2026-09-13,activo,"Sede sintética",999999
S5000-02254,Raúl,"Martín Sáez",60002254S,s5000.02254@example.invalid,600-002-254,2026-10-14,activo,"Sede sintética",999999
S5000-02255,Sofía,"Gómez León",60002255Q,s5000.02255@example.invalid,"+34 600002255",2026-11-15,inactivo,"Sede sintética",999999
S5000-02256,Álvaro,"Muñoz García",60002256V,s5000.02256@example.invalid,600-002-256,2026-12-16,activo,"Sede sintética",999999
S5000-02257,Lucía,"Pérez Núñez",60002257H,s5000.02257@example.invalid,"+34 600002257",2026-01-17,activo,"Sede sintética",999999
S5000-02258,Iñigo,"Martín Sáez",60002258L,s5000.02258@example.invalid,600-002-258,2026-02-18,activo,"Sede sintética",999999
S5000-02259,"María José","Gómez León",60002259C,s5000.02259@example.invalid,"+34 600002259",2026-03-19,activo,"Sede sintética",999999
S5000-02260,Óscar,"Muñoz García",60002260K,s5000.02260@example.invalid,600-002-260,2026-04-20,activo,"Sede sintética",999999
S5000-02261,Nuria,"Pérez Núñez",60002261E,s5000.02261@example.invalid,"+34 600002261",2026-05-21,activo,"Sede sintética",999999
S5000-02262,Raúl,"Martín Sáez",60002262T,s5000.02262@example.invalid,600-002-262,2026-06-22,activo,"Sede sintética",999999
S5000-02263,Sofía,"Gómez León",60002263R,s5000.02263@example.invalid,"+34 600002263",2026-07-23,activo,"Sede sintética",999999
S5000-02264,Álvaro,"Muñoz García",60002264W,s5000.02264@example.invalid,600-002-264,2026-08-24,activo,"Sede sintética",999999
S5000-02265,Lucía,"Pérez Núñez",60002265A,s5000.02265@example.invalid,"+34 600002265",2026-09-25,activo,"Sede sintética",999999
S5000-02266,Iñigo,"Martín Sáez",60002266G,s5000.02266@example.invalid,600-002-266,2026-10-26,inactivo,"Sede sintética",999999
S5000-02267,"María José","Gómez León",60002267M,s5000.02267@example.invalid,"+34 600002267",2026-11-27,activo,"Sede sintética",999999
S5000-02268,Óscar,"Muñoz García",60002268Y,s5000.02268@example.invalid,600-002-268,2026-12-28,activo,"Sede sintética",999999
S5000-02269,Nuria,"Pérez Núñez",60002269F,s5000.02269@example.invalid,"+34 600002269",2026-01-01,activo,"Sede sintética",999999
S5000-02270,Raúl,"Martín Sáez",60002270P,s5000.02270@example.invalid,600-002-270,2026-02-02,activo,"Sede sintética",999999
S5000-02271,Sofía,"Gómez León",60002271D,s5000.02271@example.invalid,"+34 600002271",2026-03-03,activo,"Sede sintética",999999
S5000-02272,Álvaro,"Muñoz García",60002272X,s5000.02272@example.invalid,600-002-272,2026-04-04,activo,"Sede sintética",999999
S5000-02273,Lucía,"Pérez Núñez",60002273B,s5000.02273@example.invalid,"+34 600002273",2026-05-05,activo,"Sede sintética",999999
S5000-02274,Iñigo,"Martín Sáez",60002274N,s5000.02274@example.invalid,600-002-274,2026-06-06,activo,"Sede sintética",999999
S5000-02275,"María José","Gómez León",60002275J,s5000.02275@example.invalid,"+34 600002275",2026-07-07,activo,"Sede sintética",999999
S5000-02276,Óscar,"Muñoz García",60002276Z,s5000.02276@example.invalid,600-002-276,2026-08-08,activo,"Sede sintética",999999
S5000-02277,Nuria,"Pérez Núñez",60002277S,s5000.02277@example.invalid,"+34 600002277",2026-09-09,inactivo,"Sede sintética",999999
S5000-02278,Raúl,"Martín Sáez",60002278Q,s5000.02278@example.invalid,600-002-278,2026-10-10,activo,"Sede sintética",999999
S5000-02279,Sofía,"Gómez León",60002279V,s5000.02279@example.invalid,"+34 600002279",2026-11-11,activo,"Sede sintética",999999
S5000-02280,Álvaro,"Muñoz García",60002280H,s5000.02280@example.invalid,600-002-280,2026-12-12,activo,"Sede sintética",999999
S5000-02281,Lucía,"Pérez Núñez",60002281L,s5000.02281@example.invalid,"+34 600002281",2026-01-13,activo,"Sede sintética",999999
S5000-02282,Iñigo,"Martín Sáez",60002282C,s5000.02282@example.invalid,600-002-282,2026-02-14,activo,"Sede sintética",999999
S5000-02283,"María José","Gómez León",60002283K,s5000.02283@example.invalid,"+34 600002283",2026-03-15,activo,"Sede sintética",999999
S5000-02284,Óscar,"Muñoz García",60002284E,s5000.02284@example.invalid,600-002-284,2026-04-16,activo,"Sede sintética",999999
S5000-02285,Nuria,"Pérez Núñez",60002285T,s5000.02285@example.invalid,"+34 600002285",2026-05-17,activo,"Sede sintética",999999
S5000-02286,Raúl,"Martín Sáez",60002286R,s5000.02286@example.invalid,600-002-286,2026-06-18,activo,"Sede sintética",999999
S5000-02287,Sofía,"Gómez León",60002287W,s5000.02287@example.invalid,"+34 600002287",2026-07-19,activo,"Sede sintética",999999
S5000-02288,Álvaro,"Muñoz García",60002288A,s5000.02288@example.invalid,600-002-288,2026-08-20,inactivo,"Sede sintética",999999
S5000-02289,Lucía,"Pérez Núñez",60002289G,s5000.02289@example.invalid,"+34 600002289",2026-09-21,activo,"Sede sintética",999999
S5000-02290,Iñigo,"Martín Sáez",60002290M,s5000.02290@example.invalid,600-002-290,2026-10-22,activo,"Sede sintética",999999
S5000-02291,"María José","Gómez León",60002291Y,s5000.02291@example.invalid,"+34 600002291",2026-11-23,activo,"Sede sintética",999999
S5000-02292,Óscar,"Muñoz García",60002292F,s5000.02292@example.invalid,600-002-292,2026-12-24,activo,"Sede sintética",999999
S5000-02293,Nuria,"Pérez Núñez",60002293P,s5000.02293@example.invalid,"+34 600002293",2026-01-25,activo,"Sede sintética",999999
S5000-02294,Raúl,"Martín Sáez",60002294D,s5000.02294@example.invalid,600-002-294,2026-02-26,activo,"Sede sintética",999999
S5000-02295,Sofía,"Gómez León",60002295X,s5000.02295@example.invalid,"+34 600002295",2026-03-27,activo,"Sede sintética",999999
S5000-02296,Álvaro,"Muñoz García",60002296B,s5000.02296@example.invalid,600-002-296,2026-04-28,activo,"Sede sintética",999999
S5000-02297,Lucía,"Pérez Núñez",60002297N,s5000.02297@example.invalid,"+34 600002297",2026-05-01,activo,"Sede sintética",999999
S5000-02298,Iñigo,"Martín Sáez",60002298J,s5000.02298@example.invalid,600-002-298,2026-06-02,activo,"Sede sintética",999999
S5000-02299,"María José","Gómez León",60002299Z,s5000.02299@example.invalid,"+34 600002299",2026-07-03,inactivo,"Sede sintética",999999
S5000-02300,Óscar,"Muñoz García",60002300S,s5000.02300@example.invalid,600-002-300,2026-08-04,activo,"Sede sintética",999999
S5000-02301,Nuria,"Pérez Núñez",60002301Q,s5000.02301@example.invalid,"+34 600002301",2026-09-05,activo,"Sede sintética",999999
S5000-02302,Raúl,"Martín Sáez",60002302V,s5000.02302@example.invalid,600-002-302,2026-10-06,activo,"Sede sintética",999999
S5000-02303,Sofía,"Gómez León",60002303H,s5000.02303@example.invalid,"+34 600002303",2026-11-07,activo,"Sede sintética",999999
S5000-02304,Álvaro,"Muñoz García",60002304L,s5000.02304@example.invalid,600-002-304,2026-12-08,activo,"Sede sintética",999999
S5000-02305,Lucía,"Pérez Núñez",60002305C,s5000.02305@example.invalid,"+34 600002305",2026-01-09,activo,"Sede sintética",999999
S5000-02306,Iñigo,"Martín Sáez",60002306K,s5000.02306@example.invalid,600-002-306,2026-02-10,activo,"Sede sintética",999999
S5000-02307,"María José","Gómez León",60002307E,s5000.02307@example.invalid,"+34 600002307",2026-03-11,activo,"Sede sintética",999999
S5000-02308,Óscar,"Muñoz García",60002308T,s5000.02308@example.invalid,600-002-308,2026-04-12,activo,"Sede sintética",999999
S5000-02309,Nuria,"Pérez Núñez",60002309R,s5000.02309@example.invalid,"+34 600002309",2026-05-13,activo,"Sede sintética",999999
S5000-02310,Raúl,"Martín Sáez",60002310W,s5000.02310@example.invalid,600-002-310,2026-06-14,inactivo,"Sede sintética",999999
S5000-02311,Sofía,"Gómez León",60002311A,s5000.02311@example.invalid,"+34 600002311",2026-07-15,activo,"Sede sintética",999999
S5000-02312,Álvaro,"Muñoz García",60002312G,s5000.02312@example.invalid,600-002-312,2026-08-16,activo,"Sede sintética",999999
S5000-02313,Lucía,"Pérez Núñez",60002313M,s5000.02313@example.invalid,"+34 600002313",2026-09-17,activo,"Sede sintética",999999
S5000-02314,Iñigo,"Martín Sáez",60002314Y,s5000.02314@example.invalid,600-002-314,2026-10-18,activo,"Sede sintética",999999
S5000-02315,"María José","Gómez León",60002315F,s5000.02315@example.invalid,"+34 600002315",2026-11-19,activo,"Sede sintética",999999
S5000-02316,Óscar,"Muñoz García",60002316P,s5000.02316@example.invalid,600-002-316,2026-12-20,activo,"Sede sintética",999999
S5000-02317,Nuria,"Pérez Núñez",60002317D,s5000.02317@example.invalid,"+34 600002317",2026-01-21,activo,"Sede sintética",999999
S5000-02318,Raúl,"Martín Sáez",60002318X,s5000.02318@example.invalid,600-002-318,2026-02-22,activo,"Sede sintética",999999
S5000-02319,Sofía,"Gómez León",60002319B,s5000.02319@example.invalid,"+34 600002319",2026-03-23,activo,"Sede sintética",999999
S5000-02320,Álvaro,"Muñoz García",60002320N,s5000.02320@example.invalid,600-002-320,2026-04-24,activo,"Sede sintética",999999
S5000-02321,Lucía,"Pérez Núñez",60002321J,s5000.02321@example.invalid,"+34 600002321",2026-05-25,inactivo,"Sede sintética",999999
S5000-02322,Iñigo,"Martín Sáez",60002322Z,s5000.02322@example.invalid,600-002-322,2026-06-26,activo,"Sede sintética",999999
S5000-02323,"María José","Gómez León",60002323S,s5000.02323@example.invalid,"+34 600002323",2026-07-27,activo,"Sede sintética",999999
S5000-02324,Óscar,"Muñoz García",60002324Q,s5000.02324@example.invalid,600-002-324,2026-08-28,activo,"Sede sintética",999999
S5000-02325,Nuria,"Pérez Núñez",60002325V,s5000.02325@example.invalid,"+34 600002325",2026-09-01,activo,"Sede sintética",999999
S5000-02326,Raúl,"Martín Sáez",60002326H,s5000.02326@example.invalid,600-002-326,2026-10-02,activo,"Sede sintética",999999
S5000-02327,Sofía,"Gómez León",60002327L,s5000.02327@example.invalid,"+34 600002327",2026-11-03,activo,"Sede sintética",999999
S5000-02328,Álvaro,"Muñoz García",60002328C,s5000.02328@example.invalid,600-002-328,2026-12-04,activo,"Sede sintética",999999
S5000-02329,Lucía,"Pérez Núñez",60002329K,s5000.02329@example.invalid,"+34 600002329",2026-01-05,activo,"Sede sintética",999999
S5000-02330,Iñigo,"Martín Sáez",60002330E,s5000.02330@example.invalid,600-002-330,2026-02-06,activo,"Sede sintética",999999
S5000-02331,"María José","Gómez León",60002331T,s5000.02331@example.invalid,"+34 600002331",2026-03-07,activo,"Sede sintética",999999
S5000-02332,Óscar,"Muñoz García",60002332R,s5000.02332@example.invalid,600-002-332,2026-04-08,inactivo,"Sede sintética",999999
S5000-02333,Nuria,"Pérez Núñez",60002333W,s5000.02333@example.invalid,"+34 600002333",2026-05-09,activo,"Sede sintética",999999
S5000-02334,Raúl,"Martín Sáez",60002334A,s5000.02334@example.invalid,600-002-334,2026-06-10,activo,"Sede sintética",999999
S5000-02335,Sofía,"Gómez León",60002335G,s5000.02335@example.invalid,"+34 600002335",2026-07-11,activo,"Sede sintética",999999
S5000-02336,Álvaro,"Muñoz García",60002336M,s5000.02336@example.invalid,600-002-336,2026-08-12,activo,"Sede sintética",999999
S5000-02337,Lucía,"Pérez Núñez",60002337Y,s5000.02337@example.invalid,"+34 600002337",2026-09-13,activo,"Sede sintética",999999
S5000-02338,Iñigo,"Martín Sáez",60002338F,s5000.02338@example.invalid,600-002-338,2026-10-14,activo,"Sede sintética",999999
S5000-02339,"María José","Gómez León",60002339P,s5000.02339@example.invalid,"+34 600002339",2026-11-15,activo,"Sede sintética",999999
S5000-02340,Óscar,"Muñoz García",60002340D,s5000.02340@example.invalid,600-002-340,2026-12-16,activo,"Sede sintética",999999
S5000-02341,Nuria,"Pérez Núñez",60002341X,s5000.02341@example.invalid,"+34 600002341",2026-01-17,activo,"Sede sintética",999999
S5000-02342,Raúl,"Martín Sáez",60002342B,s5000.02342@example.invalid,600-002-342,2026-02-18,activo,"Sede sintética",999999
S5000-02343,Sofía,"Gómez León",60002343N,s5000.02343@example.invalid,"+34 600002343",2026-03-19,inactivo,"Sede sintética",999999
S5000-02344,Álvaro,"Muñoz García",60002344J,s5000.02344@example.invalid,600-002-344,2026-04-20,activo,"Sede sintética",999999
S5000-02345,Lucía,"Pérez Núñez",60002345Z,s5000.02345@example.invalid,"+34 600002345",2026-05-21,activo,"Sede sintética",999999
S5000-02346,Iñigo,"Martín Sáez",60002346S,s5000.02346@example.invalid,600-002-346,2026-06-22,activo,"Sede sintética",999999
S5000-02347,"María José","Gómez León",60002347Q,s5000.02347@example.invalid,"+34 600002347",2026-07-23,activo,"Sede sintética",999999
S5000-02348,Óscar,"Muñoz García",60002348V,s5000.02348@example.invalid,600-002-348,2026-08-24,activo,"Sede sintética",999999
S5000-02349,Nuria,"Pérez Núñez",60002349H,s5000.02349@example.invalid,"+34 600002349",2026-09-25,activo,"Sede sintética",999999
S5000-02350,Raúl,"Martín Sáez",60002350L,s5000.02350@example.invalid,600-002-350,2026-10-26,activo,"Sede sintética",999999
S5000-02351,Sofía,"Gómez León",60002351C,s5000.02351@example.invalid,"+34 600002351",2026-11-27,activo,"Sede sintética",999999
S5000-02352,Álvaro,"Muñoz García",60002352K,s5000.02352@example.invalid,600-002-352,2026-12-28,activo,"Sede sintética",999999
S5000-02353,Lucía,"Pérez Núñez",60002353E,s5000.02353@example.invalid,"+34 600002353",2026-01-01,activo,"Sede sintética",999999
S5000-02354,Iñigo,"Martín Sáez",60002354T,s5000.02354@example.invalid,600-002-354,2026-02-02,inactivo,"Sede sintética",999999
S5000-02355,"María José","Gómez León",60002355R,s5000.02355@example.invalid,"+34 600002355",2026-03-03,activo,"Sede sintética",999999
S5000-02356,Óscar,"Muñoz García",60002356W,s5000.02356@example.invalid,600-002-356,2026-04-04,activo,"Sede sintética",999999
S5000-02357,Nuria,"Pérez Núñez",60002357A,s5000.02357@example.invalid,"+34 600002357",2026-05-05,activo,"Sede sintética",999999
S5000-02358,Raúl,"Martín Sáez",60002358G,s5000.02358@example.invalid,600-002-358,2026-06-06,activo,"Sede sintética",999999
S5000-02359,Sofía,"Gómez León",60002359M,s5000.02359@example.invalid,"+34 600002359",2026-07-07,activo,"Sede sintética",999999
S5000-02360,Álvaro,"Muñoz García",60002360Y,s5000.02360@example.invalid,600-002-360,2026-08-08,activo,"Sede sintética",999999
S5000-02361,Lucía,"Pérez Núñez",60002361F,s5000.02361@example.invalid,"+34 600002361",2026-09-09,activo,"Sede sintética",999999
S5000-02362,Iñigo,"Martín Sáez",60002362P,s5000.02362@example.invalid,600-002-362,2026-10-10,activo,"Sede sintética",999999
S5000-02363,"María José","Gómez León",60002363D,s5000.02363@example.invalid,"+34 600002363",2026-11-11,activo,"Sede sintética",999999
S5000-02364,Óscar,"Muñoz García",60002364X,s5000.02364@example.invalid,600-002-364,2026-12-12,activo,"Sede sintética",999999
S5000-02365,Nuria,"Pérez Núñez",60002365B,s5000.02365@example.invalid,"+34 600002365",2026-01-13,inactivo,"Sede sintética",999999
S5000-02366,Raúl,"Martín Sáez",60002366N,s5000.02366@example.invalid,600-002-366,2026-02-14,activo,"Sede sintética",999999
S5000-02367,Sofía,"Gómez León",60002367J,s5000.02367@example.invalid,"+34 600002367",2026-03-15,activo,"Sede sintética",999999
S5000-02368,Álvaro,"Muñoz García",60002368Z,s5000.02368@example.invalid,600-002-368,2026-04-16,activo,"Sede sintética",999999
S5000-02369,Lucía,"Pérez Núñez",60002369S,s5000.02369@example.invalid,"+34 600002369",2026-05-17,activo,"Sede sintética",999999
S5000-02370,Iñigo,"Martín Sáez",60002370Q,s5000.02370@example.invalid,600-002-370,2026-06-18,activo,"Sede sintética",999999
S5000-02371,"María José","Gómez León",60002371V,s5000.02371@example.invalid,"+34 600002371",2026-07-19,activo,"Sede sintética",999999
S5000-02372,Óscar,"Muñoz García",60002372H,s5000.02372@example.invalid,600-002-372,2026-08-20,activo,"Sede sintética",999999
S5000-02373,Nuria,"Pérez Núñez",60002373L,s5000.02373@example.invalid,"+34 600002373",2026-09-21,activo,"Sede sintética",999999
S5000-02374,Raúl,"Martín Sáez",60002374C,s5000.02374@example.invalid,600-002-374,2026-10-22,activo,"Sede sintética",999999
S5000-02375,Sofía,"Gómez León",60002375K,s5000.02375@example.invalid,"+34 600002375",2026-11-23,activo,"Sede sintética",999999
S5000-02376,Álvaro,"Muñoz García",60002376E,s5000.02376@example.invalid,600-002-376,2026-12-24,inactivo,"Sede sintética",999999
S5000-02377,Lucía,"Pérez Núñez",60002377T,s5000.02377@example.invalid,"+34 600002377",2026-01-25,activo,"Sede sintética",999999
S5000-02378,Iñigo,"Martín Sáez",60002378R,s5000.02378@example.invalid,600-002-378,2026-02-26,activo,"Sede sintética",999999
S5000-02379,"María José","Gómez León",60002379W,s5000.02379@example.invalid,"+34 600002379",2026-03-27,activo,"Sede sintética",999999
S5000-02380,Óscar,"Muñoz García",60002380A,s5000.02380@example.invalid,600-002-380,2026-04-28,activo,"Sede sintética",999999
S5000-02381,Nuria,"Pérez Núñez",60002381G,s5000.02381@example.invalid,"+34 600002381",2026-05-01,activo,"Sede sintética",999999
S5000-02382,Raúl,"Martín Sáez",60002382M,s5000.02382@example.invalid,600-002-382,2026-06-02,activo,"Sede sintética",999999
S5000-02383,Sofía,"Gómez León",60002383Y,s5000.02383@example.invalid,"+34 600002383",2026-07-03,activo,"Sede sintética",999999
S5000-02384,Álvaro,"Muñoz García",60002384F,s5000.02384@example.invalid,600-002-384,2026-08-04,activo,"Sede sintética",999999
S5000-02385,Lucía,"Pérez Núñez",60002385P,s5000.02385@example.invalid,"+34 600002385",2026-09-05,activo,"Sede sintética",999999
S5000-02386,Iñigo,"Martín Sáez",60002386D,s5000.02386@example.invalid,600-002-386,2026-10-06,activo,"Sede sintética",999999
S5000-02387,"María José","Gómez León",60002387X,s5000.02387@example.invalid,"+34 600002387",2026-11-07,inactivo,"Sede sintética",999999
S5000-02388,Óscar,"Muñoz García",60002388B,s5000.02388@example.invalid,600-002-388,2026-12-08,activo,"Sede sintética",999999
S5000-02389,Nuria,"Pérez Núñez",60002389N,s5000.02389@example.invalid,"+34 600002389",2026-01-09,activo,"Sede sintética",999999
S5000-02390,Raúl,"Martín Sáez",60002390J,s5000.02390@example.invalid,600-002-390,2026-02-10,activo,"Sede sintética",999999
S5000-02391,Sofía,"Gómez León",60002391Z,s5000.02391@example.invalid,"+34 600002391",2026-03-11,activo,"Sede sintética",999999
S5000-02392,Álvaro,"Muñoz García",60002392S,s5000.02392@example.invalid,600-002-392,2026-04-12,activo,"Sede sintética",999999
S5000-02393,Lucía,"Pérez Núñez",60002393Q,s5000.02393@example.invalid,"+34 600002393",2026-05-13,activo,"Sede sintética",999999
S5000-02394,Iñigo,"Martín Sáez",60002394V,s5000.02394@example.invalid,600-002-394,2026-06-14,activo,"Sede sintética",999999
S5000-02395,"María José","Gómez León",60002395H,s5000.02395@example.invalid,"+34 600002395",2026-07-15,activo,"Sede sintética",999999
S5000-02396,Óscar,"Muñoz García",60002396L,s5000.02396@example.invalid,600-002-396,2026-08-16,activo,"Sede sintética",999999
S5000-02397,Nuria,"Pérez Núñez",60002397C,s5000.02397@example.invalid,"+34 600002397",2026-09-17,activo,"Sede sintética",999999
S5000-02398,Raúl,"Martín Sáez",60002398K,s5000.02398@example.invalid,600-002-398,2026-10-18,inactivo,"Sede sintética",999999
S5000-02399,Sofía,"Gómez León",60002399E,s5000.02399@example.invalid,"+34 600002399",2026-11-19,activo,"Sede sintética",999999
S5000-02400,Álvaro,"Muñoz García",60002400T,s5000.02400@example.invalid,600-002-400,2026-12-20,activo,"Sede sintética",999999
S5000-02401,Lucía,"Pérez Núñez",60002401R,s5000.02401@example.invalid,"+34 600002401",2026-01-21,activo,"Sede sintética",999999
S5000-02402,Iñigo,"Martín Sáez",60002402W,s5000.02402@example.invalid,600-002-402,2026-02-22,activo,"Sede sintética",999999
S5000-02403,"María José","Gómez León",60002403A,s5000.02403@example.invalid,"+34 600002403",2026-03-23,activo,"Sede sintética",999999
S5000-02404,Óscar,"Muñoz García",60002404G,s5000.02404@example.invalid,600-002-404,2026-04-24,activo,"Sede sintética",999999
S5000-02405,Nuria,"Pérez Núñez",60002405M,s5000.02405@example.invalid,"+34 600002405",2026-05-25,activo,"Sede sintética",999999
S5000-02406,Raúl,"Martín Sáez",60002406Y,s5000.02406@example.invalid,600-002-406,2026-06-26,activo,"Sede sintética",999999
S5000-02407,Sofía,"Gómez León",60002407F,s5000.02407@example.invalid,"+34 600002407",2026-07-27,activo,"Sede sintética",999999
S5000-02408,Álvaro,"Muñoz García",60002408P,s5000.02408@example.invalid,600-002-408,2026-08-28,activo,"Sede sintética",999999
S5000-02409,Lucía,"Pérez Núñez",60002409D,s5000.02409@example.invalid,"+34 600002409",2026-09-01,inactivo,"Sede sintética",999999
S5000-02410,Iñigo,"Martín Sáez",60002410X,s5000.02410@example.invalid,600-002-410,2026-10-02,activo,"Sede sintética",999999
S5000-02411,"María José","Gómez León",60002411B,s5000.02411@example.invalid,"+34 600002411",2026-11-03,activo,"Sede sintética",999999
S5000-02412,Óscar,"Muñoz García",60002412N,s5000.02412@example.invalid,600-002-412,2026-12-04,activo,"Sede sintética",999999
S5000-02413,Nuria,"Pérez Núñez",60002413J,s5000.02413@example.invalid,"+34 600002413",2026-01-05,activo,"Sede sintética",999999
S5000-02414,Raúl,"Martín Sáez",60002414Z,s5000.02414@example.invalid,600-002-414,2026-02-06,activo,"Sede sintética",999999
S5000-02415,Sofía,"Gómez León",60002415S,s5000.02415@example.invalid,"+34 600002415",2026-03-07,activo,"Sede sintética",999999
S5000-02416,Álvaro,"Muñoz García",60002416Q,s5000.02416@example.invalid,600-002-416,2026-04-08,activo,"Sede sintética",999999
S5000-02417,Lucía,"Pérez Núñez",60002417V,s5000.02417@example.invalid,"+34 600002417",2026-05-09,activo,"Sede sintética",999999
S5000-02418,Iñigo,"Martín Sáez",60002418H,s5000.02418@example.invalid,600-002-418,2026-06-10,activo,"Sede sintética",999999
S5000-02419,"María José","Gómez León",60002419L,s5000.02419@example.invalid,"+34 600002419",2026-07-11,activo,"Sede sintética",999999
S5000-02420,Óscar,"Muñoz García",60002420C,s5000.02420@example.invalid,600-002-420,2026-08-12,inactivo,"Sede sintética",999999
S5000-02421,Nuria,"Pérez Núñez",60002421K,s5000.02421@example.invalid,"+34 600002421",2026-09-13,activo,"Sede sintética",999999
S5000-02422,Raúl,"Martín Sáez",60002422E,s5000.02422@example.invalid,600-002-422,2026-10-14,activo,"Sede sintética",999999
S5000-02423,Sofía,"Gómez León",60002423T,s5000.02423@example.invalid,"+34 600002423",2026-11-15,activo,"Sede sintética",999999
S5000-02424,Álvaro,"Muñoz García",60002424R,s5000.02424@example.invalid,600-002-424,2026-12-16,activo,"Sede sintética",999999
S5000-02425,Lucía,"Pérez Núñez",60002425W,s5000.02425@example.invalid,"+34 600002425",2026-01-17,activo,"Sede sintética",999999
S5000-02426,Iñigo,"Martín Sáez",60002426A,s5000.02426@example.invalid,600-002-426,2026-02-18,activo,"Sede sintética",999999
S5000-02427,"María José","Gómez León",60002427G,s5000.02427@example.invalid,"+34 600002427",2026-03-19,activo,"Sede sintética",999999
S5000-02428,Óscar,"Muñoz García",60002428M,s5000.02428@example.invalid,600-002-428,2026-04-20,activo,"Sede sintética",999999
S5000-02429,Nuria,"Pérez Núñez",60002429Y,s5000.02429@example.invalid,"+34 600002429",2026-05-21,activo,"Sede sintética",999999
S5000-02430,Raúl,"Martín Sáez",60002430F,s5000.02430@example.invalid,600-002-430,2026-06-22,activo,"Sede sintética",999999
S5000-02431,Sofía,"Gómez León",60002431P,s5000.02431@example.invalid,"+34 600002431",2026-07-23,inactivo,"Sede sintética",999999
S5000-02432,Álvaro,"Muñoz García",60002432D,s5000.02432@example.invalid,600-002-432,2026-08-24,activo,"Sede sintética",999999
S5000-02433,Lucía,"Pérez Núñez",60002433X,s5000.02433@example.invalid,"+34 600002433",2026-09-25,activo,"Sede sintética",999999
S5000-02434,Iñigo,"Martín Sáez",60002434B,s5000.02434@example.invalid,600-002-434,2026-10-26,activo,"Sede sintética",999999
S5000-02435,"María José","Gómez León",60002435N,s5000.02435@example.invalid,"+34 600002435",2026-11-27,activo,"Sede sintética",999999
S5000-02436,Óscar,"Muñoz García",60002436J,s5000.02436@example.invalid,600-002-436,2026-12-28,activo,"Sede sintética",999999
S5000-02437,Nuria,"Pérez Núñez",60002437Z,s5000.02437@example.invalid,"+34 600002437",2026-01-01,activo,"Sede sintética",999999
S5000-02438,Raúl,"Martín Sáez",60002438S,s5000.02438@example.invalid,600-002-438,2026-02-02,activo,"Sede sintética",999999
S5000-02439,Sofía,"Gómez León",60002439Q,s5000.02439@example.invalid,"+34 600002439",2026-03-03,activo,"Sede sintética",999999
S5000-02440,Álvaro,"Muñoz García",60002440V,s5000.02440@example.invalid,600-002-440,2026-04-04,activo,"Sede sintética",999999
S5000-02441,Lucía,"Pérez Núñez",60002441H,s5000.02441@example.invalid,"+34 600002441",2026-05-05,activo,"Sede sintética",999999
S5000-02442,Iñigo,"Martín Sáez",60002442L,s5000.02442@example.invalid,600-002-442,2026-06-06,inactivo,"Sede sintética",999999
S5000-02443,"María José","Gómez León",60002443C,s5000.02443@example.invalid,"+34 600002443",2026-07-07,activo,"Sede sintética",999999
S5000-02444,Óscar,"Muñoz García",60002444K,s5000.02444@example.invalid,600-002-444,2026-08-08,activo,"Sede sintética",999999
S5000-02445,Nuria,"Pérez Núñez",60002445E,s5000.02445@example.invalid,"+34 600002445",2026-09-09,activo,"Sede sintética",999999
S5000-02446,Raúl,"Martín Sáez",60002446T,s5000.02446@example.invalid,600-002-446,2026-10-10,activo,"Sede sintética",999999
S5000-02447,Sofía,"Gómez León",60002447R,s5000.02447@example.invalid,"+34 600002447",2026-11-11,activo,"Sede sintética",999999
S5000-02448,Álvaro,"Muñoz García",60002448W,s5000.02448@example.invalid,600-002-448,2026-12-12,activo,"Sede sintética",999999
S5000-02449,Lucía,"Pérez Núñez",60002449A,s5000.02449@example.invalid,"+34 600002449",2026-01-13,activo,"Sede sintética",999999
S5000-02450,Iñigo,"Martín Sáez",60002450G,s5000.02450@example.invalid,600-002-450,2026-02-14,activo,"Sede sintética",999999
S5000-02451,"María José","Gómez León",60002451M,s5000.02451@example.invalid,"+34 600002451",2026-03-15,activo,"Sede sintética",999999
S5000-02452,Óscar,"Muñoz García",60002452Y,s5000.02452@example.invalid,600-002-452,2026-04-16,activo,"Sede sintética",999999
S5000-02453,Nuria,"Pérez Núñez",60002453F,s5000.02453@example.invalid,"+34 600002453",2026-05-17,inactivo,"Sede sintética",999999
S5000-02454,Raúl,"Martín Sáez",60002454P,s5000.02454@example.invalid,600-002-454,2026-06-18,activo,"Sede sintética",999999
S5000-02455,Sofía,"Gómez León",60002455D,s5000.02455@example.invalid,"+34 600002455",2026-07-19,activo,"Sede sintética",999999
S5000-02456,Álvaro,"Muñoz García",60002456X,s5000.02456@example.invalid,600-002-456,2026-08-20,activo,"Sede sintética",999999
S5000-02457,Lucía,"Pérez Núñez",60002457B,s5000.02457@example.invalid,"+34 600002457",2026-09-21,activo,"Sede sintética",999999
S5000-02458,Iñigo,"Martín Sáez",60002458N,s5000.02458@example.invalid,600-002-458,2026-10-22,activo,"Sede sintética",999999
S5000-02459,"María José","Gómez León",60002459J,s5000.02459@example.invalid,"+34 600002459",2026-11-23,activo,"Sede sintética",999999
S5000-02460,Óscar,"Muñoz García",60002460Z,s5000.02460@example.invalid,600-002-460,2026-12-24,activo,"Sede sintética",999999
S5000-02461,Nuria,"Pérez Núñez",60002461S,s5000.02461@example.invalid,"+34 600002461",2026-01-25,activo,"Sede sintética",999999
S5000-02462,Raúl,"Martín Sáez",60002462Q,s5000.02462@example.invalid,600-002-462,2026-02-26,activo,"Sede sintética",999999
S5000-02463,Sofía,"Gómez León",60002463V,s5000.02463@example.invalid,"+34 600002463",2026-03-27,activo,"Sede sintética",999999
S5000-02464,Álvaro,"Muñoz García",60002464H,s5000.02464@example.invalid,600-002-464,2026-04-28,inactivo,"Sede sintética",999999
S5000-02465,Lucía,"Pérez Núñez",60002465L,s5000.02465@example.invalid,"+34 600002465",2026-05-01,activo,"Sede sintética",999999
S5000-02466,Iñigo,"Martín Sáez",60002466C,s5000.02466@example.invalid,600-002-466,2026-06-02,activo,"Sede sintética",999999
S5000-02467,"María José","Gómez León",60002467K,s5000.02467@example.invalid,"+34 600002467",2026-07-03,activo,"Sede sintética",999999
S5000-02468,Óscar,"Muñoz García",60002468E,s5000.02468@example.invalid,600-002-468,2026-08-04,activo,"Sede sintética",999999
S5000-02469,Nuria,"Pérez Núñez",60002469T,s5000.02469@example.invalid,"+34 600002469",2026-09-05,activo,"Sede sintética",999999
S5000-02470,Raúl,"Martín Sáez",60002470R,s5000.02470@example.invalid,600-002-470,2026-10-06,activo,"Sede sintética",999999
S5000-02471,Sofía,"Gómez León",60002471W,s5000.02471@example.invalid,"+34 600002471",2026-11-07,activo,"Sede sintética",999999
S5000-02472,Álvaro,"Muñoz García",60002472A,s5000.02472@example.invalid,600-002-472,2026-12-08,activo,"Sede sintética",999999
S5000-02473,Lucía,"Pérez Núñez",60002473G,s5000.02473@example.invalid,"+34 600002473",2026-01-09,activo,"Sede sintética",999999
S5000-02474,Iñigo,"Martín Sáez",60002474M,s5000.02474@example.invalid,600-002-474,2026-02-10,activo,"Sede sintética",999999
S5000-02475,"María José","Gómez León",60002475Y,s5000.02475@example.invalid,"+34 600002475",2026-03-11,inactivo,"Sede sintética",999999
S5000-02476,Óscar,"Muñoz García",60002476F,s5000.02476@example.invalid,600-002-476,2026-04-12,activo,"Sede sintética",999999
S5000-02477,Nuria,"Pérez Núñez",60002477P,s5000.02477@example.invalid,"+34 600002477",2026-05-13,activo,"Sede sintética",999999
S5000-02478,Raúl,"Martín Sáez",60002478D,s5000.02478@example.invalid,600-002-478,2026-06-14,activo,"Sede sintética",999999
S5000-02479,Sofía,"Gómez León",60002479X,s5000.02479@example.invalid,"+34 600002479",2026-07-15,activo,"Sede sintética",999999
S5000-02480,Álvaro,"Muñoz García",60002480B,s5000.02480@example.invalid,600-002-480,2026-08-16,activo,"Sede sintética",999999
S5000-02481,Lucía,"Pérez Núñez",60002481N,s5000.02481@example.invalid,"+34 600002481",2026-09-17,activo,"Sede sintética",999999
S5000-02482,Iñigo,"Martín Sáez",60002482J,s5000.02482@example.invalid,600-002-482,2026-10-18,activo,"Sede sintética",999999
S5000-02483,"María José","Gómez León",60002483Z,s5000.02483@example.invalid,"+34 600002483",2026-11-19,activo,"Sede sintética",999999
S5000-02484,Óscar,"Muñoz García",60002484S,s5000.02484@example.invalid,600-002-484,2026-12-20,activo,"Sede sintética",999999
S5000-02485,Nuria,"Pérez Núñez",60002485Q,s5000.02485@example.invalid,"+34 600002485",2026-01-21,activo,"Sede sintética",999999
S5000-02486,Raúl,"Martín Sáez",60002486V,s5000.02486@example.invalid,600-002-486,2026-02-22,inactivo,"Sede sintética",999999
S5000-02487,Sofía,"Gómez León",60002487H,s5000.02487@example.invalid,"+34 600002487",2026-03-23,activo,"Sede sintética",999999
S5000-02488,Álvaro,"Muñoz García",60002488L,s5000.02488@example.invalid,600-002-488,2026-04-24,activo,"Sede sintética",999999
S5000-02489,Lucía,"Pérez Núñez",60002489C,s5000.02489@example.invalid,"+34 600002489",2026-05-25,activo,"Sede sintética",999999
S5000-02490,Iñigo,"Martín Sáez",60002490K,s5000.02490@example.invalid,600-002-490,2026-06-26,activo,"Sede sintética",999999
S5000-02491,"María José","Gómez León",60002491E,s5000.02491@example.invalid,"+34 600002491",2026-07-27,activo,"Sede sintética",999999
S5000-02492,Óscar,"Muñoz García",60002492T,s5000.02492@example.invalid,600-002-492,2026-08-28,activo,"Sede sintética",999999
S5000-02493,Nuria,"Pérez Núñez",60002493R,s5000.02493@example.invalid,"+34 600002493",2026-09-01,activo,"Sede sintética",999999
S5000-02494,Raúl,"Martín Sáez",60002494W,s5000.02494@example.invalid,600-002-494,2026-10-02,activo,"Sede sintética",999999
S5000-02495,Sofía,"Gómez León",60002495A,s5000.02495@example.invalid,"+34 600002495",2026-11-03,activo,"Sede sintética",999999
S5000-02496,Álvaro,"Muñoz García",60002496G,s5000.02496@example.invalid,600-002-496,2026-12-04,activo,"Sede sintética",999999
S5000-02497,Lucía,"Pérez Núñez",60002497M,s5000.02497@example.invalid,"+34 600002497",2026-01-05,inactivo,"Sede sintética",999999
S5000-02498,Iñigo,"Martín Sáez",60002498Y,s5000.02498@example.invalid,600-002-498,2026-02-06,activo,"Sede sintética",999999
S5000-02499,"María José","Gómez León",60002499F,s5000.02499@example.invalid,"+34 600002499",2026-03-07,activo,"Sede sintética",999999
S5000-02500,Óscar,"Muñoz García",60002500P,s5000.02500@example.invalid,600-002-500,2026-04-08,activo,"Sede sintética",999999
S5000-02501,Nuria,"Pérez Núñez",60002501D,s5000.02501@example.invalid,"+34 600002501",2026-05-09,activo,"Sede sintética",999999
S5000-02502,Raúl,"Martín Sáez",60002502X,s5000.02502@example.invalid,600-002-502,2026-06-10,activo,"Sede sintética",999999
S5000-02503,Sofía,"Gómez León",60002503B,s5000.02503@example.invalid,"+34 600002503",2026-07-11,activo,"Sede sintética",999999
S5000-02504,Álvaro,"Muñoz García",60002504N,s5000.02504@example.invalid,600-002-504,2026-08-12,activo,"Sede sintética",999999
S5000-02505,Lucía,"Pérez Núñez",60002505J,s5000.02505@example.invalid,"+34 600002505",2026-09-13,activo,"Sede sintética",999999
S5000-02506,Iñigo,"Martín Sáez",60002506Z,s5000.02506@example.invalid,600-002-506,2026-10-14,activo,"Sede sintética",999999
S5000-02507,"María José","Gómez León",60002507S,s5000.02507@example.invalid,"+34 600002507",2026-11-15,activo,"Sede sintética",999999
S5000-02508,Óscar,"Muñoz García",60002508Q,s5000.02508@example.invalid,600-002-508,2026-12-16,inactivo,"Sede sintética",999999
S5000-02509,Nuria,"Pérez Núñez",60002509V,s5000.02509@example.invalid,"+34 600002509",2026-01-17,activo,"Sede sintética",999999
S5000-02510,Raúl,"Martín Sáez",60002510H,s5000.02510@example.invalid,600-002-510,2026-02-18,activo,"Sede sintética",999999
S5000-02511,Sofía,"Gómez León",60002511L,s5000.02511@example.invalid,"+34 600002511",2026-03-19,activo,"Sede sintética",999999
S5000-02512,Álvaro,"Muñoz García",60002512C,s5000.02512@example.invalid,600-002-512,2026-04-20,activo,"Sede sintética",999999
S5000-02513,Lucía,"Pérez Núñez",60002513K,s5000.02513@example.invalid,"+34 600002513",2026-05-21,activo,"Sede sintética",999999
S5000-02514,Iñigo,"Martín Sáez",60002514E,s5000.02514@example.invalid,600-002-514,2026-06-22,activo,"Sede sintética",999999
S5000-02515,"María José","Gómez León",60002515T,s5000.02515@example.invalid,"+34 600002515",2026-07-23,activo,"Sede sintética",999999
S5000-02516,Óscar,"Muñoz García",60002516R,s5000.02516@example.invalid,600-002-516,2026-08-24,activo,"Sede sintética",999999
S5000-02517,Nuria,"Pérez Núñez",60002517W,s5000.02517@example.invalid,"+34 600002517",2026-09-25,activo,"Sede sintética",999999
S5000-02518,Raúl,"Martín Sáez",60002518A,s5000.02518@example.invalid,600-002-518,2026-10-26,activo,"Sede sintética",999999
S5000-02519,Sofía,"Gómez León",60002519G,s5000.02519@example.invalid,"+34 600002519",2026-11-27,inactivo,"Sede sintética",999999
S5000-02520,Álvaro,"Muñoz García",60002520M,s5000.02520@example.invalid,600-002-520,2026-12-28,activo,"Sede sintética",999999
S5000-02521,Lucía,"Pérez Núñez",60002521Y,s5000.02521@example.invalid,"+34 600002521",2026-01-01,activo,"Sede sintética",999999
S5000-02522,Iñigo,"Martín Sáez",60002522F,s5000.02522@example.invalid,600-002-522,2026-02-02,activo,"Sede sintética",999999
S5000-02523,"María José","Gómez León",60002523P,s5000.02523@example.invalid,"+34 600002523",2026-03-03,activo,"Sede sintética",999999
S5000-02524,Óscar,"Muñoz García",60002524D,s5000.02524@example.invalid,600-002-524,2026-04-04,activo,"Sede sintética",999999
S5000-02525,Nuria,"Pérez Núñez",60002525X,s5000.02525@example.invalid,"+34 600002525",2026-05-05,activo,"Sede sintética",999999
S5000-02526,Raúl,"Martín Sáez",60002526B,s5000.02526@example.invalid,600-002-526,2026-06-06,activo,"Sede sintética",999999
S5000-02527,Sofía,"Gómez León",60002527N,s5000.02527@example.invalid,"+34 600002527",2026-07-07,activo,"Sede sintética",999999
S5000-02528,Álvaro,"Muñoz García",60002528J,s5000.02528@example.invalid,600-002-528,2026-08-08,activo,"Sede sintética",999999
S5000-02529,Lucía,"Pérez Núñez",60002529Z,s5000.02529@example.invalid,"+34 600002529",2026-09-09,activo,"Sede sintética",999999
S5000-02530,Iñigo,"Martín Sáez",60002530S,s5000.02530@example.invalid,600-002-530,2026-10-10,inactivo,"Sede sintética",999999
S5000-02531,"María José","Gómez León",60002531Q,s5000.02531@example.invalid,"+34 600002531",2026-11-11,activo,"Sede sintética",999999
S5000-02532,Óscar,"Muñoz García",60002532V,s5000.02532@example.invalid,600-002-532,2026-12-12,activo,"Sede sintética",999999
S5000-02533,Nuria,"Pérez Núñez",60002533H,s5000.02533@example.invalid,"+34 600002533",2026-01-13,activo,"Sede sintética",999999
S5000-02534,Raúl,"Martín Sáez",60002534L,s5000.02534@example.invalid,600-002-534,2026-02-14,activo,"Sede sintética",999999
S5000-02535,Sofía,"Gómez León",60002535C,s5000.02535@example.invalid,"+34 600002535",2026-03-15,activo,"Sede sintética",999999
S5000-02536,Álvaro,"Muñoz García",60002536K,s5000.02536@example.invalid,600-002-536,2026-04-16,activo,"Sede sintética",999999
S5000-02537,Lucía,"Pérez Núñez",60002537E,s5000.02537@example.invalid,"+34 600002537",2026-05-17,activo,"Sede sintética",999999
S5000-02538,Iñigo,"Martín Sáez",60002538T,s5000.02538@example.invalid,600-002-538,2026-06-18,activo,"Sede sintética",999999
S5000-02539,"María José","Gómez León",60002539R,s5000.02539@example.invalid,"+34 600002539",2026-07-19,activo,"Sede sintética",999999
S5000-02540,Óscar,"Muñoz García",60002540W,s5000.02540@example.invalid,600-002-540,2026-08-20,activo,"Sede sintética",999999
S5000-02541,Nuria,"Pérez Núñez",60002541A,s5000.02541@example.invalid,"+34 600002541",2026-09-21,inactivo,"Sede sintética",999999
S5000-02542,Raúl,"Martín Sáez",60002542G,s5000.02542@example.invalid,600-002-542,2026-10-22,activo,"Sede sintética",999999
S5000-02543,Sofía,"Gómez León",60002543M,s5000.02543@example.invalid,"+34 600002543",2026-11-23,activo,"Sede sintética",999999
S5000-02544,Álvaro,"Muñoz García",60002544Y,s5000.02544@example.invalid,600-002-544,2026-12-24,activo,"Sede sintética",999999
S5000-02545,Lucía,"Pérez Núñez",60002545F,s5000.02545@example.invalid,"+34 600002545",2026-01-25,activo,"Sede sintética",999999
S5000-02546,Iñigo,"Martín Sáez",60002546P,s5000.02546@example.invalid,600-002-546,2026-02-26,activo,"Sede sintética",999999
S5000-02547,"María José","Gómez León",60002547D,s5000.02547@example.invalid,"+34 600002547",2026-03-27,activo,"Sede sintética",999999
S5000-02548,Óscar,"Muñoz García",60002548X,s5000.02548@example.invalid,600-002-548,2026-04-28,activo,"Sede sintética",999999
S5000-02549,Nuria,"Pérez Núñez",60002549B,s5000.02549@example.invalid,"+34 600002549",2026-05-01,activo,"Sede sintética",999999
S5000-02550,Raúl,"Martín Sáez",60002550N,s5000.02550@example.invalid,600-002-550,2026-06-02,activo,"Sede sintética",999999
S5000-02551,Sofía,"Gómez León",60002551J,s5000.02551@example.invalid,"+34 600002551",2026-07-03,activo,"Sede sintética",999999
S5000-02552,Álvaro,"Muñoz García",60002552Z,s5000.02552@example.invalid,600-002-552,2026-08-04,inactivo,"Sede sintética",999999
S5000-02553,Lucía,"Pérez Núñez",60002553S,s5000.02553@example.invalid,"+34 600002553",2026-09-05,activo,"Sede sintética",999999
S5000-02554,Iñigo,"Martín Sáez",60002554Q,s5000.02554@example.invalid,600-002-554,2026-10-06,activo,"Sede sintética",999999
S5000-02555,"María José","Gómez León",60002555V,s5000.02555@example.invalid,"+34 600002555",2026-11-07,activo,"Sede sintética",999999
S5000-02556,Óscar,"Muñoz García",60002556H,s5000.02556@example.invalid,600-002-556,2026-12-08,activo,"Sede sintética",999999
S5000-02557,Nuria,"Pérez Núñez",60002557L,s5000.02557@example.invalid,"+34 600002557",2026-01-09,activo,"Sede sintética",999999
S5000-02558,Raúl,"Martín Sáez",60002558C,s5000.02558@example.invalid,600-002-558,2026-02-10,activo,"Sede sintética",999999
S5000-02559,Sofía,"Gómez León",60002559K,s5000.02559@example.invalid,"+34 600002559",2026-03-11,activo,"Sede sintética",999999
S5000-02560,Álvaro,"Muñoz García",60002560E,s5000.02560@example.invalid,600-002-560,2026-04-12,activo,"Sede sintética",999999
S5000-02561,Lucía,"Pérez Núñez",60002561T,s5000.02561@example.invalid,"+34 600002561",2026-05-13,activo,"Sede sintética",999999
S5000-02562,Iñigo,"Martín Sáez",60002562R,s5000.02562@example.invalid,600-002-562,2026-06-14,activo,"Sede sintética",999999
S5000-02563,"María José","Gómez León",60002563W,s5000.02563@example.invalid,"+34 600002563",2026-07-15,inactivo,"Sede sintética",999999
S5000-02564,Óscar,"Muñoz García",60002564A,s5000.02564@example.invalid,600-002-564,2026-08-16,activo,"Sede sintética",999999
S5000-02565,Nuria,"Pérez Núñez",60002565G,s5000.02565@example.invalid,"+34 600002565",2026-09-17,activo,"Sede sintética",999999
S5000-02566,Raúl,"Martín Sáez",60002566M,s5000.02566@example.invalid,600-002-566,2026-10-18,activo,"Sede sintética",999999
S5000-02567,Sofía,"Gómez León",60002567Y,s5000.02567@example.invalid,"+34 600002567",2026-11-19,activo,"Sede sintética",999999
S5000-02568,Álvaro,"Muñoz García",60002568F,s5000.02568@example.invalid,600-002-568,2026-12-20,activo,"Sede sintética",999999
S5000-02569,Lucía,"Pérez Núñez",60002569P,s5000.02569@example.invalid,"+34 600002569",2026-01-21,activo,"Sede sintética",999999
S5000-02570,Iñigo,"Martín Sáez",60002570D,s5000.02570@example.invalid,600-002-570,2026-02-22,activo,"Sede sintética",999999
S5000-02571,"María José","Gómez León",60002571X,s5000.02571@example.invalid,"+34 600002571",2026-03-23,activo,"Sede sintética",999999
S5000-02572,Óscar,"Muñoz García",60002572B,s5000.02572@example.invalid,600-002-572,2026-04-24,activo,"Sede sintética",999999
S5000-02573,Nuria,"Pérez Núñez",60002573N,s5000.02573@example.invalid,"+34 600002573",2026-05-25,activo,"Sede sintética",999999
S5000-02574,Raúl,"Martín Sáez",60002574J,s5000.02574@example.invalid,600-002-574,2026-06-26,inactivo,"Sede sintética",999999
S5000-02575,Sofía,"Gómez León",60002575Z,s5000.02575@example.invalid,"+34 600002575",2026-07-27,activo,"Sede sintética",999999
S5000-02576,Álvaro,"Muñoz García",60002576S,s5000.02576@example.invalid,600-002-576,2026-08-28,activo,"Sede sintética",999999
S5000-02577,Lucía,"Pérez Núñez",60002577Q,s5000.02577@example.invalid,"+34 600002577",2026-09-01,activo,"Sede sintética",999999
S5000-02578,Iñigo,"Martín Sáez",60002578V,s5000.02578@example.invalid,600-002-578,2026-10-02,activo,"Sede sintética",999999
S5000-02579,"María José","Gómez León",60002579H,s5000.02579@example.invalid,"+34 600002579",2026-11-03,activo,"Sede sintética",999999
S5000-02580,Óscar,"Muñoz García",60002580L,s5000.02580@example.invalid,600-002-580,2026-12-04,activo,"Sede sintética",999999
S5000-02581,Nuria,"Pérez Núñez",60002581C,s5000.02581@example.invalid,"+34 600002581",2026-01-05,activo,"Sede sintética",999999
S5000-02582,Raúl,"Martín Sáez",60002582K,s5000.02582@example.invalid,600-002-582,2026-02-06,activo,"Sede sintética",999999
S5000-02583,Sofía,"Gómez León",60002583E,s5000.02583@example.invalid,"+34 600002583",2026-03-07,activo,"Sede sintética",999999
S5000-02584,Álvaro,"Muñoz García",60002584T,s5000.02584@example.invalid,600-002-584,2026-04-08,activo,"Sede sintética",999999
S5000-02585,Lucía,"Pérez Núñez",60002585R,s5000.02585@example.invalid,"+34 600002585",2026-05-09,inactivo,"Sede sintética",999999
S5000-02586,Iñigo,"Martín Sáez",60002586W,s5000.02586@example.invalid,600-002-586,2026-06-10,activo,"Sede sintética",999999
S5000-02587,"María José","Gómez León",60002587A,s5000.02587@example.invalid,"+34 600002587",2026-07-11,activo,"Sede sintética",999999
S5000-02588,Óscar,"Muñoz García",60002588G,s5000.02588@example.invalid,600-002-588,2026-08-12,activo,"Sede sintética",999999
S5000-02589,Nuria,"Pérez Núñez",60002589M,s5000.02589@example.invalid,"+34 600002589",2026-09-13,activo,"Sede sintética",999999
S5000-02590,Raúl,"Martín Sáez",60002590Y,s5000.02590@example.invalid,600-002-590,2026-10-14,activo,"Sede sintética",999999
S5000-02591,Sofía,"Gómez León",60002591F,s5000.02591@example.invalid,"+34 600002591",2026-11-15,activo,"Sede sintética",999999
S5000-02592,Álvaro,"Muñoz García",60002592P,s5000.02592@example.invalid,600-002-592,2026-12-16,activo,"Sede sintética",999999
S5000-02593,Lucía,"Pérez Núñez",60002593D,s5000.02593@example.invalid,"+34 600002593",2026-01-17,activo,"Sede sintética",999999
S5000-02594,Iñigo,"Martín Sáez",60002594X,s5000.02594@example.invalid,600-002-594,2026-02-18,activo,"Sede sintética",999999
S5000-02595,"María José","Gómez León",60002595B,s5000.02595@example.invalid,"+34 600002595",2026-03-19,activo,"Sede sintética",999999
S5000-02596,Óscar,"Muñoz García",60002596N,s5000.02596@example.invalid,600-002-596,2026-04-20,inactivo,"Sede sintética",999999
S5000-02597,Nuria,"Pérez Núñez",60002597J,s5000.02597@example.invalid,"+34 600002597",2026-05-21,activo,"Sede sintética",999999
S5000-02598,Raúl,"Martín Sáez",60002598Z,s5000.02598@example.invalid,600-002-598,2026-06-22,activo,"Sede sintética",999999
S5000-02599,Sofía,"Gómez León",60002599S,s5000.02599@example.invalid,"+34 600002599",2026-07-23,activo,"Sede sintética",999999
S5000-02600,Álvaro,"Muñoz García",60002600Q,s5000.02600@example.invalid,600-002-600,2026-08-24,activo,"Sede sintética",999999
S5000-02601,Lucía,"Pérez Núñez",60002601V,s5000.02601@example.invalid,"+34 600002601",2026-09-25,activo,"Sede sintética",999999
S5000-02602,Iñigo,"Martín Sáez",60002602H,s5000.02602@example.invalid,600-002-602,2026-10-26,activo,"Sede sintética",999999
S5000-02603,"María José","Gómez León",60002603L,s5000.02603@example.invalid,"+34 600002603",2026-11-27,activo,"Sede sintética",999999
S5000-02604,Óscar,"Muñoz García",60002604C,s5000.02604@example.invalid,600-002-604,2026-12-28,activo,"Sede sintética",999999
S5000-02605,Nuria,"Pérez Núñez",60002605K,s5000.02605@example.invalid,"+34 600002605",2026-01-01,activo,"Sede sintética",999999
S5000-02606,Raúl,"Martín Sáez",60002606E,s5000.02606@example.invalid,600-002-606,2026-02-02,activo,"Sede sintética",999999
S5000-02607,Sofía,"Gómez León",60002607T,s5000.02607@example.invalid,"+34 600002607",2026-03-03,inactivo,"Sede sintética",999999
S5000-02608,Álvaro,"Muñoz García",60002608R,s5000.02608@example.invalid,600-002-608,2026-04-04,activo,"Sede sintética",999999
S5000-02609,Lucía,"Pérez Núñez",60002609W,s5000.02609@example.invalid,"+34 600002609",2026-05-05,activo,"Sede sintética",999999
S5000-02610,Iñigo,"Martín Sáez",60002610A,s5000.02610@example.invalid,600-002-610,2026-06-06,activo,"Sede sintética",999999
S5000-02611,"María José","Gómez León",60002611G,s5000.02611@example.invalid,"+34 600002611",2026-07-07,activo,"Sede sintética",999999
S5000-02612,Óscar,"Muñoz García",60002612M,s5000.02612@example.invalid,600-002-612,2026-08-08,activo,"Sede sintética",999999
S5000-02613,Nuria,"Pérez Núñez",60002613Y,s5000.02613@example.invalid,"+34 600002613",2026-09-09,activo,"Sede sintética",999999
S5000-02614,Raúl,"Martín Sáez",60002614F,s5000.02614@example.invalid,600-002-614,2026-10-10,activo,"Sede sintética",999999
S5000-02615,Sofía,"Gómez León",60002615P,s5000.02615@example.invalid,"+34 600002615",2026-11-11,activo,"Sede sintética",999999
S5000-02616,Álvaro,"Muñoz García",60002616D,s5000.02616@example.invalid,600-002-616,2026-12-12,activo,"Sede sintética",999999
S5000-02617,Lucía,"Pérez Núñez",60002617X,s5000.02617@example.invalid,"+34 600002617",2026-01-13,activo,"Sede sintética",999999
S5000-02618,Iñigo,"Martín Sáez",60002618B,s5000.02618@example.invalid,600-002-618,2026-02-14,inactivo,"Sede sintética",999999
S5000-02619,"María José","Gómez León",60002619N,s5000.02619@example.invalid,"+34 600002619",2026-03-15,activo,"Sede sintética",999999
S5000-02620,Óscar,"Muñoz García",60002620J,s5000.02620@example.invalid,600-002-620,2026-04-16,activo,"Sede sintética",999999
S5000-02621,Nuria,"Pérez Núñez",60002621Z,s5000.02621@example.invalid,"+34 600002621",2026-05-17,activo,"Sede sintética",999999
S5000-02622,Raúl,"Martín Sáez",60002622S,s5000.02622@example.invalid,600-002-622,2026-06-18,activo,"Sede sintética",999999
S5000-02623,Sofía,"Gómez León",60002623Q,s5000.02623@example.invalid,"+34 600002623",2026-07-19,activo,"Sede sintética",999999
S5000-02624,Álvaro,"Muñoz García",60002624V,s5000.02624@example.invalid,600-002-624,2026-08-20,activo,"Sede sintética",999999
S5000-02625,Lucía,"Pérez Núñez",60002625H,s5000.02625@example.invalid,"+34 600002625",2026-09-21,activo,"Sede sintética",999999
S5000-02626,Iñigo,"Martín Sáez",60002626L,s5000.02626@example.invalid,600-002-626,2026-10-22,activo,"Sede sintética",999999
S5000-02627,"María José","Gómez León",60002627C,s5000.02627@example.invalid,"+34 600002627",2026-11-23,activo,"Sede sintética",999999
S5000-02628,Óscar,"Muñoz García",60002628K,s5000.02628@example.invalid,600-002-628,2026-12-24,activo,"Sede sintética",999999
S5000-02629,Nuria,"Pérez Núñez",60002629E,s5000.02629@example.invalid,"+34 600002629",2026-01-25,inactivo,"Sede sintética",999999
S5000-02630,Raúl,"Martín Sáez",60002630T,s5000.02630@example.invalid,600-002-630,2026-02-26,activo,"Sede sintética",999999
S5000-02631,Sofía,"Gómez León",60002631R,s5000.02631@example.invalid,"+34 600002631",2026-03-27,activo,"Sede sintética",999999
S5000-02632,Álvaro,"Muñoz García",60002632W,s5000.02632@example.invalid,600-002-632,2026-04-28,activo,"Sede sintética",999999
S5000-02633,Lucía,"Pérez Núñez",60002633A,s5000.02633@example.invalid,"+34 600002633",2026-05-01,activo,"Sede sintética",999999
S5000-02634,Iñigo,"Martín Sáez",60002634G,s5000.02634@example.invalid,600-002-634,2026-06-02,activo,"Sede sintética",999999
S5000-02635,"María José","Gómez León",60002635M,s5000.02635@example.invalid,"+34 600002635",2026-07-03,activo,"Sede sintética",999999
S5000-02636,Óscar,"Muñoz García",60002636Y,s5000.02636@example.invalid,600-002-636,2026-08-04,activo,"Sede sintética",999999
S5000-02637,Nuria,"Pérez Núñez",60002637F,s5000.02637@example.invalid,"+34 600002637",2026-09-05,activo,"Sede sintética",999999
S5000-02638,Raúl,"Martín Sáez",60002638P,s5000.02638@example.invalid,600-002-638,2026-10-06,activo,"Sede sintética",999999
S5000-02639,Sofía,"Gómez León",60002639D,s5000.02639@example.invalid,"+34 600002639",2026-11-07,activo,"Sede sintética",999999
S5000-02640,Álvaro,"Muñoz García",60002640X,s5000.02640@example.invalid,600-002-640,2026-12-08,inactivo,"Sede sintética",999999
S5000-02641,Lucía,"Pérez Núñez",60002641B,s5000.02641@example.invalid,"+34 600002641",2026-01-09,activo,"Sede sintética",999999
S5000-02642,Iñigo,"Martín Sáez",60002642N,s5000.02642@example.invalid,600-002-642,2026-02-10,activo,"Sede sintética",999999
S5000-02643,"María José","Gómez León",60002643J,s5000.02643@example.invalid,"+34 600002643",2026-03-11,activo,"Sede sintética",999999
S5000-02644,Óscar,"Muñoz García",60002644Z,s5000.02644@example.invalid,600-002-644,2026-04-12,activo,"Sede sintética",999999
S5000-02645,Nuria,"Pérez Núñez",60002645S,s5000.02645@example.invalid,"+34 600002645",2026-05-13,activo,"Sede sintética",999999
S5000-02646,Raúl,"Martín Sáez",60002646Q,s5000.02646@example.invalid,600-002-646,2026-06-14,activo,"Sede sintética",999999
S5000-02647,Sofía,"Gómez León",60002647V,s5000.02647@example.invalid,"+34 600002647",2026-07-15,activo,"Sede sintética",999999
S5000-02648,Álvaro,"Muñoz García",60002648H,s5000.02648@example.invalid,600-002-648,2026-08-16,activo,"Sede sintética",999999
S5000-02649,Lucía,"Pérez Núñez",60002649L,s5000.02649@example.invalid,"+34 600002649",2026-09-17,activo,"Sede sintética",999999
S5000-02650,Iñigo,"Martín Sáez",60002650C,s5000.02650@example.invalid,600-002-650,2026-10-18,activo,"Sede sintética",999999
S5000-02651,"María José","Gómez León",60002651K,s5000.02651@example.invalid,"+34 600002651",2026-11-19,inactivo,"Sede sintética",999999
S5000-02652,Óscar,"Muñoz García",60002652E,s5000.02652@example.invalid,600-002-652,2026-12-20,activo,"Sede sintética",999999
S5000-02653,Nuria,"Pérez Núñez",60002653T,s5000.02653@example.invalid,"+34 600002653",2026-01-21,activo,"Sede sintética",999999
S5000-02654,Raúl,"Martín Sáez",60002654R,s5000.02654@example.invalid,600-002-654,2026-02-22,activo,"Sede sintética",999999
S5000-02655,Sofía,"Gómez León",60002655W,s5000.02655@example.invalid,"+34 600002655",2026-03-23,activo,"Sede sintética",999999
S5000-02656,Álvaro,"Muñoz García",60002656A,s5000.02656@example.invalid,600-002-656,2026-04-24,activo,"Sede sintética",999999
S5000-02657,Lucía,"Pérez Núñez",60002657G,s5000.02657@example.invalid,"+34 600002657",2026-05-25,activo,"Sede sintética",999999
S5000-02658,Iñigo,"Martín Sáez",60002658M,s5000.02658@example.invalid,600-002-658,2026-06-26,activo,"Sede sintética",999999
S5000-02659,"María José","Gómez León",60002659Y,s5000.02659@example.invalid,"+34 600002659",2026-07-27,activo,"Sede sintética",999999
S5000-02660,Óscar,"Muñoz García",60002660F,s5000.02660@example.invalid,600-002-660,2026-08-28,activo,"Sede sintética",999999
S5000-02661,Nuria,"Pérez Núñez",60002661P,s5000.02661@example.invalid,"+34 600002661",2026-09-01,activo,"Sede sintética",999999
S5000-02662,Raúl,"Martín Sáez",60002662D,s5000.02662@example.invalid,600-002-662,2026-10-02,inactivo,"Sede sintética",999999
S5000-02663,Sofía,"Gómez León",60002663X,s5000.02663@example.invalid,"+34 600002663",2026-11-03,activo,"Sede sintética",999999
S5000-02664,Álvaro,"Muñoz García",60002664B,s5000.02664@example.invalid,600-002-664,2026-12-04,activo,"Sede sintética",999999
S5000-02665,Lucía,"Pérez Núñez",60002665N,s5000.02665@example.invalid,"+34 600002665",2026-01-05,activo,"Sede sintética",999999
S5000-02666,Iñigo,"Martín Sáez",60002666J,s5000.02666@example.invalid,600-002-666,2026-02-06,activo,"Sede sintética",999999
S5000-02667,"María José","Gómez León",60002667Z,s5000.02667@example.invalid,"+34 600002667",2026-03-07,activo,"Sede sintética",999999
S5000-02668,Óscar,"Muñoz García",60002668S,s5000.02668@example.invalid,600-002-668,2026-04-08,activo,"Sede sintética",999999
S5000-02669,Nuria,"Pérez Núñez",60002669Q,s5000.02669@example.invalid,"+34 600002669",2026-05-09,activo,"Sede sintética",999999
S5000-02670,Raúl,"Martín Sáez",60002670V,s5000.02670@example.invalid,600-002-670,2026-06-10,activo,"Sede sintética",999999
S5000-02671,Sofía,"Gómez León",60002671H,s5000.02671@example.invalid,"+34 600002671",2026-07-11,activo,"Sede sintética",999999
S5000-02672,Álvaro,"Muñoz García",60002672L,s5000.02672@example.invalid,600-002-672,2026-08-12,activo,"Sede sintética",999999
S5000-02673,Lucía,"Pérez Núñez",60002673C,s5000.02673@example.invalid,"+34 600002673",2026-09-13,inactivo,"Sede sintética",999999
S5000-02674,Iñigo,"Martín Sáez",60002674K,s5000.02674@example.invalid,600-002-674,2026-10-14,activo,"Sede sintética",999999
S5000-02675,"María José","Gómez León",60002675E,s5000.02675@example.invalid,"+34 600002675",2026-11-15,activo,"Sede sintética",999999
S5000-02676,Óscar,"Muñoz García",60002676T,s5000.02676@example.invalid,600-002-676,2026-12-16,activo,"Sede sintética",999999
S5000-02677,Nuria,"Pérez Núñez",60002677R,s5000.02677@example.invalid,"+34 600002677",2026-01-17,activo,"Sede sintética",999999
S5000-02678,Raúl,"Martín Sáez",60002678W,s5000.02678@example.invalid,600-002-678,2026-02-18,activo,"Sede sintética",999999
S5000-02679,Sofía,"Gómez León",60002679A,s5000.02679@example.invalid,"+34 600002679",2026-03-19,activo,"Sede sintética",999999
S5000-02680,Álvaro,"Muñoz García",60002680G,s5000.02680@example.invalid,600-002-680,2026-04-20,activo,"Sede sintética",999999
S5000-02681,Lucía,"Pérez Núñez",60002681M,s5000.02681@example.invalid,"+34 600002681",2026-05-21,activo,"Sede sintética",999999
S5000-02682,Iñigo,"Martín Sáez",60002682Y,s5000.02682@example.invalid,600-002-682,2026-06-22,activo,"Sede sintética",999999
S5000-02683,"María José","Gómez León",60002683F,s5000.02683@example.invalid,"+34 600002683",2026-07-23,activo,"Sede sintética",999999
S5000-02684,Óscar,"Muñoz García",60002684P,s5000.02684@example.invalid,600-002-684,2026-08-24,inactivo,"Sede sintética",999999
S5000-02685,Nuria,"Pérez Núñez",60002685D,s5000.02685@example.invalid,"+34 600002685",2026-09-25,activo,"Sede sintética",999999
S5000-02686,Raúl,"Martín Sáez",60002686X,s5000.02686@example.invalid,600-002-686,2026-10-26,activo,"Sede sintética",999999
S5000-02687,Sofía,"Gómez León",60002687B,s5000.02687@example.invalid,"+34 600002687",2026-11-27,activo,"Sede sintética",999999
S5000-02688,Álvaro,"Muñoz García",60002688N,s5000.02688@example.invalid,600-002-688,2026-12-28,activo,"Sede sintética",999999
S5000-02689,Lucía,"Pérez Núñez",60002689J,s5000.02689@example.invalid,"+34 600002689",2026-01-01,activo,"Sede sintética",999999
S5000-02690,Iñigo,"Martín Sáez",60002690Z,s5000.02690@example.invalid,600-002-690,2026-02-02,activo,"Sede sintética",999999
S5000-02691,"María José","Gómez León",60002691S,s5000.02691@example.invalid,"+34 600002691",2026-03-03,activo,"Sede sintética",999999
S5000-02692,Óscar,"Muñoz García",60002692Q,s5000.02692@example.invalid,600-002-692,2026-04-04,activo,"Sede sintética",999999
S5000-02693,Nuria,"Pérez Núñez",60002693V,s5000.02693@example.invalid,"+34 600002693",2026-05-05,activo,"Sede sintética",999999
S5000-02694,Raúl,"Martín Sáez",60002694H,s5000.02694@example.invalid,600-002-694,2026-06-06,activo,"Sede sintética",999999
S5000-02695,Sofía,"Gómez León",60002695L,s5000.02695@example.invalid,"+34 600002695",2026-07-07,inactivo,"Sede sintética",999999
S5000-02696,Álvaro,"Muñoz García",60002696C,s5000.02696@example.invalid,600-002-696,2026-08-08,activo,"Sede sintética",999999
S5000-02697,Lucía,"Pérez Núñez",60002697K,s5000.02697@example.invalid,"+34 600002697",2026-09-09,activo,"Sede sintética",999999
S5000-02698,Iñigo,"Martín Sáez",60002698E,s5000.02698@example.invalid,600-002-698,2026-10-10,activo,"Sede sintética",999999
S5000-02699,"María José","Gómez León",60002699T,s5000.02699@example.invalid,"+34 600002699",2026-11-11,activo,"Sede sintética",999999
S5000-02700,Óscar,"Muñoz García",60002700R,s5000.02700@example.invalid,600-002-700,2026-12-12,activo,"Sede sintética",999999
S5000-02701,Nuria,"Pérez Núñez",60002701W,s5000.02701@example.invalid,"+34 600002701",2026-01-13,activo,"Sede sintética",999999
S5000-02702,Raúl,"Martín Sáez",60002702A,s5000.02702@example.invalid,600-002-702,2026-02-14,activo,"Sede sintética",999999
S5000-02703,Sofía,"Gómez León",60002703G,s5000.02703@example.invalid,"+34 600002703",2026-03-15,activo,"Sede sintética",999999
S5000-02704,Álvaro,"Muñoz García",60002704M,s5000.02704@example.invalid,600-002-704,2026-04-16,activo,"Sede sintética",999999
S5000-02705,Lucía,"Pérez Núñez",60002705Y,s5000.02705@example.invalid,"+34 600002705",2026-05-17,activo,"Sede sintética",999999
S5000-02706,Iñigo,"Martín Sáez",60002706F,s5000.02706@example.invalid,600-002-706,2026-06-18,inactivo,"Sede sintética",999999
S5000-02707,"María José","Gómez León",60002707P,s5000.02707@example.invalid,"+34 600002707",2026-07-19,activo,"Sede sintética",999999
S5000-02708,Óscar,"Muñoz García",60002708D,s5000.02708@example.invalid,600-002-708,2026-08-20,activo,"Sede sintética",999999
S5000-02709,Nuria,"Pérez Núñez",60002709X,s5000.02709@example.invalid,"+34 600002709",2026-09-21,activo,"Sede sintética",999999
S5000-02710,Raúl,"Martín Sáez",60002710B,s5000.02710@example.invalid,600-002-710,2026-10-22,activo,"Sede sintética",999999
S5000-02711,Sofía,"Gómez León",60002711N,s5000.02711@example.invalid,"+34 600002711",2026-11-23,activo,"Sede sintética",999999
S5000-02712,Álvaro,"Muñoz García",60002712J,s5000.02712@example.invalid,600-002-712,2026-12-24,activo,"Sede sintética",999999
S5000-02713,Lucía,"Pérez Núñez",60002713Z,s5000.02713@example.invalid,"+34 600002713",2026-01-25,activo,"Sede sintética",999999
S5000-02714,Iñigo,"Martín Sáez",60002714S,s5000.02714@example.invalid,600-002-714,2026-02-26,activo,"Sede sintética",999999
S5000-02715,"María José","Gómez León",60002715Q,s5000.02715@example.invalid,"+34 600002715",2026-03-27,activo,"Sede sintética",999999
S5000-02716,Óscar,"Muñoz García",60002716V,s5000.02716@example.invalid,600-002-716,2026-04-28,activo,"Sede sintética",999999
S5000-02717,Nuria,"Pérez Núñez",60002717H,s5000.02717@example.invalid,"+34 600002717",2026-05-01,inactivo,"Sede sintética",999999
S5000-02718,Raúl,"Martín Sáez",60002718L,s5000.02718@example.invalid,600-002-718,2026-06-02,activo,"Sede sintética",999999
S5000-02719,Sofía,"Gómez León",60002719C,s5000.02719@example.invalid,"+34 600002719",2026-07-03,activo,"Sede sintética",999999
S5000-02720,Álvaro,"Muñoz García",60002720K,s5000.02720@example.invalid,600-002-720,2026-08-04,activo,"Sede sintética",999999
S5000-02721,Lucía,"Pérez Núñez",60002721E,s5000.02721@example.invalid,"+34 600002721",2026-09-05,activo,"Sede sintética",999999
S5000-02722,Iñigo,"Martín Sáez",60002722T,s5000.02722@example.invalid,600-002-722,2026-10-06,activo,"Sede sintética",999999
S5000-02723,"María José","Gómez León",60002723R,s5000.02723@example.invalid,"+34 600002723",2026-11-07,activo,"Sede sintética",999999
S5000-02724,Óscar,"Muñoz García",60002724W,s5000.02724@example.invalid,600-002-724,2026-12-08,activo,"Sede sintética",999999
S5000-02725,Nuria,"Pérez Núñez",60002725A,s5000.02725@example.invalid,"+34 600002725",2026-01-09,activo,"Sede sintética",999999
S5000-02726,Raúl,"Martín Sáez",60002726G,s5000.02726@example.invalid,600-002-726,2026-02-10,activo,"Sede sintética",999999
S5000-02727,Sofía,"Gómez León",60002727M,s5000.02727@example.invalid,"+34 600002727",2026-03-11,activo,"Sede sintética",999999
S5000-02728,Álvaro,"Muñoz García",60002728Y,s5000.02728@example.invalid,600-002-728,2026-04-12,inactivo,"Sede sintética",999999
S5000-02729,Lucía,"Pérez Núñez",60002729F,s5000.02729@example.invalid,"+34 600002729",2026-05-13,activo,"Sede sintética",999999
S5000-02730,Iñigo,"Martín Sáez",60002730P,s5000.02730@example.invalid,600-002-730,2026-06-14,activo,"Sede sintética",999999
S5000-02731,"María José","Gómez León",60002731D,s5000.02731@example.invalid,"+34 600002731",2026-07-15,activo,"Sede sintética",999999
S5000-02732,Óscar,"Muñoz García",60002732X,s5000.02732@example.invalid,600-002-732,2026-08-16,activo,"Sede sintética",999999
S5000-02733,Nuria,"Pérez Núñez",60002733B,s5000.02733@example.invalid,"+34 600002733",2026-09-17,activo,"Sede sintética",999999
S5000-02734,Raúl,"Martín Sáez",60002734N,s5000.02734@example.invalid,600-002-734,2026-10-18,activo,"Sede sintética",999999
S5000-02735,Sofía,"Gómez León",60002735J,s5000.02735@example.invalid,"+34 600002735",2026-11-19,activo,"Sede sintética",999999
S5000-02736,Álvaro,"Muñoz García",60002736Z,s5000.02736@example.invalid,600-002-736,2026-12-20,activo,"Sede sintética",999999
S5000-02737,Lucía,"Pérez Núñez",60002737S,s5000.02737@example.invalid,"+34 600002737",2026-01-21,activo,"Sede sintética",999999
S5000-02738,Iñigo,"Martín Sáez",60002738Q,s5000.02738@example.invalid,600-002-738,2026-02-22,activo,"Sede sintética",999999
S5000-02739,"María José","Gómez León",60002739V,s5000.02739@example.invalid,"+34 600002739",2026-03-23,inactivo,"Sede sintética",999999
S5000-02740,Óscar,"Muñoz García",60002740H,s5000.02740@example.invalid,600-002-740,2026-04-24,activo,"Sede sintética",999999
S5000-02741,Nuria,"Pérez Núñez",60002741L,s5000.02741@example.invalid,"+34 600002741",2026-05-25,activo,"Sede sintética",999999
S5000-02742,Raúl,"Martín Sáez",60002742C,s5000.02742@example.invalid,600-002-742,2026-06-26,activo,"Sede sintética",999999
S5000-02743,Sofía,"Gómez León",60002743K,s5000.02743@example.invalid,"+34 600002743",2026-07-27,activo,"Sede sintética",999999
S5000-02744,Álvaro,"Muñoz García",60002744E,s5000.02744@example.invalid,600-002-744,2026-08-28,activo,"Sede sintética",999999
S5000-02745,Lucía,"Pérez Núñez",60002745T,s5000.02745@example.invalid,"+34 600002745",2026-09-01,activo,"Sede sintética",999999
S5000-02746,Iñigo,"Martín Sáez",60002746R,s5000.02746@example.invalid,600-002-746,2026-10-02,activo,"Sede sintética",999999
S5000-02747,"María José","Gómez León",60002747W,s5000.02747@example.invalid,"+34 600002747",2026-11-03,activo,"Sede sintética",999999
S5000-02748,Óscar,"Muñoz García",60002748A,s5000.02748@example.invalid,600-002-748,2026-12-04,activo,"Sede sintética",999999
S5000-02749,Nuria,"Pérez Núñez",60002749G,s5000.02749@example.invalid,"+34 600002749",2026-01-05,activo,"Sede sintética",999999
S5000-02750,Raúl,"Martín Sáez",60002750M,s5000.02750@example.invalid,600-002-750,2026-02-06,inactivo,"Sede sintética",999999
S5000-02751,Sofía,"Gómez León",60002751Y,s5000.02751@example.invalid,"+34 600002751",2026-03-07,activo,"Sede sintética",999999
S5000-02752,Álvaro,"Muñoz García",60002752F,s5000.02752@example.invalid,600-002-752,2026-04-08,activo,"Sede sintética",999999
S5000-02753,Lucía,"Pérez Núñez",60002753P,s5000.02753@example.invalid,"+34 600002753",2026-05-09,activo,"Sede sintética",999999
S5000-02754,Iñigo,"Martín Sáez",60002754D,s5000.02754@example.invalid,600-002-754,2026-06-10,activo,"Sede sintética",999999
S5000-02755,"María José","Gómez León",60002755X,s5000.02755@example.invalid,"+34 600002755",2026-07-11,activo,"Sede sintética",999999
S5000-02756,Óscar,"Muñoz García",60002756B,s5000.02756@example.invalid,600-002-756,2026-08-12,activo,"Sede sintética",999999
S5000-02757,Nuria,"Pérez Núñez",60002757N,s5000.02757@example.invalid,"+34 600002757",2026-09-13,activo,"Sede sintética",999999
S5000-02758,Raúl,"Martín Sáez",60002758J,s5000.02758@example.invalid,600-002-758,2026-10-14,activo,"Sede sintética",999999
S5000-02759,Sofía,"Gómez León",60002759Z,s5000.02759@example.invalid,"+34 600002759",2026-11-15,activo,"Sede sintética",999999
S5000-02760,Álvaro,"Muñoz García",60002760S,s5000.02760@example.invalid,600-002-760,2026-12-16,activo,"Sede sintética",999999
S5000-02761,Lucía,"Pérez Núñez",60002761Q,s5000.02761@example.invalid,"+34 600002761",2026-01-17,inactivo,"Sede sintética",999999
S5000-02762,Iñigo,"Martín Sáez",60002762V,s5000.02762@example.invalid,600-002-762,2026-02-18,activo,"Sede sintética",999999
S5000-02763,"María José","Gómez León",60002763H,s5000.02763@example.invalid,"+34 600002763",2026-03-19,activo,"Sede sintética",999999
S5000-02764,Óscar,"Muñoz García",60002764L,s5000.02764@example.invalid,600-002-764,2026-04-20,activo,"Sede sintética",999999
S5000-02765,Nuria,"Pérez Núñez",60002765C,s5000.02765@example.invalid,"+34 600002765",2026-05-21,activo,"Sede sintética",999999
S5000-02766,Raúl,"Martín Sáez",60002766K,s5000.02766@example.invalid,600-002-766,2026-06-22,activo,"Sede sintética",999999
S5000-02767,Sofía,"Gómez León",60002767E,s5000.02767@example.invalid,"+34 600002767",2026-07-23,activo,"Sede sintética",999999
S5000-02768,Álvaro,"Muñoz García",60002768T,s5000.02768@example.invalid,600-002-768,2026-08-24,activo,"Sede sintética",999999
S5000-02769,Lucía,"Pérez Núñez",60002769R,s5000.02769@example.invalid,"+34 600002769",2026-09-25,activo,"Sede sintética",999999
S5000-02770,Iñigo,"Martín Sáez",60002770W,s5000.02770@example.invalid,600-002-770,2026-10-26,activo,"Sede sintética",999999
S5000-02771,"María José","Gómez León",60002771A,s5000.02771@example.invalid,"+34 600002771",2026-11-27,activo,"Sede sintética",999999
S5000-02772,Óscar,"Muñoz García",60002772G,s5000.02772@example.invalid,600-002-772,2026-12-28,inactivo,"Sede sintética",999999
S5000-02773,Nuria,"Pérez Núñez",60002773M,s5000.02773@example.invalid,"+34 600002773",2026-01-01,activo,"Sede sintética",999999
S5000-02774,Raúl,"Martín Sáez",60002774Y,s5000.02774@example.invalid,600-002-774,2026-02-02,activo,"Sede sintética",999999
S5000-02775,Sofía,"Gómez León",60002775F,s5000.02775@example.invalid,"+34 600002775",2026-03-03,activo,"Sede sintética",999999
S5000-02776,Álvaro,"Muñoz García",60002776P,s5000.02776@example.invalid,600-002-776,2026-04-04,activo,"Sede sintética",999999
S5000-02777,Lucía,"Pérez Núñez",60002777D,s5000.02777@example.invalid,"+34 600002777",2026-05-05,activo,"Sede sintética",999999
S5000-02778,Iñigo,"Martín Sáez",60002778X,s5000.02778@example.invalid,600-002-778,2026-06-06,activo,"Sede sintética",999999
S5000-02779,"María José","Gómez León",60002779B,s5000.02779@example.invalid,"+34 600002779",2026-07-07,activo,"Sede sintética",999999
S5000-02780,Óscar,"Muñoz García",60002780N,s5000.02780@example.invalid,600-002-780,2026-08-08,activo,"Sede sintética",999999
S5000-02781,Nuria,"Pérez Núñez",60002781J,s5000.02781@example.invalid,"+34 600002781",2026-09-09,activo,"Sede sintética",999999
S5000-02782,Raúl,"Martín Sáez",60002782Z,s5000.02782@example.invalid,600-002-782,2026-10-10,activo,"Sede sintética",999999
S5000-02783,Sofía,"Gómez León",60002783S,s5000.02783@example.invalid,"+34 600002783",2026-11-11,inactivo,"Sede sintética",999999
S5000-02784,Álvaro,"Muñoz García",60002784Q,s5000.02784@example.invalid,600-002-784,2026-12-12,activo,"Sede sintética",999999
S5000-02785,Lucía,"Pérez Núñez",60002785V,s5000.02785@example.invalid,"+34 600002785",2026-01-13,activo,"Sede sintética",999999
S5000-02786,Iñigo,"Martín Sáez",60002786H,s5000.02786@example.invalid,600-002-786,2026-02-14,activo,"Sede sintética",999999
S5000-02787,"María José","Gómez León",60002787L,s5000.02787@example.invalid,"+34 600002787",2026-03-15,activo,"Sede sintética",999999
S5000-02788,Óscar,"Muñoz García",60002788C,s5000.02788@example.invalid,600-002-788,2026-04-16,activo,"Sede sintética",999999
S5000-02789,Nuria,"Pérez Núñez",60002789K,s5000.02789@example.invalid,"+34 600002789",2026-05-17,activo,"Sede sintética",999999
S5000-02790,Raúl,"Martín Sáez",60002790E,s5000.02790@example.invalid,600-002-790,2026-06-18,activo,"Sede sintética",999999
S5000-02791,Sofía,"Gómez León",60002791T,s5000.02791@example.invalid,"+34 600002791",2026-07-19,activo,"Sede sintética",999999
S5000-02792,Álvaro,"Muñoz García",60002792R,s5000.02792@example.invalid,600-002-792,2026-08-20,activo,"Sede sintética",999999
S5000-02793,Lucía,"Pérez Núñez",60002793W,s5000.02793@example.invalid,"+34 600002793",2026-09-21,activo,"Sede sintética",999999
S5000-02794,Iñigo,"Martín Sáez",60002794A,s5000.02794@example.invalid,600-002-794,2026-10-22,inactivo,"Sede sintética",999999
S5000-02795,"María José","Gómez León",60002795G,s5000.02795@example.invalid,"+34 600002795",2026-11-23,activo,"Sede sintética",999999
S5000-02796,Óscar,"Muñoz García",60002796M,s5000.02796@example.invalid,600-002-796,2026-12-24,activo,"Sede sintética",999999
S5000-02797,Nuria,"Pérez Núñez",60002797Y,s5000.02797@example.invalid,"+34 600002797",2026-01-25,activo,"Sede sintética",999999
S5000-02798,Raúl,"Martín Sáez",60002798F,s5000.02798@example.invalid,600-002-798,2026-02-26,activo,"Sede sintética",999999
S5000-02799,Sofía,"Gómez León",60002799P,s5000.02799@example.invalid,"+34 600002799",2026-03-27,activo,"Sede sintética",999999
S5000-02800,Álvaro,"Muñoz García",60002800D,s5000.02800@example.invalid,600-002-800,2026-04-28,activo,"Sede sintética",999999
S5000-02801,Lucía,"Pérez Núñez",60002801X,s5000.02801@example.invalid,"+34 600002801",2026-05-01,activo,"Sede sintética",999999
S5000-02802,Iñigo,"Martín Sáez",60002802B,s5000.02802@example.invalid,600-002-802,2026-06-02,activo,"Sede sintética",999999
S5000-02803,"María José","Gómez León",60002803N,s5000.02803@example.invalid,"+34 600002803",2026-07-03,activo,"Sede sintética",999999
S5000-02804,Óscar,"Muñoz García",60002804J,s5000.02804@example.invalid,600-002-804,2026-08-04,activo,"Sede sintética",999999
S5000-02805,Nuria,"Pérez Núñez",60002805Z,s5000.02805@example.invalid,"+34 600002805",2026-09-05,inactivo,"Sede sintética",999999
S5000-02806,Raúl,"Martín Sáez",60002806S,s5000.02806@example.invalid,600-002-806,2026-10-06,activo,"Sede sintética",999999
S5000-02807,Sofía,"Gómez León",60002807Q,s5000.02807@example.invalid,"+34 600002807",2026-11-07,activo,"Sede sintética",999999
S5000-02808,Álvaro,"Muñoz García",60002808V,s5000.02808@example.invalid,600-002-808,2026-12-08,activo,"Sede sintética",999999
S5000-02809,Lucía,"Pérez Núñez",60002809H,s5000.02809@example.invalid,"+34 600002809",2026-01-09,activo,"Sede sintética",999999
S5000-02810,Iñigo,"Martín Sáez",60002810L,s5000.02810@example.invalid,600-002-810,2026-02-10,activo,"Sede sintética",999999
S5000-02811,"María José","Gómez León",60002811C,s5000.02811@example.invalid,"+34 600002811",2026-03-11,activo,"Sede sintética",999999
S5000-02812,Óscar,"Muñoz García",60002812K,s5000.02812@example.invalid,600-002-812,2026-04-12,activo,"Sede sintética",999999
S5000-02813,Nuria,"Pérez Núñez",60002813E,s5000.02813@example.invalid,"+34 600002813",2026-05-13,activo,"Sede sintética",999999
S5000-02814,Raúl,"Martín Sáez",60002814T,s5000.02814@example.invalid,600-002-814,2026-06-14,activo,"Sede sintética",999999
S5000-02815,Sofía,"Gómez León",60002815R,s5000.02815@example.invalid,"+34 600002815",2026-07-15,activo,"Sede sintética",999999
S5000-02816,Álvaro,"Muñoz García",60002816W,s5000.02816@example.invalid,600-002-816,2026-08-16,inactivo,"Sede sintética",999999
S5000-02817,Lucía,"Pérez Núñez",60002817A,s5000.02817@example.invalid,"+34 600002817",2026-09-17,activo,"Sede sintética",999999
S5000-02818,Iñigo,"Martín Sáez",60002818G,s5000.02818@example.invalid,600-002-818,2026-10-18,activo,"Sede sintética",999999
S5000-02819,"María José","Gómez León",60002819M,s5000.02819@example.invalid,"+34 600002819",2026-11-19,activo,"Sede sintética",999999
S5000-02820,Óscar,"Muñoz García",60002820Y,s5000.02820@example.invalid,600-002-820,2026-12-20,activo,"Sede sintética",999999
S5000-02821,Nuria,"Pérez Núñez",60002821F,s5000.02821@example.invalid,"+34 600002821",2026-01-21,activo,"Sede sintética",999999
S5000-02822,Raúl,"Martín Sáez",60002822P,s5000.02822@example.invalid,600-002-822,2026-02-22,activo,"Sede sintética",999999
S5000-02823,Sofía,"Gómez León",60002823D,s5000.02823@example.invalid,"+34 600002823",2026-03-23,activo,"Sede sintética",999999
S5000-02824,Álvaro,"Muñoz García",60002824X,s5000.02824@example.invalid,600-002-824,2026-04-24,activo,"Sede sintética",999999
S5000-02825,Lucía,"Pérez Núñez",60002825B,s5000.02825@example.invalid,"+34 600002825",2026-05-25,activo,"Sede sintética",999999
S5000-02826,Iñigo,"Martín Sáez",60002826N,s5000.02826@example.invalid,600-002-826,2026-06-26,activo,"Sede sintética",999999
S5000-02827,"María José","Gómez León",60002827J,s5000.02827@example.invalid,"+34 600002827",2026-07-27,inactivo,"Sede sintética",999999
S5000-02828,Óscar,"Muñoz García",60002828Z,s5000.02828@example.invalid,600-002-828,2026-08-28,activo,"Sede sintética",999999
S5000-02829,Nuria,"Pérez Núñez",60002829S,s5000.02829@example.invalid,"+34 600002829",2026-09-01,activo,"Sede sintética",999999
S5000-02830,Raúl,"Martín Sáez",60002830Q,s5000.02830@example.invalid,600-002-830,2026-10-02,activo,"Sede sintética",999999
S5000-02831,Sofía,"Gómez León",60002831V,s5000.02831@example.invalid,"+34 600002831",2026-11-03,activo,"Sede sintética",999999
S5000-02832,Álvaro,"Muñoz García",60002832H,s5000.02832@example.invalid,600-002-832,2026-12-04,activo,"Sede sintética",999999
S5000-02833,Lucía,"Pérez Núñez",60002833L,s5000.02833@example.invalid,"+34 600002833",2026-01-05,activo,"Sede sintética",999999
S5000-02834,Iñigo,"Martín Sáez",60002834C,s5000.02834@example.invalid,600-002-834,2026-02-06,activo,"Sede sintética",999999
S5000-02835,"María José","Gómez León",60002835K,s5000.02835@example.invalid,"+34 600002835",2026-03-07,activo,"Sede sintética",999999
S5000-02836,Óscar,"Muñoz García",60002836E,s5000.02836@example.invalid,600-002-836,2026-04-08,activo,"Sede sintética",999999
S5000-02837,Nuria,"Pérez Núñez",60002837T,s5000.02837@example.invalid,"+34 600002837",2026-05-09,activo,"Sede sintética",999999
S5000-02838,Raúl,"Martín Sáez",60002838R,s5000.02838@example.invalid,600-002-838,2026-06-10,inactivo,"Sede sintética",999999
S5000-02839,Sofía,"Gómez León",60002839W,s5000.02839@example.invalid,"+34 600002839",2026-07-11,activo,"Sede sintética",999999
S5000-02840,Álvaro,"Muñoz García",60002840A,s5000.02840@example.invalid,600-002-840,2026-08-12,activo,"Sede sintética",999999
S5000-02841,Lucía,"Pérez Núñez",60002841G,s5000.02841@example.invalid,"+34 600002841",2026-09-13,activo,"Sede sintética",999999
S5000-02842,Iñigo,"Martín Sáez",60002842M,s5000.02842@example.invalid,600-002-842,2026-10-14,activo,"Sede sintética",999999
S5000-02843,"María José","Gómez León",60002843Y,s5000.02843@example.invalid,"+34 600002843",2026-11-15,activo,"Sede sintética",999999
S5000-02844,Óscar,"Muñoz García",60002844F,s5000.02844@example.invalid,600-002-844,2026-12-16,activo,"Sede sintética",999999
S5000-02845,Nuria,"Pérez Núñez",60002845P,s5000.02845@example.invalid,"+34 600002845",2026-01-17,activo,"Sede sintética",999999
S5000-02846,Raúl,"Martín Sáez",60002846D,s5000.02846@example.invalid,600-002-846,2026-02-18,activo,"Sede sintética",999999
S5000-02847,Sofía,"Gómez León",60002847X,s5000.02847@example.invalid,"+34 600002847",2026-03-19,activo,"Sede sintética",999999
S5000-02848,Álvaro,"Muñoz García",60002848B,s5000.02848@example.invalid,600-002-848,2026-04-20,activo,"Sede sintética",999999
S5000-02849,Lucía,"Pérez Núñez",60002849N,s5000.02849@example.invalid,"+34 600002849",2026-05-21,inactivo,"Sede sintética",999999
S5000-02850,Iñigo,"Martín Sáez",60002850J,s5000.02850@example.invalid,600-002-850,2026-06-22,activo,"Sede sintética",999999
S5000-02851,"María José","Gómez León",60002851Z,s5000.02851@example.invalid,"+34 600002851",2026-07-23,activo,"Sede sintética",999999
S5000-02852,Óscar,"Muñoz García",60002852S,s5000.02852@example.invalid,600-002-852,2026-08-24,activo,"Sede sintética",999999
S5000-02853,Nuria,"Pérez Núñez",60002853Q,s5000.02853@example.invalid,"+34 600002853",2026-09-25,activo,"Sede sintética",999999
S5000-02854,Raúl,"Martín Sáez",60002854V,s5000.02854@example.invalid,600-002-854,2026-10-26,activo,"Sede sintética",999999
S5000-02855,Sofía,"Gómez León",60002855H,s5000.02855@example.invalid,"+34 600002855",2026-11-27,activo,"Sede sintética",999999
S5000-02856,Álvaro,"Muñoz García",60002856L,s5000.02856@example.invalid,600-002-856,2026-12-28,activo,"Sede sintética",999999
S5000-02857,Lucía,"Pérez Núñez",60002857C,s5000.02857@example.invalid,"+34 600002857",2026-01-01,activo,"Sede sintética",999999
S5000-02858,Iñigo,"Martín Sáez",60002858K,s5000.02858@example.invalid,600-002-858,2026-02-02,activo,"Sede sintética",999999
S5000-02859,"María José","Gómez León",60002859E,s5000.02859@example.invalid,"+34 600002859",2026-03-03,activo,"Sede sintética",999999
S5000-02860,Óscar,"Muñoz García",60002860T,s5000.02860@example.invalid,600-002-860,2026-04-04,inactivo,"Sede sintética",999999
S5000-02861,Nuria,"Pérez Núñez",60002861R,s5000.02861@example.invalid,"+34 600002861",2026-05-05,activo,"Sede sintética",999999
S5000-02862,Raúl,"Martín Sáez",60002862W,s5000.02862@example.invalid,600-002-862,2026-06-06,activo,"Sede sintética",999999
S5000-02863,Sofía,"Gómez León",60002863A,s5000.02863@example.invalid,"+34 600002863",2026-07-07,activo,"Sede sintética",999999
S5000-02864,Álvaro,"Muñoz García",60002864G,s5000.02864@example.invalid,600-002-864,2026-08-08,activo,"Sede sintética",999999
S5000-02865,Lucía,"Pérez Núñez",60002865M,s5000.02865@example.invalid,"+34 600002865",2026-09-09,activo,"Sede sintética",999999
S5000-02866,Iñigo,"Martín Sáez",60002866Y,s5000.02866@example.invalid,600-002-866,2026-10-10,activo,"Sede sintética",999999
S5000-02867,"María José","Gómez León",60002867F,s5000.02867@example.invalid,"+34 600002867",2026-11-11,activo,"Sede sintética",999999
S5000-02868,Óscar,"Muñoz García",60002868P,s5000.02868@example.invalid,600-002-868,2026-12-12,activo,"Sede sintética",999999
S5000-02869,Nuria,"Pérez Núñez",60002869D,s5000.02869@example.invalid,"+34 600002869",2026-01-13,activo,"Sede sintética",999999
S5000-02870,Raúl,"Martín Sáez",60002870X,s5000.02870@example.invalid,600-002-870,2026-02-14,activo,"Sede sintética",999999
S5000-02871,Sofía,"Gómez León",60002871B,s5000.02871@example.invalid,"+34 600002871",2026-03-15,inactivo,"Sede sintética",999999
S5000-02872,Álvaro,"Muñoz García",60002872N,s5000.02872@example.invalid,600-002-872,2026-04-16,activo,"Sede sintética",999999
S5000-02873,Lucía,"Pérez Núñez",60002873J,s5000.02873@example.invalid,"+34 600002873",2026-05-17,activo,"Sede sintética",999999
S5000-02874,Iñigo,"Martín Sáez",60002874Z,s5000.02874@example.invalid,600-002-874,2026-06-18,activo,"Sede sintética",999999
S5000-02875,"María José","Gómez León",60002875S,s5000.02875@example.invalid,"+34 600002875",2026-07-19,activo,"Sede sintética",999999
S5000-02876,Óscar,"Muñoz García",60002876Q,s5000.02876@example.invalid,600-002-876,2026-08-20,activo,"Sede sintética",999999
S5000-02877,Nuria,"Pérez Núñez",60002877V,s5000.02877@example.invalid,"+34 600002877",2026-09-21,activo,"Sede sintética",999999
S5000-02878,Raúl,"Martín Sáez",60002878H,s5000.02878@example.invalid,600-002-878,2026-10-22,activo,"Sede sintética",999999
S5000-02879,Sofía,"Gómez León",60002879L,s5000.02879@example.invalid,"+34 600002879",2026-11-23,activo,"Sede sintética",999999
S5000-02880,Álvaro,"Muñoz García",60002880C,s5000.02880@example.invalid,600-002-880,2026-12-24,activo,"Sede sintética",999999
S5000-02881,Lucía,"Pérez Núñez",60002881K,s5000.02881@example.invalid,"+34 600002881",2026-01-25,activo,"Sede sintética",999999
S5000-02882,Iñigo,"Martín Sáez",60002882E,s5000.02882@example.invalid,600-002-882,2026-02-26,inactivo,"Sede sintética",999999
S5000-02883,"María José","Gómez León",60002883T,s5000.02883@example.invalid,"+34 600002883",2026-03-27,activo,"Sede sintética",999999
S5000-02884,Óscar,"Muñoz García",60002884R,s5000.02884@example.invalid,600-002-884,2026-04-28,activo,"Sede sintética",999999
S5000-02885,Nuria,"Pérez Núñez",60002885W,s5000.02885@example.invalid,"+34 600002885",2026-05-01,activo,"Sede sintética",999999
S5000-02886,Raúl,"Martín Sáez",60002886A,s5000.02886@example.invalid,600-002-886,2026-06-02,activo,"Sede sintética",999999
S5000-02887,Sofía,"Gómez León",60002887G,s5000.02887@example.invalid,"+34 600002887",2026-07-03,activo,"Sede sintética",999999
S5000-02888,Álvaro,"Muñoz García",60002888M,s5000.02888@example.invalid,600-002-888,2026-08-04,activo,"Sede sintética",999999
S5000-02889,Lucía,"Pérez Núñez",60002889Y,s5000.02889@example.invalid,"+34 600002889",2026-09-05,activo,"Sede sintética",999999
S5000-02890,Iñigo,"Martín Sáez",60002890F,s5000.02890@example.invalid,600-002-890,2026-10-06,activo,"Sede sintética",999999
S5000-02891,"María José","Gómez León",60002891P,s5000.02891@example.invalid,"+34 600002891",2026-11-07,activo,"Sede sintética",999999
S5000-02892,Óscar,"Muñoz García",60002892D,s5000.02892@example.invalid,600-002-892,2026-12-08,activo,"Sede sintética",999999
S5000-02893,Nuria,"Pérez Núñez",60002893X,s5000.02893@example.invalid,"+34 600002893",2026-01-09,inactivo,"Sede sintética",999999
S5000-02894,Raúl,"Martín Sáez",60002894B,s5000.02894@example.invalid,600-002-894,2026-02-10,activo,"Sede sintética",999999
S5000-02895,Sofía,"Gómez León",60002895N,s5000.02895@example.invalid,"+34 600002895",2026-03-11,activo,"Sede sintética",999999
S5000-02896,Álvaro,"Muñoz García",60002896J,s5000.02896@example.invalid,600-002-896,2026-04-12,activo,"Sede sintética",999999
S5000-02897,Lucía,"Pérez Núñez",60002897Z,s5000.02897@example.invalid,"+34 600002897",2026-05-13,activo,"Sede sintética",999999
S5000-02898,Iñigo,"Martín Sáez",60002898S,s5000.02898@example.invalid,600-002-898,2026-06-14,activo,"Sede sintética",999999
S5000-02899,"María José","Gómez León",60002899Q,s5000.02899@example.invalid,"+34 600002899",2026-07-15,activo,"Sede sintética",999999
S5000-02900,Óscar,"Muñoz García",60002900V,s5000.02900@example.invalid,600-002-900,2026-08-16,activo,"Sede sintética",999999
S5000-02901,Nuria,"Pérez Núñez",60002901H,s5000.02901@example.invalid,"+34 600002901",2026-09-17,activo,"Sede sintética",999999
S5000-02902,Raúl,"Martín Sáez",60002902L,s5000.02902@example.invalid,600-002-902,2026-10-18,activo,"Sede sintética",999999
S5000-02903,Sofía,"Gómez León",60002903C,s5000.02903@example.invalid,"+34 600002903",2026-11-19,activo,"Sede sintética",999999
S5000-02904,Álvaro,"Muñoz García",60002904K,s5000.02904@example.invalid,600-002-904,2026-12-20,inactivo,"Sede sintética",999999
S5000-02905,Lucía,"Pérez Núñez",60002905E,s5000.02905@example.invalid,"+34 600002905",2026-01-21,activo,"Sede sintética",999999
S5000-02906,Iñigo,"Martín Sáez",60002906T,s5000.02906@example.invalid,600-002-906,2026-02-22,activo,"Sede sintética",999999
S5000-02907,"María José","Gómez León",60002907R,s5000.02907@example.invalid,"+34 600002907",2026-03-23,activo,"Sede sintética",999999
S5000-02908,Óscar,"Muñoz García",60002908W,s5000.02908@example.invalid,600-002-908,2026-04-24,activo,"Sede sintética",999999
S5000-02909,Nuria,"Pérez Núñez",60002909A,s5000.02909@example.invalid,"+34 600002909",2026-05-25,activo,"Sede sintética",999999
S5000-02910,Raúl,"Martín Sáez",60002910G,s5000.02910@example.invalid,600-002-910,2026-06-26,activo,"Sede sintética",999999
S5000-02911,Sofía,"Gómez León",60002911M,s5000.02911@example.invalid,"+34 600002911",2026-07-27,activo,"Sede sintética",999999
S5000-02912,Álvaro,"Muñoz García",60002912Y,s5000.02912@example.invalid,600-002-912,2026-08-28,activo,"Sede sintética",999999
S5000-02913,Lucía,"Pérez Núñez",60002913F,s5000.02913@example.invalid,"+34 600002913",2026-09-01,activo,"Sede sintética",999999
S5000-02914,Iñigo,"Martín Sáez",60002914P,s5000.02914@example.invalid,600-002-914,2026-10-02,activo,"Sede sintética",999999
S5000-02915,"María José","Gómez León",60002915D,s5000.02915@example.invalid,"+34 600002915",2026-11-03,inactivo,"Sede sintética",999999
S5000-02916,Óscar,"Muñoz García",60002916X,s5000.02916@example.invalid,600-002-916,2026-12-04,activo,"Sede sintética",999999
S5000-02917,Nuria,"Pérez Núñez",60002917B,s5000.02917@example.invalid,"+34 600002917",2026-01-05,activo,"Sede sintética",999999
S5000-02918,Raúl,"Martín Sáez",60002918N,s5000.02918@example.invalid,600-002-918,2026-02-06,activo,"Sede sintética",999999
S5000-02919,Sofía,"Gómez León",60002919J,s5000.02919@example.invalid,"+34 600002919",2026-03-07,activo,"Sede sintética",999999
S5000-02920,Álvaro,"Muñoz García",60002920Z,s5000.02920@example.invalid,600-002-920,2026-04-08,activo,"Sede sintética",999999
S5000-02921,Lucía,"Pérez Núñez",60002921S,s5000.02921@example.invalid,"+34 600002921",2026-05-09,activo,"Sede sintética",999999
S5000-02922,Iñigo,"Martín Sáez",60002922Q,s5000.02922@example.invalid,600-002-922,2026-06-10,activo,"Sede sintética",999999
S5000-02923,"María José","Gómez León",60002923V,s5000.02923@example.invalid,"+34 600002923",2026-07-11,activo,"Sede sintética",999999
S5000-02924,Óscar,"Muñoz García",60002924H,s5000.02924@example.invalid,600-002-924,2026-08-12,activo,"Sede sintética",999999
S5000-02925,Nuria,"Pérez Núñez",60002925L,s5000.02925@example.invalid,"+34 600002925",2026-09-13,activo,"Sede sintética",999999
S5000-02926,Raúl,"Martín Sáez",60002926C,s5000.02926@example.invalid,600-002-926,2026-10-14,inactivo,"Sede sintética",999999
S5000-02927,Sofía,"Gómez León",60002927K,s5000.02927@example.invalid,"+34 600002927",2026-11-15,activo,"Sede sintética",999999
S5000-02928,Álvaro,"Muñoz García",60002928E,s5000.02928@example.invalid,600-002-928,2026-12-16,activo,"Sede sintética",999999
S5000-02929,Lucía,"Pérez Núñez",60002929T,s5000.02929@example.invalid,"+34 600002929",2026-01-17,activo,"Sede sintética",999999
S5000-02930,Iñigo,"Martín Sáez",60002930R,s5000.02930@example.invalid,600-002-930,2026-02-18,activo,"Sede sintética",999999
S5000-02931,"María José","Gómez León",60002931W,s5000.02931@example.invalid,"+34 600002931",2026-03-19,activo,"Sede sintética",999999
S5000-02932,Óscar,"Muñoz García",60002932A,s5000.02932@example.invalid,600-002-932,2026-04-20,activo,"Sede sintética",999999
S5000-02933,Nuria,"Pérez Núñez",60002933G,s5000.02933@example.invalid,"+34 600002933",2026-05-21,activo,"Sede sintética",999999
S5000-02934,Raúl,"Martín Sáez",60002934M,s5000.02934@example.invalid,600-002-934,2026-06-22,activo,"Sede sintética",999999
S5000-02935,Sofía,"Gómez León",60002935Y,s5000.02935@example.invalid,"+34 600002935",2026-07-23,activo,"Sede sintética",999999
S5000-02936,Álvaro,"Muñoz García",60002936F,s5000.02936@example.invalid,600-002-936,2026-08-24,activo,"Sede sintética",999999
S5000-02937,Lucía,"Pérez Núñez",60002937P,s5000.02937@example.invalid,"+34 600002937",2026-09-25,inactivo,"Sede sintética",999999
S5000-02938,Iñigo,"Martín Sáez",60002938D,s5000.02938@example.invalid,600-002-938,2026-10-26,activo,"Sede sintética",999999
S5000-02939,"María José","Gómez León",60002939X,s5000.02939@example.invalid,"+34 600002939",2026-11-27,activo,"Sede sintética",999999
S5000-02940,Óscar,"Muñoz García",60002940B,s5000.02940@example.invalid,600-002-940,2026-12-28,activo,"Sede sintética",999999
S5000-02941,Nuria,"Pérez Núñez",60002941N,s5000.02941@example.invalid,"+34 600002941",2026-01-01,activo,"Sede sintética",999999
S5000-02942,Raúl,"Martín Sáez",60002942J,s5000.02942@example.invalid,600-002-942,2026-02-02,activo,"Sede sintética",999999
S5000-02943,Sofía,"Gómez León",60002943Z,s5000.02943@example.invalid,"+34 600002943",2026-03-03,activo,"Sede sintética",999999
S5000-02944,Álvaro,"Muñoz García",60002944S,s5000.02944@example.invalid,600-002-944,2026-04-04,activo,"Sede sintética",999999
S5000-02945,Lucía,"Pérez Núñez",60002945Q,s5000.02945@example.invalid,"+34 600002945",2026-05-05,activo,"Sede sintética",999999
S5000-02946,Iñigo,"Martín Sáez",60002946V,s5000.02946@example.invalid,600-002-946,2026-06-06,activo,"Sede sintética",999999
S5000-02947,"María José","Gómez León",60002947H,s5000.02947@example.invalid,"+34 600002947",2026-07-07,activo,"Sede sintética",999999
S5000-02948,Óscar,"Muñoz García",60002948L,s5000.02948@example.invalid,600-002-948,2026-08-08,inactivo,"Sede sintética",999999
S5000-02949,Nuria,"Pérez Núñez",60002949C,s5000.02949@example.invalid,"+34 600002949",2026-09-09,activo,"Sede sintética",999999
S5000-02950,Raúl,"Martín Sáez",60002950K,s5000.02950@example.invalid,600-002-950,2026-10-10,activo,"Sede sintética",999999
S5000-02951,Sofía,"Gómez León",60002951E,s5000.02951@example.invalid,"+34 600002951",2026-11-11,activo,"Sede sintética",999999
S5000-02952,Álvaro,"Muñoz García",60002952T,s5000.02952@example.invalid,600-002-952,2026-12-12,activo,"Sede sintética",999999
S5000-02953,Lucía,"Pérez Núñez",60002953R,s5000.02953@example.invalid,"+34 600002953",2026-01-13,activo,"Sede sintética",999999
S5000-02954,Iñigo,"Martín Sáez",60002954W,s5000.02954@example.invalid,600-002-954,2026-02-14,activo,"Sede sintética",999999
S5000-02955,"María José","Gómez León",60002955A,s5000.02955@example.invalid,"+34 600002955",2026-03-15,activo,"Sede sintética",999999
S5000-02956,Óscar,"Muñoz García",60002956G,s5000.02956@example.invalid,600-002-956,2026-04-16,activo,"Sede sintética",999999
S5000-02957,Nuria,"Pérez Núñez",60002957M,s5000.02957@example.invalid,"+34 600002957",2026-05-17,activo,"Sede sintética",999999
S5000-02958,Raúl,"Martín Sáez",60002958Y,s5000.02958@example.invalid,600-002-958,2026-06-18,activo,"Sede sintética",999999
S5000-02959,Sofía,"Gómez León",60002959F,s5000.02959@example.invalid,"+34 600002959",2026-07-19,inactivo,"Sede sintética",999999
S5000-02960,Álvaro,"Muñoz García",60002960P,s5000.02960@example.invalid,600-002-960,2026-08-20,activo,"Sede sintética",999999
S5000-02961,Lucía,"Pérez Núñez",60002961D,s5000.02961@example.invalid,"+34 600002961",2026-09-21,activo,"Sede sintética",999999
S5000-02962,Iñigo,"Martín Sáez",60002962X,s5000.02962@example.invalid,600-002-962,2026-10-22,activo,"Sede sintética",999999
S5000-02963,"María José","Gómez León",60002963B,s5000.02963@example.invalid,"+34 600002963",2026-11-23,activo,"Sede sintética",999999
S5000-02964,Óscar,"Muñoz García",60002964N,s5000.02964@example.invalid,600-002-964,2026-12-24,activo,"Sede sintética",999999
S5000-02965,Nuria,"Pérez Núñez",60002965J,s5000.02965@example.invalid,"+34 600002965",2026-01-25,activo,"Sede sintética",999999
S5000-02966,Raúl,"Martín Sáez",60002966Z,s5000.02966@example.invalid,600-002-966,2026-02-26,activo,"Sede sintética",999999
S5000-02967,Sofía,"Gómez León",60002967S,s5000.02967@example.invalid,"+34 600002967",2026-03-27,activo,"Sede sintética",999999
S5000-02968,Álvaro,"Muñoz García",60002968Q,s5000.02968@example.invalid,600-002-968,2026-04-28,activo,"Sede sintética",999999
S5000-02969,Lucía,"Pérez Núñez",60002969V,s5000.02969@example.invalid,"+34 600002969",2026-05-01,activo,"Sede sintética",999999
S5000-02970,Iñigo,"Martín Sáez",60002970H,s5000.02970@example.invalid,600-002-970,2026-06-02,inactivo,"Sede sintética",999999
S5000-02971,"María José","Gómez León",60002971L,s5000.02971@example.invalid,"+34 600002971",2026-07-03,activo,"Sede sintética",999999
S5000-02972,Óscar,"Muñoz García",60002972C,s5000.02972@example.invalid,600-002-972,2026-08-04,activo,"Sede sintética",999999
S5000-02973,Nuria,"Pérez Núñez",60002973K,s5000.02973@example.invalid,"+34 600002973",2026-09-05,activo,"Sede sintética",999999
S5000-02974,Raúl,"Martín Sáez",60002974E,s5000.02974@example.invalid,600-002-974,2026-10-06,activo,"Sede sintética",999999
S5000-02975,Sofía,"Gómez León",60002975T,s5000.02975@example.invalid,"+34 600002975",2026-11-07,activo,"Sede sintética",999999
S5000-02976,Álvaro,"Muñoz García",60002976R,s5000.02976@example.invalid,600-002-976,2026-12-08,activo,"Sede sintética",999999
S5000-02977,Lucía,"Pérez Núñez",60002977W,s5000.02977@example.invalid,"+34 600002977",2026-01-09,activo,"Sede sintética",999999
S5000-02978,Iñigo,"Martín Sáez",60002978A,s5000.02978@example.invalid,600-002-978,2026-02-10,activo,"Sede sintética",999999
S5000-02979,"María José","Gómez León",60002979G,s5000.02979@example.invalid,"+34 600002979",2026-03-11,activo,"Sede sintética",999999
S5000-02980,Óscar,"Muñoz García",60002980M,s5000.02980@example.invalid,600-002-980,2026-04-12,activo,"Sede sintética",999999
S5000-02981,Nuria,"Pérez Núñez",60002981Y,s5000.02981@example.invalid,"+34 600002981",2026-05-13,inactivo,"Sede sintética",999999
S5000-02982,Raúl,"Martín Sáez",60002982F,s5000.02982@example.invalid,600-002-982,2026-06-14,activo,"Sede sintética",999999
S5000-02983,Sofía,"Gómez León",60002983P,s5000.02983@example.invalid,"+34 600002983",2026-07-15,activo,"Sede sintética",999999
S5000-02984,Álvaro,"Muñoz García",60002984D,s5000.02984@example.invalid,600-002-984,2026-08-16,activo,"Sede sintética",999999
S5000-02985,Lucía,"Pérez Núñez",60002985X,s5000.02985@example.invalid,"+34 600002985",2026-09-17,activo,"Sede sintética",999999
S5000-02986,Iñigo,"Martín Sáez",60002986B,s5000.02986@example.invalid,600-002-986,2026-10-18,activo,"Sede sintética",999999
S5000-02987,"María José","Gómez León",60002987N,s5000.02987@example.invalid,"+34 600002987",2026-11-19,activo,"Sede sintética",999999
S5000-02988,Óscar,"Muñoz García",60002988J,s5000.02988@example.invalid,600-002-988,2026-12-20,activo,"Sede sintética",999999
S5000-02989,Nuria,"Pérez Núñez",60002989Z,s5000.02989@example.invalid,"+34 600002989",2026-01-21,activo,"Sede sintética",999999
S5000-02990,Raúl,"Martín Sáez",60002990S,s5000.02990@example.invalid,600-002-990,2026-02-22,activo,"Sede sintética",999999
S5000-02991,Sofía,"Gómez León",60002991Q,s5000.02991@example.invalid,"+34 600002991",2026-03-23,activo,"Sede sintética",999999
S5000-02992,Álvaro,"Muñoz García",60002992V,s5000.02992@example.invalid,600-002-992,2026-04-24,inactivo,"Sede sintética",999999
S5000-02993,Lucía,"Pérez Núñez",60002993H,s5000.02993@example.invalid,"+34 600002993",2026-05-25,activo,"Sede sintética",999999
S5000-02994,Iñigo,"Martín Sáez",60002994L,s5000.02994@example.invalid,600-002-994,2026-06-26,activo,"Sede sintética",999999
S5000-02995,"María José","Gómez León",60002995C,s5000.02995@example.invalid,"+34 600002995",2026-07-27,activo,"Sede sintética",999999
S5000-02996,Óscar,"Muñoz García",60002996K,s5000.02996@example.invalid,600-002-996,2026-08-28,activo,"Sede sintética",999999
S5000-02997,Nuria,"Pérez Núñez",60002997E,s5000.02997@example.invalid,"+34 600002997",2026-09-01,activo,"Sede sintética",999999
S5000-02998,Raúl,"Martín Sáez",60002998T,s5000.02998@example.invalid,600-002-998,2026-10-02,activo,"Sede sintética",999999
S5000-02999,Sofía,"Gómez León",60002999R,s5000.02999@example.invalid,"+34 600002999",2026-11-03,activo,"Sede sintética",999999
S5000-03000,Álvaro,"Muñoz García",60003000W,s5000.03000@example.invalid,600-003-000,2026-12-04,activo,"Sede sintética",999999
S5000-03001,Lucía,"Pérez Núñez",60003001A,s5000.03001@example.invalid,"+34 600003001",2026-01-05,activo,"Sede sintética",999999
S5000-03002,Iñigo,"Martín Sáez",60003002G,s5000.03002@example.invalid,600-003-002,2026-02-06,activo,"Sede sintética",999999
S5000-03003,"María José","Gómez León",60003003M,s5000.03003@example.invalid,"+34 600003003",2026-03-07,inactivo,"Sede sintética",999999
S5000-03004,Óscar,"Muñoz García",60003004Y,s5000.03004@example.invalid,600-003-004,2026-04-08,activo,"Sede sintética",999999
S5000-03005,Nuria,"Pérez Núñez",60003005F,s5000.03005@example.invalid,"+34 600003005",2026-05-09,activo,"Sede sintética",999999
S5000-03006,Raúl,"Martín Sáez",60003006P,s5000.03006@example.invalid,600-003-006,2026-06-10,activo,"Sede sintética",999999
S5000-03007,Sofía,"Gómez León",60003007D,s5000.03007@example.invalid,"+34 600003007",2026-07-11,activo,"Sede sintética",999999
S5000-03008,Álvaro,"Muñoz García",60003008X,s5000.03008@example.invalid,600-003-008,2026-08-12,activo,"Sede sintética",999999
S5000-03009,Lucía,"Pérez Núñez",60003009B,s5000.03009@example.invalid,"+34 600003009",2026-09-13,activo,"Sede sintética",999999
S5000-03010,Iñigo,"Martín Sáez",60003010N,s5000.03010@example.invalid,600-003-010,2026-10-14,activo,"Sede sintética",999999
S5000-03011,"María José","Gómez León",60003011J,s5000.03011@example.invalid,"+34 600003011",2026-11-15,activo,"Sede sintética",999999
S5000-03012,Óscar,"Muñoz García",60003012Z,s5000.03012@example.invalid,600-003-012,2026-12-16,activo,"Sede sintética",999999
S5000-03013,Nuria,"Pérez Núñez",60003013S,s5000.03013@example.invalid,"+34 600003013",2026-01-17,activo,"Sede sintética",999999
S5000-03014,Raúl,"Martín Sáez",60003014Q,s5000.03014@example.invalid,600-003-014,2026-02-18,inactivo,"Sede sintética",999999
S5000-03015,Sofía,"Gómez León",60003015V,s5000.03015@example.invalid,"+34 600003015",2026-03-19,activo,"Sede sintética",999999
S5000-03016,Álvaro,"Muñoz García",60003016H,s5000.03016@example.invalid,600-003-016,2026-04-20,activo,"Sede sintética",999999
S5000-03017,Lucía,"Pérez Núñez",60003017L,s5000.03017@example.invalid,"+34 600003017",2026-05-21,activo,"Sede sintética",999999
S5000-03018,Iñigo,"Martín Sáez",60003018C,s5000.03018@example.invalid,600-003-018,2026-06-22,activo,"Sede sintética",999999
S5000-03019,"María José","Gómez León",60003019K,s5000.03019@example.invalid,"+34 600003019",2026-07-23,activo,"Sede sintética",999999
S5000-03020,Óscar,"Muñoz García",60003020E,s5000.03020@example.invalid,600-003-020,2026-08-24,activo,"Sede sintética",999999
S5000-03021,Nuria,"Pérez Núñez",60003021T,s5000.03021@example.invalid,"+34 600003021",2026-09-25,activo,"Sede sintética",999999
S5000-03022,Raúl,"Martín Sáez",60003022R,s5000.03022@example.invalid,600-003-022,2026-10-26,activo,"Sede sintética",999999
S5000-03023,Sofía,"Gómez León",60003023W,s5000.03023@example.invalid,"+34 600003023",2026-11-27,activo,"Sede sintética",999999
S5000-03024,Álvaro,"Muñoz García",60003024A,s5000.03024@example.invalid,600-003-024,2026-12-28,activo,"Sede sintética",999999
S5000-03025,Lucía,"Pérez Núñez",60003025G,s5000.03025@example.invalid,"+34 600003025",2026-01-01,inactivo,"Sede sintética",999999
S5000-03026,Iñigo,"Martín Sáez",60003026M,s5000.03026@example.invalid,600-003-026,2026-02-02,activo,"Sede sintética",999999
S5000-03027,"María José","Gómez León",60003027Y,s5000.03027@example.invalid,"+34 600003027",2026-03-03,activo,"Sede sintética",999999
S5000-03028,Óscar,"Muñoz García",60003028F,s5000.03028@example.invalid,600-003-028,2026-04-04,activo,"Sede sintética",999999
S5000-03029,Nuria,"Pérez Núñez",60003029P,s5000.03029@example.invalid,"+34 600003029",2026-05-05,activo,"Sede sintética",999999
S5000-03030,Raúl,"Martín Sáez",60003030D,s5000.03030@example.invalid,600-003-030,2026-06-06,activo,"Sede sintética",999999
S5000-03031,Sofía,"Gómez León",60003031X,s5000.03031@example.invalid,"+34 600003031",2026-07-07,activo,"Sede sintética",999999
S5000-03032,Álvaro,"Muñoz García",60003032B,s5000.03032@example.invalid,600-003-032,2026-08-08,activo,"Sede sintética",999999
S5000-03033,Lucía,"Pérez Núñez",60003033N,s5000.03033@example.invalid,"+34 600003033",2026-09-09,activo,"Sede sintética",999999
S5000-03034,Iñigo,"Martín Sáez",60003034J,s5000.03034@example.invalid,600-003-034,2026-10-10,activo,"Sede sintética",999999
S5000-03035,"María José","Gómez León",60003035Z,s5000.03035@example.invalid,"+34 600003035",2026-11-11,activo,"Sede sintética",999999
S5000-03036,Óscar,"Muñoz García",60003036S,s5000.03036@example.invalid,600-003-036,2026-12-12,inactivo,"Sede sintética",999999
S5000-03037,Nuria,"Pérez Núñez",60003037Q,s5000.03037@example.invalid,"+34 600003037",2026-01-13,activo,"Sede sintética",999999
S5000-03038,Raúl,"Martín Sáez",60003038V,s5000.03038@example.invalid,600-003-038,2026-02-14,activo,"Sede sintética",999999
S5000-03039,Sofía,"Gómez León",60003039H,s5000.03039@example.invalid,"+34 600003039",2026-03-15,activo,"Sede sintética",999999
S5000-03040,Álvaro,"Muñoz García",60003040L,s5000.03040@example.invalid,600-003-040,2026-04-16,activo,"Sede sintética",999999
S5000-03041,Lucía,"Pérez Núñez",60003041C,s5000.03041@example.invalid,"+34 600003041",2026-05-17,activo,"Sede sintética",999999
S5000-03042,Iñigo,"Martín Sáez",60003042K,s5000.03042@example.invalid,600-003-042,2026-06-18,activo,"Sede sintética",999999
S5000-03043,"María José","Gómez León",60003043E,s5000.03043@example.invalid,"+34 600003043",2026-07-19,activo,"Sede sintética",999999
S5000-03044,Óscar,"Muñoz García",60003044T,s5000.03044@example.invalid,600-003-044,2026-08-20,activo,"Sede sintética",999999
S5000-03045,Nuria,"Pérez Núñez",60003045R,s5000.03045@example.invalid,"+34 600003045",2026-09-21,activo,"Sede sintética",999999
S5000-03046,Raúl,"Martín Sáez",60003046W,s5000.03046@example.invalid,600-003-046,2026-10-22,activo,"Sede sintética",999999
S5000-03047,Sofía,"Gómez León",60003047A,s5000.03047@example.invalid,"+34 600003047",2026-11-23,inactivo,"Sede sintética",999999
S5000-03048,Álvaro,"Muñoz García",60003048G,s5000.03048@example.invalid,600-003-048,2026-12-24,activo,"Sede sintética",999999
S5000-03049,Lucía,"Pérez Núñez",60003049M,s5000.03049@example.invalid,"+34 600003049",2026-01-25,activo,"Sede sintética",999999
S5000-03050,Iñigo,"Martín Sáez",60003050Y,s5000.03050@example.invalid,600-003-050,2026-02-26,activo,"Sede sintética",999999
S5000-03051,"María José","Gómez León",60003051F,s5000.03051@example.invalid,"+34 600003051",2026-03-27,activo,"Sede sintética",999999
S5000-03052,Óscar,"Muñoz García",60003052P,s5000.03052@example.invalid,600-003-052,2026-04-28,activo,"Sede sintética",999999
S5000-03053,Nuria,"Pérez Núñez",60003053D,s5000.03053@example.invalid,"+34 600003053",2026-05-01,activo,"Sede sintética",999999
S5000-03054,Raúl,"Martín Sáez",60003054X,s5000.03054@example.invalid,600-003-054,2026-06-02,activo,"Sede sintética",999999
S5000-03055,Sofía,"Gómez León",60003055B,s5000.03055@example.invalid,"+34 600003055",2026-07-03,activo,"Sede sintética",999999
S5000-03056,Álvaro,"Muñoz García",60003056N,s5000.03056@example.invalid,600-003-056,2026-08-04,activo,"Sede sintética",999999
S5000-03057,Lucía,"Pérez Núñez",60003057J,s5000.03057@example.invalid,"+34 600003057",2026-09-05,activo,"Sede sintética",999999
S5000-03058,Iñigo,"Martín Sáez",60003058Z,s5000.03058@example.invalid,600-003-058,2026-10-06,inactivo,"Sede sintética",999999
S5000-03059,"María José","Gómez León",60003059S,s5000.03059@example.invalid,"+34 600003059",2026-11-07,activo,"Sede sintética",999999
S5000-03060,Óscar,"Muñoz García",60003060Q,s5000.03060@example.invalid,600-003-060,2026-12-08,activo,"Sede sintética",999999
S5000-03061,Nuria,"Pérez Núñez",60003061V,s5000.03061@example.invalid,"+34 600003061",2026-01-09,activo,"Sede sintética",999999
S5000-03062,Raúl,"Martín Sáez",60003062H,s5000.03062@example.invalid,600-003-062,2026-02-10,activo,"Sede sintética",999999
S5000-03063,Sofía,"Gómez León",60003063L,s5000.03063@example.invalid,"+34 600003063",2026-03-11,activo,"Sede sintética",999999
S5000-03064,Álvaro,"Muñoz García",60003064C,s5000.03064@example.invalid,600-003-064,2026-04-12,activo,"Sede sintética",999999
S5000-03065,Lucía,"Pérez Núñez",60003065K,s5000.03065@example.invalid,"+34 600003065",2026-05-13,activo,"Sede sintética",999999
S5000-03066,Iñigo,"Martín Sáez",60003066E,s5000.03066@example.invalid,600-003-066,2026-06-14,activo,"Sede sintética",999999
S5000-03067,"María José","Gómez León",60003067T,s5000.03067@example.invalid,"+34 600003067",2026-07-15,activo,"Sede sintética",999999
S5000-03068,Óscar,"Muñoz García",60003068R,s5000.03068@example.invalid,600-003-068,2026-08-16,activo,"Sede sintética",999999
S5000-03069,Nuria,"Pérez Núñez",60003069W,s5000.03069@example.invalid,"+34 600003069",2026-09-17,inactivo,"Sede sintética",999999
S5000-03070,Raúl,"Martín Sáez",60003070A,s5000.03070@example.invalid,600-003-070,2026-10-18,activo,"Sede sintética",999999
S5000-03071,Sofía,"Gómez León",60003071G,s5000.03071@example.invalid,"+34 600003071",2026-11-19,activo,"Sede sintética",999999
S5000-03072,Álvaro,"Muñoz García",60003072M,s5000.03072@example.invalid,600-003-072,2026-12-20,activo,"Sede sintética",999999
S5000-03073,Lucía,"Pérez Núñez",60003073Y,s5000.03073@example.invalid,"+34 600003073",2026-01-21,activo,"Sede sintética",999999
S5000-03074,Iñigo,"Martín Sáez",60003074F,s5000.03074@example.invalid,600-003-074,2026-02-22,activo,"Sede sintética",999999
S5000-03075,"María José","Gómez León",60003075P,s5000.03075@example.invalid,"+34 600003075",2026-03-23,activo,"Sede sintética",999999
S5000-03076,Óscar,"Muñoz García",60003076D,s5000.03076@example.invalid,600-003-076,2026-04-24,activo,"Sede sintética",999999
S5000-03077,Nuria,"Pérez Núñez",60003077X,s5000.03077@example.invalid,"+34 600003077",2026-05-25,activo,"Sede sintética",999999
S5000-03078,Raúl,"Martín Sáez",60003078B,s5000.03078@example.invalid,600-003-078,2026-06-26,activo,"Sede sintética",999999
S5000-03079,Sofía,"Gómez León",60003079N,s5000.03079@example.invalid,"+34 600003079",2026-07-27,activo,"Sede sintética",999999
S5000-03080,Álvaro,"Muñoz García",60003080J,s5000.03080@example.invalid,600-003-080,2026-08-28,inactivo,"Sede sintética",999999
S5000-03081,Lucía,"Pérez Núñez",60003081Z,s5000.03081@example.invalid,"+34 600003081",2026-09-01,activo,"Sede sintética",999999
S5000-03082,Iñigo,"Martín Sáez",60003082S,s5000.03082@example.invalid,600-003-082,2026-10-02,activo,"Sede sintética",999999
S5000-03083,"María José","Gómez León",60003083Q,s5000.03083@example.invalid,"+34 600003083",2026-11-03,activo,"Sede sintética",999999
S5000-03084,Óscar,"Muñoz García",60003084V,s5000.03084@example.invalid,600-003-084,2026-12-04,activo,"Sede sintética",999999
S5000-03085,Nuria,"Pérez Núñez",60003085H,s5000.03085@example.invalid,"+34 600003085",2026-01-05,activo,"Sede sintética",999999
S5000-03086,Raúl,"Martín Sáez",60003086L,s5000.03086@example.invalid,600-003-086,2026-02-06,activo,"Sede sintética",999999
S5000-03087,Sofía,"Gómez León",60003087C,s5000.03087@example.invalid,"+34 600003087",2026-03-07,activo,"Sede sintética",999999
S5000-03088,Álvaro,"Muñoz García",60003088K,s5000.03088@example.invalid,600-003-088,2026-04-08,activo,"Sede sintética",999999
S5000-03089,Lucía,"Pérez Núñez",60003089E,s5000.03089@example.invalid,"+34 600003089",2026-05-09,activo,"Sede sintética",999999
S5000-03090,Iñigo,"Martín Sáez",60003090T,s5000.03090@example.invalid,600-003-090,2026-06-10,activo,"Sede sintética",999999
S5000-03091,"María José","Gómez León",60003091R,s5000.03091@example.invalid,"+34 600003091",2026-07-11,inactivo,"Sede sintética",999999
S5000-03092,Óscar,"Muñoz García",60003092W,s5000.03092@example.invalid,600-003-092,2026-08-12,activo,"Sede sintética",999999
S5000-03093,Nuria,"Pérez Núñez",60003093A,s5000.03093@example.invalid,"+34 600003093",2026-09-13,activo,"Sede sintética",999999
S5000-03094,Raúl,"Martín Sáez",60003094G,s5000.03094@example.invalid,600-003-094,2026-10-14,activo,"Sede sintética",999999
S5000-03095,Sofía,"Gómez León",60003095M,s5000.03095@example.invalid,"+34 600003095",2026-11-15,activo,"Sede sintética",999999
S5000-03096,Álvaro,"Muñoz García",60003096Y,s5000.03096@example.invalid,600-003-096,2026-12-16,activo,"Sede sintética",999999
S5000-03097,Lucía,"Pérez Núñez",60003097F,s5000.03097@example.invalid,"+34 600003097",2026-01-17,activo,"Sede sintética",999999
S5000-03098,Iñigo,"Martín Sáez",60003098P,s5000.03098@example.invalid,600-003-098,2026-02-18,activo,"Sede sintética",999999
S5000-03099,"María José","Gómez León",60003099D,s5000.03099@example.invalid,"+34 600003099",2026-03-19,activo,"Sede sintética",999999
S5000-03100,Óscar,"Muñoz García",60003100X,s5000.03100@example.invalid,600-003-100,2026-04-20,activo,"Sede sintética",999999
S5000-03101,Nuria,"Pérez Núñez",60003101B,s5000.03101@example.invalid,"+34 600003101",2026-05-21,activo,"Sede sintética",999999
S5000-03102,Raúl,"Martín Sáez",60003102N,s5000.03102@example.invalid,600-003-102,2026-06-22,inactivo,"Sede sintética",999999
S5000-03103,Sofía,"Gómez León",60003103J,s5000.03103@example.invalid,"+34 600003103",2026-07-23,activo,"Sede sintética",999999
S5000-03104,Álvaro,"Muñoz García",60003104Z,s5000.03104@example.invalid,600-003-104,2026-08-24,activo,"Sede sintética",999999
S5000-03105,Lucía,"Pérez Núñez",60003105S,s5000.03105@example.invalid,"+34 600003105",2026-09-25,activo,"Sede sintética",999999
S5000-03106,Iñigo,"Martín Sáez",60003106Q,s5000.03106@example.invalid,600-003-106,2026-10-26,activo,"Sede sintética",999999
S5000-03107,"María José","Gómez León",60003107V,s5000.03107@example.invalid,"+34 600003107",2026-11-27,activo,"Sede sintética",999999
S5000-03108,Óscar,"Muñoz García",60003108H,s5000.03108@example.invalid,600-003-108,2026-12-28,activo,"Sede sintética",999999
S5000-03109,Nuria,"Pérez Núñez",60003109L,s5000.03109@example.invalid,"+34 600003109",2026-01-01,activo,"Sede sintética",999999
S5000-03110,Raúl,"Martín Sáez",60003110C,s5000.03110@example.invalid,600-003-110,2026-02-02,activo,"Sede sintética",999999
S5000-03111,Sofía,"Gómez León",60003111K,s5000.03111@example.invalid,"+34 600003111",2026-03-03,activo,"Sede sintética",999999
S5000-03112,Álvaro,"Muñoz García",60003112E,s5000.03112@example.invalid,600-003-112,2026-04-04,activo,"Sede sintética",999999
S5000-03113,Lucía,"Pérez Núñez",60003113T,s5000.03113@example.invalid,"+34 600003113",2026-05-05,inactivo,"Sede sintética",999999
S5000-03114,Iñigo,"Martín Sáez",60003114R,s5000.03114@example.invalid,600-003-114,2026-06-06,activo,"Sede sintética",999999
S5000-03115,"María José","Gómez León",60003115W,s5000.03115@example.invalid,"+34 600003115",2026-07-07,activo,"Sede sintética",999999
S5000-03116,Óscar,"Muñoz García",60003116A,s5000.03116@example.invalid,600-003-116,2026-08-08,activo,"Sede sintética",999999
S5000-03117,Nuria,"Pérez Núñez",60003117G,s5000.03117@example.invalid,"+34 600003117",2026-09-09,activo,"Sede sintética",999999
S5000-03118,Raúl,"Martín Sáez",60003118M,s5000.03118@example.invalid,600-003-118,2026-10-10,activo,"Sede sintética",999999
S5000-03119,Sofía,"Gómez León",60003119Y,s5000.03119@example.invalid,"+34 600003119",2026-11-11,activo,"Sede sintética",999999
S5000-03120,Álvaro,"Muñoz García",60003120F,s5000.03120@example.invalid,600-003-120,2026-12-12,activo,"Sede sintética",999999
S5000-03121,Lucía,"Pérez Núñez",60003121P,s5000.03121@example.invalid,"+34 600003121",2026-01-13,activo,"Sede sintética",999999
S5000-03122,Iñigo,"Martín Sáez",60003122D,s5000.03122@example.invalid,600-003-122,2026-02-14,activo,"Sede sintética",999999
S5000-03123,"María José","Gómez León",60003123X,s5000.03123@example.invalid,"+34 600003123",2026-03-15,activo,"Sede sintética",999999
S5000-03124,Óscar,"Muñoz García",60003124B,s5000.03124@example.invalid,600-003-124,2026-04-16,inactivo,"Sede sintética",999999
S5000-03125,Nuria,"Pérez Núñez",60003125N,s5000.03125@example.invalid,"+34 600003125",2026-05-17,activo,"Sede sintética",999999
S5000-03126,Raúl,"Martín Sáez",60003126J,s5000.03126@example.invalid,600-003-126,2026-06-18,activo,"Sede sintética",999999
S5000-03127,Sofía,"Gómez León",60003127Z,s5000.03127@example.invalid,"+34 600003127",2026-07-19,activo,"Sede sintética",999999
S5000-03128,Álvaro,"Muñoz García",60003128S,s5000.03128@example.invalid,600-003-128,2026-08-20,activo,"Sede sintética",999999
S5000-03129,Lucía,"Pérez Núñez",60003129Q,s5000.03129@example.invalid,"+34 600003129",2026-09-21,activo,"Sede sintética",999999
S5000-03130,Iñigo,"Martín Sáez",60003130V,s5000.03130@example.invalid,600-003-130,2026-10-22,activo,"Sede sintética",999999
S5000-03131,"María José","Gómez León",60003131H,s5000.03131@example.invalid,"+34 600003131",2026-11-23,activo,"Sede sintética",999999
S5000-03132,Óscar,"Muñoz García",60003132L,s5000.03132@example.invalid,600-003-132,2026-12-24,activo,"Sede sintética",999999
S5000-03133,Nuria,"Pérez Núñez",60003133C,s5000.03133@example.invalid,"+34 600003133",2026-01-25,activo,"Sede sintética",999999
S5000-03134,Raúl,"Martín Sáez",60003134K,s5000.03134@example.invalid,600-003-134,2026-02-26,activo,"Sede sintética",999999
S5000-03135,Sofía,"Gómez León",60003135E,s5000.03135@example.invalid,"+34 600003135",2026-03-27,inactivo,"Sede sintética",999999
S5000-03136,Álvaro,"Muñoz García",60003136T,s5000.03136@example.invalid,600-003-136,2026-04-28,activo,"Sede sintética",999999
S5000-03137,Lucía,"Pérez Núñez",60003137R,s5000.03137@example.invalid,"+34 600003137",2026-05-01,activo,"Sede sintética",999999
S5000-03138,Iñigo,"Martín Sáez",60003138W,s5000.03138@example.invalid,600-003-138,2026-06-02,activo,"Sede sintética",999999
S5000-03139,"María José","Gómez León",60003139A,s5000.03139@example.invalid,"+34 600003139",2026-07-03,activo,"Sede sintética",999999
S5000-03140,Óscar,"Muñoz García",60003140G,s5000.03140@example.invalid,600-003-140,2026-08-04,activo,"Sede sintética",999999
S5000-03141,Nuria,"Pérez Núñez",60003141M,s5000.03141@example.invalid,"+34 600003141",2026-09-05,activo,"Sede sintética",999999
S5000-03142,Raúl,"Martín Sáez",60003142Y,s5000.03142@example.invalid,600-003-142,2026-10-06,activo,"Sede sintética",999999
S5000-03143,Sofía,"Gómez León",60003143F,s5000.03143@example.invalid,"+34 600003143",2026-11-07,activo,"Sede sintética",999999
S5000-03144,Álvaro,"Muñoz García",60003144P,s5000.03144@example.invalid,600-003-144,2026-12-08,activo,"Sede sintética",999999
S5000-03145,Lucía,"Pérez Núñez",60003145D,s5000.03145@example.invalid,"+34 600003145",2026-01-09,activo,"Sede sintética",999999
S5000-03146,Iñigo,"Martín Sáez",60003146X,s5000.03146@example.invalid,600-003-146,2026-02-10,inactivo,"Sede sintética",999999
S5000-03147,"María José","Gómez León",60003147B,s5000.03147@example.invalid,"+34 600003147",2026-03-11,activo,"Sede sintética",999999
S5000-03148,Óscar,"Muñoz García",60003148N,s5000.03148@example.invalid,600-003-148,2026-04-12,activo,"Sede sintética",999999
S5000-03149,Nuria,"Pérez Núñez",60003149J,s5000.03149@example.invalid,"+34 600003149",2026-05-13,activo,"Sede sintética",999999
S5000-03150,Raúl,"Martín Sáez",60003150Z,s5000.03150@example.invalid,600-003-150,2026-06-14,activo,"Sede sintética",999999
S5000-03151,Sofía,"Gómez León",60003151S,s5000.03151@example.invalid,"+34 600003151",2026-07-15,activo,"Sede sintética",999999
S5000-03152,Álvaro,"Muñoz García",60003152Q,s5000.03152@example.invalid,600-003-152,2026-08-16,activo,"Sede sintética",999999
S5000-03153,Lucía,"Pérez Núñez",60003153V,s5000.03153@example.invalid,"+34 600003153",2026-09-17,activo,"Sede sintética",999999
S5000-03154,Iñigo,"Martín Sáez",60003154H,s5000.03154@example.invalid,600-003-154,2026-10-18,activo,"Sede sintética",999999
S5000-03155,"María José","Gómez León",60003155L,s5000.03155@example.invalid,"+34 600003155",2026-11-19,activo,"Sede sintética",999999
S5000-03156,Óscar,"Muñoz García",60003156C,s5000.03156@example.invalid,600-003-156,2026-12-20,activo,"Sede sintética",999999
S5000-03157,Nuria,"Pérez Núñez",60003157K,s5000.03157@example.invalid,"+34 600003157",2026-01-21,inactivo,"Sede sintética",999999
S5000-03158,Raúl,"Martín Sáez",60003158E,s5000.03158@example.invalid,600-003-158,2026-02-22,activo,"Sede sintética",999999
S5000-03159,Sofía,"Gómez León",60003159T,s5000.03159@example.invalid,"+34 600003159",2026-03-23,activo,"Sede sintética",999999
S5000-03160,Álvaro,"Muñoz García",60003160R,s5000.03160@example.invalid,600-003-160,2026-04-24,activo,"Sede sintética",999999
S5000-03161,Lucía,"Pérez Núñez",60003161W,s5000.03161@example.invalid,"+34 600003161",2026-05-25,activo,"Sede sintética",999999
S5000-03162,Iñigo,"Martín Sáez",60003162A,s5000.03162@example.invalid,600-003-162,2026-06-26,activo,"Sede sintética",999999
S5000-03163,"María José","Gómez León",60003163G,s5000.03163@example.invalid,"+34 600003163",2026-07-27,activo,"Sede sintética",999999
S5000-03164,Óscar,"Muñoz García",60003164M,s5000.03164@example.invalid,600-003-164,2026-08-28,activo,"Sede sintética",999999
S5000-03165,Nuria,"Pérez Núñez",60003165Y,s5000.03165@example.invalid,"+34 600003165",2026-09-01,activo,"Sede sintética",999999
S5000-03166,Raúl,"Martín Sáez",60003166F,s5000.03166@example.invalid,600-003-166,2026-10-02,activo,"Sede sintética",999999
S5000-03167,Sofía,"Gómez León",60003167P,s5000.03167@example.invalid,"+34 600003167",2026-11-03,activo,"Sede sintética",999999
S5000-03168,Álvaro,"Muñoz García",60003168D,s5000.03168@example.invalid,600-003-168,2026-12-04,inactivo,"Sede sintética",999999
S5000-03169,Lucía,"Pérez Núñez",60003169X,s5000.03169@example.invalid,"+34 600003169",2026-01-05,activo,"Sede sintética",999999
S5000-03170,Iñigo,"Martín Sáez",60003170B,s5000.03170@example.invalid,600-003-170,2026-02-06,activo,"Sede sintética",999999
S5000-03171,"María José","Gómez León",60003171N,s5000.03171@example.invalid,"+34 600003171",2026-03-07,activo,"Sede sintética",999999
S5000-03172,Óscar,"Muñoz García",60003172J,s5000.03172@example.invalid,600-003-172,2026-04-08,activo,"Sede sintética",999999
S5000-03173,Nuria,"Pérez Núñez",60003173Z,s5000.03173@example.invalid,"+34 600003173",2026-05-09,activo,"Sede sintética",999999
S5000-03174,Raúl,"Martín Sáez",60003174S,s5000.03174@example.invalid,600-003-174,2026-06-10,activo,"Sede sintética",999999
S5000-03175,Sofía,"Gómez León",60003175Q,s5000.03175@example.invalid,"+34 600003175",2026-07-11,activo,"Sede sintética",999999
S5000-03176,Álvaro,"Muñoz García",60003176V,s5000.03176@example.invalid,600-003-176,2026-08-12,activo,"Sede sintética",999999
S5000-03177,Lucía,"Pérez Núñez",60003177H,s5000.03177@example.invalid,"+34 600003177",2026-09-13,activo,"Sede sintética",999999
S5000-03178,Iñigo,"Martín Sáez",60003178L,s5000.03178@example.invalid,600-003-178,2026-10-14,activo,"Sede sintética",999999
S5000-03179,"María José","Gómez León",60003179C,s5000.03179@example.invalid,"+34 600003179",2026-11-15,inactivo,"Sede sintética",999999
S5000-03180,Óscar,"Muñoz García",60003180K,s5000.03180@example.invalid,600-003-180,2026-12-16,activo,"Sede sintética",999999
S5000-03181,Nuria,"Pérez Núñez",60003181E,s5000.03181@example.invalid,"+34 600003181",2026-01-17,activo,"Sede sintética",999999
S5000-03182,Raúl,"Martín Sáez",60003182T,s5000.03182@example.invalid,600-003-182,2026-02-18,activo,"Sede sintética",999999
S5000-03183,Sofía,"Gómez León",60003183R,s5000.03183@example.invalid,"+34 600003183",2026-03-19,activo,"Sede sintética",999999
S5000-03184,Álvaro,"Muñoz García",60003184W,s5000.03184@example.invalid,600-003-184,2026-04-20,activo,"Sede sintética",999999
S5000-03185,Lucía,"Pérez Núñez",60003185A,s5000.03185@example.invalid,"+34 600003185",2026-05-21,activo,"Sede sintética",999999
S5000-03186,Iñigo,"Martín Sáez",60003186G,s5000.03186@example.invalid,600-003-186,2026-06-22,activo,"Sede sintética",999999
S5000-03187,"María José","Gómez León",60003187M,s5000.03187@example.invalid,"+34 600003187",2026-07-23,activo,"Sede sintética",999999
S5000-03188,Óscar,"Muñoz García",60003188Y,s5000.03188@example.invalid,600-003-188,2026-08-24,activo,"Sede sintética",999999
S5000-03189,Nuria,"Pérez Núñez",60003189F,s5000.03189@example.invalid,"+34 600003189",2026-09-25,activo,"Sede sintética",999999
S5000-03190,Raúl,"Martín Sáez",60003190P,s5000.03190@example.invalid,600-003-190,2026-10-26,inactivo,"Sede sintética",999999
S5000-03191,Sofía,"Gómez León",60003191D,s5000.03191@example.invalid,"+34 600003191",2026-11-27,activo,"Sede sintética",999999
S5000-03192,Álvaro,"Muñoz García",60003192X,s5000.03192@example.invalid,600-003-192,2026-12-28,activo,"Sede sintética",999999
S5000-03193,Lucía,"Pérez Núñez",60003193B,s5000.03193@example.invalid,"+34 600003193",2026-01-01,activo,"Sede sintética",999999
S5000-03194,Iñigo,"Martín Sáez",60003194N,s5000.03194@example.invalid,600-003-194,2026-02-02,activo,"Sede sintética",999999
S5000-03195,"María José","Gómez León",60003195J,s5000.03195@example.invalid,"+34 600003195",2026-03-03,activo,"Sede sintética",999999
S5000-03196,Óscar,"Muñoz García",60003196Z,s5000.03196@example.invalid,600-003-196,2026-04-04,activo,"Sede sintética",999999
S5000-03197,Nuria,"Pérez Núñez",60003197S,s5000.03197@example.invalid,"+34 600003197",2026-05-05,activo,"Sede sintética",999999
S5000-03198,Raúl,"Martín Sáez",60003198Q,s5000.03198@example.invalid,600-003-198,2026-06-06,activo,"Sede sintética",999999
S5000-03199,Sofía,"Gómez León",60003199V,s5000.03199@example.invalid,"+34 600003199",2026-07-07,activo,"Sede sintética",999999
S5000-03200,Álvaro,"Muñoz García",60003200H,s5000.03200@example.invalid,600-003-200,2026-08-08,activo,"Sede sintética",999999
S5000-03201,Lucía,"Pérez Núñez",60003201L,s5000.03201@example.invalid,"+34 600003201",2026-09-09,inactivo,"Sede sintética",999999
S5000-03202,Iñigo,"Martín Sáez",60003202C,s5000.03202@example.invalid,600-003-202,2026-10-10,activo,"Sede sintética",999999
S5000-03203,"María José","Gómez León",60003203K,s5000.03203@example.invalid,"+34 600003203",2026-11-11,activo,"Sede sintética",999999
S5000-03204,Óscar,"Muñoz García",60003204E,s5000.03204@example.invalid,600-003-204,2026-12-12,activo,"Sede sintética",999999
S5000-03205,Nuria,"Pérez Núñez",60003205T,s5000.03205@example.invalid,"+34 600003205",2026-01-13,activo,"Sede sintética",999999
S5000-03206,Raúl,"Martín Sáez",60003206R,s5000.03206@example.invalid,600-003-206,2026-02-14,activo,"Sede sintética",999999
S5000-03207,Sofía,"Gómez León",60003207W,s5000.03207@example.invalid,"+34 600003207",2026-03-15,activo,"Sede sintética",999999
S5000-03208,Álvaro,"Muñoz García",60003208A,s5000.03208@example.invalid,600-003-208,2026-04-16,activo,"Sede sintética",999999
S5000-03209,Lucía,"Pérez Núñez",60003209G,s5000.03209@example.invalid,"+34 600003209",2026-05-17,activo,"Sede sintética",999999
S5000-03210,Iñigo,"Martín Sáez",60003210M,s5000.03210@example.invalid,600-003-210,2026-06-18,activo,"Sede sintética",999999
S5000-03211,"María José","Gómez León",60003211Y,s5000.03211@example.invalid,"+34 600003211",2026-07-19,activo,"Sede sintética",999999
S5000-03212,Óscar,"Muñoz García",60003212F,s5000.03212@example.invalid,600-003-212,2026-08-20,inactivo,"Sede sintética",999999
S5000-03213,Nuria,"Pérez Núñez",60003213P,s5000.03213@example.invalid,"+34 600003213",2026-09-21,activo,"Sede sintética",999999
S5000-03214,Raúl,"Martín Sáez",60003214D,s5000.03214@example.invalid,600-003-214,2026-10-22,activo,"Sede sintética",999999
S5000-03215,Sofía,"Gómez León",60003215X,s5000.03215@example.invalid,"+34 600003215",2026-11-23,activo,"Sede sintética",999999
S5000-03216,Álvaro,"Muñoz García",60003216B,s5000.03216@example.invalid,600-003-216,2026-12-24,activo,"Sede sintética",999999
S5000-03217,Lucía,"Pérez Núñez",60003217N,s5000.03217@example.invalid,"+34 600003217",2026-01-25,activo,"Sede sintética",999999
S5000-03218,Iñigo,"Martín Sáez",60003218J,s5000.03218@example.invalid,600-003-218,2026-02-26,activo,"Sede sintética",999999
S5000-03219,"María José","Gómez León",60003219Z,s5000.03219@example.invalid,"+34 600003219",2026-03-27,activo,"Sede sintética",999999
S5000-03220,Óscar,"Muñoz García",60003220S,s5000.03220@example.invalid,600-003-220,2026-04-28,activo,"Sede sintética",999999
S5000-03221,Nuria,"Pérez Núñez",60003221Q,s5000.03221@example.invalid,"+34 600003221",2026-05-01,activo,"Sede sintética",999999
S5000-03222,Raúl,"Martín Sáez",60003222V,s5000.03222@example.invalid,600-003-222,2026-06-02,activo,"Sede sintética",999999
S5000-03223,Sofía,"Gómez León",60003223H,s5000.03223@example.invalid,"+34 600003223",2026-07-03,inactivo,"Sede sintética",999999
S5000-03224,Álvaro,"Muñoz García",60003224L,s5000.03224@example.invalid,600-003-224,2026-08-04,activo,"Sede sintética",999999
S5000-03225,Lucía,"Pérez Núñez",60003225C,s5000.03225@example.invalid,"+34 600003225",2026-09-05,activo,"Sede sintética",999999
S5000-03226,Iñigo,"Martín Sáez",60003226K,s5000.03226@example.invalid,600-003-226,2026-10-06,activo,"Sede sintética",999999
S5000-03227,"María José","Gómez León",60003227E,s5000.03227@example.invalid,"+34 600003227",2026-11-07,activo,"Sede sintética",999999
S5000-03228,Óscar,"Muñoz García",60003228T,s5000.03228@example.invalid,600-003-228,2026-12-08,activo,"Sede sintética",999999
S5000-03229,Nuria,"Pérez Núñez",60003229R,s5000.03229@example.invalid,"+34 600003229",2026-01-09,activo,"Sede sintética",999999
S5000-03230,Raúl,"Martín Sáez",60003230W,s5000.03230@example.invalid,600-003-230,2026-02-10,activo,"Sede sintética",999999
S5000-03231,Sofía,"Gómez León",60003231A,s5000.03231@example.invalid,"+34 600003231",2026-03-11,activo,"Sede sintética",999999
S5000-03232,Álvaro,"Muñoz García",60003232G,s5000.03232@example.invalid,600-003-232,2026-04-12,activo,"Sede sintética",999999
S5000-03233,Lucía,"Pérez Núñez",60003233M,s5000.03233@example.invalid,"+34 600003233",2026-05-13,activo,"Sede sintética",999999
S5000-03234,Iñigo,"Martín Sáez",60003234Y,s5000.03234@example.invalid,600-003-234,2026-06-14,inactivo,"Sede sintética",999999
S5000-03235,"María José","Gómez León",60003235F,s5000.03235@example.invalid,"+34 600003235",2026-07-15,activo,"Sede sintética",999999
S5000-03236,Óscar,"Muñoz García",60003236P,s5000.03236@example.invalid,600-003-236,2026-08-16,activo,"Sede sintética",999999
S5000-03237,Nuria,"Pérez Núñez",60003237D,s5000.03237@example.invalid,"+34 600003237",2026-09-17,activo,"Sede sintética",999999
S5000-03238,Raúl,"Martín Sáez",60003238X,s5000.03238@example.invalid,600-003-238,2026-10-18,activo,"Sede sintética",999999
S5000-03239,Sofía,"Gómez León",60003239B,s5000.03239@example.invalid,"+34 600003239",2026-11-19,activo,"Sede sintética",999999
S5000-03240,Álvaro,"Muñoz García",60003240N,s5000.03240@example.invalid,600-003-240,2026-12-20,activo,"Sede sintética",999999
S5000-03241,Lucía,"Pérez Núñez",60003241J,s5000.03241@example.invalid,"+34 600003241",2026-01-21,activo,"Sede sintética",999999
S5000-03242,Iñigo,"Martín Sáez",60003242Z,s5000.03242@example.invalid,600-003-242,2026-02-22,activo,"Sede sintética",999999
S5000-03243,"María José","Gómez León",60003243S,s5000.03243@example.invalid,"+34 600003243",2026-03-23,activo,"Sede sintética",999999
S5000-03244,Óscar,"Muñoz García",60003244Q,s5000.03244@example.invalid,600-003-244,2026-04-24,activo,"Sede sintética",999999
S5000-03245,Nuria,"Pérez Núñez",60003245V,s5000.03245@example.invalid,"+34 600003245",2026-05-25,inactivo,"Sede sintética",999999
S5000-03246,Raúl,"Martín Sáez",60003246H,s5000.03246@example.invalid,600-003-246,2026-06-26,activo,"Sede sintética",999999
S5000-03247,Sofía,"Gómez León",60003247L,s5000.03247@example.invalid,"+34 600003247",2026-07-27,activo,"Sede sintética",999999
S5000-03248,Álvaro,"Muñoz García",60003248C,s5000.03248@example.invalid,600-003-248,2026-08-28,activo,"Sede sintética",999999
S5000-03249,Lucía,"Pérez Núñez",60003249K,s5000.03249@example.invalid,"+34 600003249",2026-09-01,activo,"Sede sintética",999999
S5000-03250,Iñigo,"Martín Sáez",60003250E,s5000.03250@example.invalid,600-003-250,2026-10-02,activo,"Sede sintética",999999
S5000-03251,"María José","Gómez León",60003251T,s5000.03251@example.invalid,"+34 600003251",2026-11-03,activo,"Sede sintética",999999
S5000-03252,Óscar,"Muñoz García",60003252R,s5000.03252@example.invalid,600-003-252,2026-12-04,activo,"Sede sintética",999999
S5000-03253,Nuria,"Pérez Núñez",60003253W,s5000.03253@example.invalid,"+34 600003253",2026-01-05,activo,"Sede sintética",999999
S5000-03254,Raúl,"Martín Sáez",60003254A,s5000.03254@example.invalid,600-003-254,2026-02-06,activo,"Sede sintética",999999
S5000-03255,Sofía,"Gómez León",60003255G,s5000.03255@example.invalid,"+34 600003255",2026-03-07,activo,"Sede sintética",999999
S5000-03256,Álvaro,"Muñoz García",60003256M,s5000.03256@example.invalid,600-003-256,2026-04-08,inactivo,"Sede sintética",999999
S5000-03257,Lucía,"Pérez Núñez",60003257Y,s5000.03257@example.invalid,"+34 600003257",2026-05-09,activo,"Sede sintética",999999
S5000-03258,Iñigo,"Martín Sáez",60003258F,s5000.03258@example.invalid,600-003-258,2026-06-10,activo,"Sede sintética",999999
S5000-03259,"María José","Gómez León",60003259P,s5000.03259@example.invalid,"+34 600003259",2026-07-11,activo,"Sede sintética",999999
S5000-03260,Óscar,"Muñoz García",60003260D,s5000.03260@example.invalid,600-003-260,2026-08-12,activo,"Sede sintética",999999
S5000-03261,Nuria,"Pérez Núñez",60003261X,s5000.03261@example.invalid,"+34 600003261",2026-09-13,activo,"Sede sintética",999999
S5000-03262,Raúl,"Martín Sáez",60003262B,s5000.03262@example.invalid,600-003-262,2026-10-14,activo,"Sede sintética",999999
S5000-03263,Sofía,"Gómez León",60003263N,s5000.03263@example.invalid,"+34 600003263",2026-11-15,activo,"Sede sintética",999999
S5000-03264,Álvaro,"Muñoz García",60003264J,s5000.03264@example.invalid,600-003-264,2026-12-16,activo,"Sede sintética",999999
S5000-03265,Lucía,"Pérez Núñez",60003265Z,s5000.03265@example.invalid,"+34 600003265",2026-01-17,activo,"Sede sintética",999999
S5000-03266,Iñigo,"Martín Sáez",60003266S,s5000.03266@example.invalid,600-003-266,2026-02-18,activo,"Sede sintética",999999
S5000-03267,"María José","Gómez León",60003267Q,s5000.03267@example.invalid,"+34 600003267",2026-03-19,inactivo,"Sede sintética",999999
S5000-03268,Óscar,"Muñoz García",60003268V,s5000.03268@example.invalid,600-003-268,2026-04-20,activo,"Sede sintética",999999
S5000-03269,Nuria,"Pérez Núñez",60003269H,s5000.03269@example.invalid,"+34 600003269",2026-05-21,activo,"Sede sintética",999999
S5000-03270,Raúl,"Martín Sáez",60003270L,s5000.03270@example.invalid,600-003-270,2026-06-22,activo,"Sede sintética",999999
S5000-03271,Sofía,"Gómez León",60003271C,s5000.03271@example.invalid,"+34 600003271",2026-07-23,activo,"Sede sintética",999999
S5000-03272,Álvaro,"Muñoz García",60003272K,s5000.03272@example.invalid,600-003-272,2026-08-24,activo,"Sede sintética",999999
S5000-03273,Lucía,"Pérez Núñez",60003273E,s5000.03273@example.invalid,"+34 600003273",2026-09-25,activo,"Sede sintética",999999
S5000-03274,Iñigo,"Martín Sáez",60003274T,s5000.03274@example.invalid,600-003-274,2026-10-26,activo,"Sede sintética",999999
S5000-03275,"María José","Gómez León",60003275R,s5000.03275@example.invalid,"+34 600003275",2026-11-27,activo,"Sede sintética",999999
S5000-03276,Óscar,"Muñoz García",60003276W,s5000.03276@example.invalid,600-003-276,2026-12-28,activo,"Sede sintética",999999
S5000-03277,Nuria,"Pérez Núñez",60003277A,s5000.03277@example.invalid,"+34 600003277",2026-01-01,activo,"Sede sintética",999999
S5000-03278,Raúl,"Martín Sáez",60003278G,s5000.03278@example.invalid,600-003-278,2026-02-02,inactivo,"Sede sintética",999999
S5000-03279,Sofía,"Gómez León",60003279M,s5000.03279@example.invalid,"+34 600003279",2026-03-03,activo,"Sede sintética",999999
S5000-03280,Álvaro,"Muñoz García",60003280Y,s5000.03280@example.invalid,600-003-280,2026-04-04,activo,"Sede sintética",999999
S5000-03281,Lucía,"Pérez Núñez",60003281F,s5000.03281@example.invalid,"+34 600003281",2026-05-05,activo,"Sede sintética",999999
S5000-03282,Iñigo,"Martín Sáez",60003282P,s5000.03282@example.invalid,600-003-282,2026-06-06,activo,"Sede sintética",999999
S5000-03283,"María José","Gómez León",60003283D,s5000.03283@example.invalid,"+34 600003283",2026-07-07,activo,"Sede sintética",999999
S5000-03284,Óscar,"Muñoz García",60003284X,s5000.03284@example.invalid,600-003-284,2026-08-08,activo,"Sede sintética",999999
S5000-03285,Nuria,"Pérez Núñez",60003285B,s5000.03285@example.invalid,"+34 600003285",2026-09-09,activo,"Sede sintética",999999
S5000-03286,Raúl,"Martín Sáez",60003286N,s5000.03286@example.invalid,600-003-286,2026-10-10,activo,"Sede sintética",999999
S5000-03287,Sofía,"Gómez León",60003287J,s5000.03287@example.invalid,"+34 600003287",2026-11-11,activo,"Sede sintética",999999
S5000-03288,Álvaro,"Muñoz García",60003288Z,s5000.03288@example.invalid,600-003-288,2026-12-12,activo,"Sede sintética",999999
S5000-03289,Lucía,"Pérez Núñez",60003289S,s5000.03289@example.invalid,"+34 600003289",2026-01-13,inactivo,"Sede sintética",999999
S5000-03290,Iñigo,"Martín Sáez",60003290Q,s5000.03290@example.invalid,600-003-290,2026-02-14,activo,"Sede sintética",999999
S5000-03291,"María José","Gómez León",60003291V,s5000.03291@example.invalid,"+34 600003291",2026-03-15,activo,"Sede sintética",999999
S5000-03292,Óscar,"Muñoz García",60003292H,s5000.03292@example.invalid,600-003-292,2026-04-16,activo,"Sede sintética",999999
S5000-03293,Nuria,"Pérez Núñez",60003293L,s5000.03293@example.invalid,"+34 600003293",2026-05-17,activo,"Sede sintética",999999
S5000-03294,Raúl,"Martín Sáez",60003294C,s5000.03294@example.invalid,600-003-294,2026-06-18,activo,"Sede sintética",999999
S5000-03295,Sofía,"Gómez León",60003295K,s5000.03295@example.invalid,"+34 600003295",2026-07-19,activo,"Sede sintética",999999
S5000-03296,Álvaro,"Muñoz García",60003296E,s5000.03296@example.invalid,600-003-296,2026-08-20,activo,"Sede sintética",999999
S5000-03297,Lucía,"Pérez Núñez",60003297T,s5000.03297@example.invalid,"+34 600003297",2026-09-21,activo,"Sede sintética",999999
S5000-03298,Iñigo,"Martín Sáez",60003298R,s5000.03298@example.invalid,600-003-298,2026-10-22,activo,"Sede sintética",999999
S5000-03299,"María José","Gómez León",60003299W,s5000.03299@example.invalid,"+34 600003299",2026-11-23,activo,"Sede sintética",999999
S5000-03300,Óscar,"Muñoz García",60003300A,s5000.03300@example.invalid,600-003-300,2026-12-24,inactivo,"Sede sintética",999999
S5000-03301,Nuria,"Pérez Núñez",60003301G,s5000.03301@example.invalid,"+34 600003301",2026-01-25,activo,"Sede sintética",999999
S5000-03302,Raúl,"Martín Sáez",60003302M,s5000.03302@example.invalid,600-003-302,2026-02-26,activo,"Sede sintética",999999
S5000-03303,Sofía,"Gómez León",60003303Y,s5000.03303@example.invalid,"+34 600003303",2026-03-27,activo,"Sede sintética",999999
S5000-03304,Álvaro,"Muñoz García",60003304F,s5000.03304@example.invalid,600-003-304,2026-04-28,activo,"Sede sintética",999999
S5000-03305,Lucía,"Pérez Núñez",60003305P,s5000.03305@example.invalid,"+34 600003305",2026-05-01,activo,"Sede sintética",999999
S5000-03306,Iñigo,"Martín Sáez",60003306D,s5000.03306@example.invalid,600-003-306,2026-06-02,activo,"Sede sintética",999999
S5000-03307,"María José","Gómez León",60003307X,s5000.03307@example.invalid,"+34 600003307",2026-07-03,activo,"Sede sintética",999999
S5000-03308,Óscar,"Muñoz García",60003308B,s5000.03308@example.invalid,600-003-308,2026-08-04,activo,"Sede sintética",999999
S5000-03309,Nuria,"Pérez Núñez",60003309N,s5000.03309@example.invalid,"+34 600003309",2026-09-05,activo,"Sede sintética",999999
S5000-03310,Raúl,"Martín Sáez",60003310J,s5000.03310@example.invalid,600-003-310,2026-10-06,activo,"Sede sintética",999999
S5000-03311,Sofía,"Gómez León",60003311Z,s5000.03311@example.invalid,"+34 600003311",2026-11-07,inactivo,"Sede sintética",999999
S5000-03312,Álvaro,"Muñoz García",60003312S,s5000.03312@example.invalid,600-003-312,2026-12-08,activo,"Sede sintética",999999
S5000-03313,Lucía,"Pérez Núñez",60003313Q,s5000.03313@example.invalid,"+34 600003313",2026-01-09,activo,"Sede sintética",999999
S5000-03314,Iñigo,"Martín Sáez",60003314V,s5000.03314@example.invalid,600-003-314,2026-02-10,activo,"Sede sintética",999999
S5000-03315,"María José","Gómez León",60003315H,s5000.03315@example.invalid,"+34 600003315",2026-03-11,activo,"Sede sintética",999999
S5000-03316,Óscar,"Muñoz García",60003316L,s5000.03316@example.invalid,600-003-316,2026-04-12,activo,"Sede sintética",999999
S5000-03317,Nuria,"Pérez Núñez",60003317C,s5000.03317@example.invalid,"+34 600003317",2026-05-13,activo,"Sede sintética",999999
S5000-03318,Raúl,"Martín Sáez",60003318K,s5000.03318@example.invalid,600-003-318,2026-06-14,activo,"Sede sintética",999999
S5000-03319,Sofía,"Gómez León",60003319E,s5000.03319@example.invalid,"+34 600003319",2026-07-15,activo,"Sede sintética",999999
S5000-03320,Álvaro,"Muñoz García",60003320T,s5000.03320@example.invalid,600-003-320,2026-08-16,activo,"Sede sintética",999999
S5000-03321,Lucía,"Pérez Núñez",60003321R,s5000.03321@example.invalid,"+34 600003321",2026-09-17,activo,"Sede sintética",999999
S5000-03322,Iñigo,"Martín Sáez",60003322W,s5000.03322@example.invalid,600-003-322,2026-10-18,inactivo,"Sede sintética",999999
S5000-03323,"María José","Gómez León",60003323A,s5000.03323@example.invalid,"+34 600003323",2026-11-19,activo,"Sede sintética",999999
S5000-03324,Óscar,"Muñoz García",60003324G,s5000.03324@example.invalid,600-003-324,2026-12-20,activo,"Sede sintética",999999
S5000-03325,Nuria,"Pérez Núñez",60003325M,s5000.03325@example.invalid,"+34 600003325",2026-01-21,activo,"Sede sintética",999999
S5000-03326,Raúl,"Martín Sáez",60003326Y,s5000.03326@example.invalid,600-003-326,2026-02-22,activo,"Sede sintética",999999
S5000-03327,Sofía,"Gómez León",60003327F,s5000.03327@example.invalid,"+34 600003327",2026-03-23,activo,"Sede sintética",999999
S5000-03328,Álvaro,"Muñoz García",60003328P,s5000.03328@example.invalid,600-003-328,2026-04-24,activo,"Sede sintética",999999
S5000-03329,Lucía,"Pérez Núñez",60003329D,s5000.03329@example.invalid,"+34 600003329",2026-05-25,activo,"Sede sintética",999999
S5000-03330,Iñigo,"Martín Sáez",60003330X,s5000.03330@example.invalid,600-003-330,2026-06-26,activo,"Sede sintética",999999
S5000-03331,"María José","Gómez León",60003331B,s5000.03331@example.invalid,"+34 600003331",2026-07-27,activo,"Sede sintética",999999
S5000-03332,Óscar,"Muñoz García",60003332N,s5000.03332@example.invalid,600-003-332,2026-08-28,activo,"Sede sintética",999999
S5000-03333,Nuria,"Pérez Núñez",60003333J,s5000.03333@example.invalid,"+34 600003333",2026-09-01,inactivo,"Sede sintética",999999
S5000-03334,Raúl,"Martín Sáez",60003334Z,s5000.03334@example.invalid,600-003-334,2026-10-02,activo,"Sede sintética",999999
S5000-03335,Sofía,"Gómez León",60003335S,s5000.03335@example.invalid,"+34 600003335",2026-11-03,activo,"Sede sintética",999999
S5000-03336,Álvaro,"Muñoz García",60003336Q,s5000.03336@example.invalid,600-003-336,2026-12-04,activo,"Sede sintética",999999
S5000-03337,Lucía,"Pérez Núñez",60003337V,s5000.03337@example.invalid,"+34 600003337",2026-01-05,activo,"Sede sintética",999999
S5000-03338,Iñigo,"Martín Sáez",60003338H,s5000.03338@example.invalid,600-003-338,2026-02-06,activo,"Sede sintética",999999
S5000-03339,"María José","Gómez León",60003339L,s5000.03339@example.invalid,"+34 600003339",2026-03-07,activo,"Sede sintética",999999
S5000-03340,Óscar,"Muñoz García",60003340C,s5000.03340@example.invalid,600-003-340,2026-04-08,activo,"Sede sintética",999999
S5000-03341,Nuria,"Pérez Núñez",60003341K,s5000.03341@example.invalid,"+34 600003341",2026-05-09,activo,"Sede sintética",999999
S5000-03342,Raúl,"Martín Sáez",60003342E,s5000.03342@example.invalid,600-003-342,2026-06-10,activo,"Sede sintética",999999
S5000-03343,Sofía,"Gómez León",60003343T,s5000.03343@example.invalid,"+34 600003343",2026-07-11,activo,"Sede sintética",999999
S5000-03344,Álvaro,"Muñoz García",60003344R,s5000.03344@example.invalid,600-003-344,2026-08-12,inactivo,"Sede sintética",999999
S5000-03345,Lucía,"Pérez Núñez",60003345W,s5000.03345@example.invalid,"+34 600003345",2026-09-13,activo,"Sede sintética",999999
S5000-03346,Iñigo,"Martín Sáez",60003346A,s5000.03346@example.invalid,600-003-346,2026-10-14,activo,"Sede sintética",999999
S5000-03347,"María José","Gómez León",60003347G,s5000.03347@example.invalid,"+34 600003347",2026-11-15,activo,"Sede sintética",999999
S5000-03348,Óscar,"Muñoz García",60003348M,s5000.03348@example.invalid,600-003-348,2026-12-16,activo,"Sede sintética",999999
S5000-03349,Nuria,"Pérez Núñez",60003349Y,s5000.03349@example.invalid,"+34 600003349",2026-01-17,activo,"Sede sintética",999999
S5000-03350,Raúl,"Martín Sáez",60003350F,s5000.03350@example.invalid,600-003-350,2026-02-18,activo,"Sede sintética",999999
S5000-03351,Sofía,"Gómez León",60003351P,s5000.03351@example.invalid,"+34 600003351",2026-03-19,activo,"Sede sintética",999999
S5000-03352,Álvaro,"Muñoz García",60003352D,s5000.03352@example.invalid,600-003-352,2026-04-20,activo,"Sede sintética",999999
S5000-03353,Lucía,"Pérez Núñez",60003353X,s5000.03353@example.invalid,"+34 600003353",2026-05-21,activo,"Sede sintética",999999
S5000-03354,Iñigo,"Martín Sáez",60003354B,s5000.03354@example.invalid,600-003-354,2026-06-22,activo,"Sede sintética",999999
S5000-03355,"María José","Gómez León",60003355N,s5000.03355@example.invalid,"+34 600003355",2026-07-23,inactivo,"Sede sintética",999999
S5000-03356,Óscar,"Muñoz García",60003356J,s5000.03356@example.invalid,600-003-356,2026-08-24,activo,"Sede sintética",999999
S5000-03357,Nuria,"Pérez Núñez",60003357Z,s5000.03357@example.invalid,"+34 600003357",2026-09-25,activo,"Sede sintética",999999
S5000-03358,Raúl,"Martín Sáez",60003358S,s5000.03358@example.invalid,600-003-358,2026-10-26,activo,"Sede sintética",999999
S5000-03359,Sofía,"Gómez León",60003359Q,s5000.03359@example.invalid,"+34 600003359",2026-11-27,activo,"Sede sintética",999999
S5000-03360,Álvaro,"Muñoz García",60003360V,s5000.03360@example.invalid,600-003-360,2026-12-28,activo,"Sede sintética",999999
S5000-03361,Lucía,"Pérez Núñez",60003361H,s5000.03361@example.invalid,"+34 600003361",2026-01-01,activo,"Sede sintética",999999
S5000-03362,Iñigo,"Martín Sáez",60003362L,s5000.03362@example.invalid,600-003-362,2026-02-02,activo,"Sede sintética",999999
S5000-03363,"María José","Gómez León",60003363C,s5000.03363@example.invalid,"+34 600003363",2026-03-03,activo,"Sede sintética",999999
S5000-03364,Óscar,"Muñoz García",60003364K,s5000.03364@example.invalid,600-003-364,2026-04-04,activo,"Sede sintética",999999
S5000-03365,Nuria,"Pérez Núñez",60003365E,s5000.03365@example.invalid,"+34 600003365",2026-05-05,activo,"Sede sintética",999999
S5000-03366,Raúl,"Martín Sáez",60003366T,s5000.03366@example.invalid,600-003-366,2026-06-06,inactivo,"Sede sintética",999999
S5000-03367,Sofía,"Gómez León",60003367R,s5000.03367@example.invalid,"+34 600003367",2026-07-07,activo,"Sede sintética",999999
S5000-03368,Álvaro,"Muñoz García",60003368W,s5000.03368@example.invalid,600-003-368,2026-08-08,activo,"Sede sintética",999999
S5000-03369,Lucía,"Pérez Núñez",60003369A,s5000.03369@example.invalid,"+34 600003369",2026-09-09,activo,"Sede sintética",999999
S5000-03370,Iñigo,"Martín Sáez",60003370G,s5000.03370@example.invalid,600-003-370,2026-10-10,activo,"Sede sintética",999999
S5000-03371,"María José","Gómez León",60003371M,s5000.03371@example.invalid,"+34 600003371",2026-11-11,activo,"Sede sintética",999999
S5000-03372,Óscar,"Muñoz García",60003372Y,s5000.03372@example.invalid,600-003-372,2026-12-12,activo,"Sede sintética",999999
S5000-03373,Nuria,"Pérez Núñez",60003373F,s5000.03373@example.invalid,"+34 600003373",2026-01-13,activo,"Sede sintética",999999
S5000-03374,Raúl,"Martín Sáez",60003374P,s5000.03374@example.invalid,600-003-374,2026-02-14,activo,"Sede sintética",999999
S5000-03375,Sofía,"Gómez León",60003375D,s5000.03375@example.invalid,"+34 600003375",2026-03-15,activo,"Sede sintética",999999
S5000-03376,Álvaro,"Muñoz García",60003376X,s5000.03376@example.invalid,600-003-376,2026-04-16,activo,"Sede sintética",999999
S5000-03377,Lucía,"Pérez Núñez",60003377B,s5000.03377@example.invalid,"+34 600003377",2026-05-17,inactivo,"Sede sintética",999999
S5000-03378,Iñigo,"Martín Sáez",60003378N,s5000.03378@example.invalid,600-003-378,2026-06-18,activo,"Sede sintética",999999
S5000-03379,"María José","Gómez León",60003379J,s5000.03379@example.invalid,"+34 600003379",2026-07-19,activo,"Sede sintética",999999
S5000-03380,Óscar,"Muñoz García",60003380Z,s5000.03380@example.invalid,600-003-380,2026-08-20,activo,"Sede sintética",999999
S5000-03381,Nuria,"Pérez Núñez",60003381S,s5000.03381@example.invalid,"+34 600003381",2026-09-21,activo,"Sede sintética",999999
S5000-03382,Raúl,"Martín Sáez",60003382Q,s5000.03382@example.invalid,600-003-382,2026-10-22,activo,"Sede sintética",999999
S5000-03383,Sofía,"Gómez León",60003383V,s5000.03383@example.invalid,"+34 600003383",2026-11-23,activo,"Sede sintética",999999
S5000-03384,Álvaro,"Muñoz García",60003384H,s5000.03384@example.invalid,600-003-384,2026-12-24,activo,"Sede sintética",999999
S5000-03385,Lucía,"Pérez Núñez",60003385L,s5000.03385@example.invalid,"+34 600003385",2026-01-25,activo,"Sede sintética",999999
S5000-03386,Iñigo,"Martín Sáez",60003386C,s5000.03386@example.invalid,600-003-386,2026-02-26,activo,"Sede sintética",999999
S5000-03387,"María José","Gómez León",60003387K,s5000.03387@example.invalid,"+34 600003387",2026-03-27,activo,"Sede sintética",999999
S5000-03388,Óscar,"Muñoz García",60003388E,s5000.03388@example.invalid,600-003-388,2026-04-28,inactivo,"Sede sintética",999999
S5000-03389,Nuria,"Pérez Núñez",60003389T,s5000.03389@example.invalid,"+34 600003389",2026-05-01,activo,"Sede sintética",999999
S5000-03390,Raúl,"Martín Sáez",60003390R,s5000.03390@example.invalid,600-003-390,2026-06-02,activo,"Sede sintética",999999
S5000-03391,Sofía,"Gómez León",60003391W,s5000.03391@example.invalid,"+34 600003391",2026-07-03,activo,"Sede sintética",999999
S5000-03392,Álvaro,"Muñoz García",60003392A,s5000.03392@example.invalid,600-003-392,2026-08-04,activo,"Sede sintética",999999
S5000-03393,Lucía,"Pérez Núñez",60003393G,s5000.03393@example.invalid,"+34 600003393",2026-09-05,activo,"Sede sintética",999999
S5000-03394,Iñigo,"Martín Sáez",60003394M,s5000.03394@example.invalid,600-003-394,2026-10-06,activo,"Sede sintética",999999
S5000-03395,"María José","Gómez León",60003395Y,s5000.03395@example.invalid,"+34 600003395",2026-11-07,activo,"Sede sintética",999999
S5000-03396,Óscar,"Muñoz García",60003396F,s5000.03396@example.invalid,600-003-396,2026-12-08,activo,"Sede sintética",999999
S5000-03397,Nuria,"Pérez Núñez",60003397P,s5000.03397@example.invalid,"+34 600003397",2026-01-09,activo,"Sede sintética",999999
S5000-03398,Raúl,"Martín Sáez",60003398D,s5000.03398@example.invalid,600-003-398,2026-02-10,activo,"Sede sintética",999999
S5000-03399,Sofía,"Gómez León",60003399X,s5000.03399@example.invalid,"+34 600003399",2026-03-11,inactivo,"Sede sintética",999999
S5000-03400,Álvaro,"Muñoz García",60003400B,s5000.03400@example.invalid,600-003-400,2026-04-12,activo,"Sede sintética",999999
S5000-03401,Lucía,"Pérez Núñez",60003401N,s5000.03401@example.invalid,"+34 600003401",2026-05-13,activo,"Sede sintética",999999
S5000-03402,Iñigo,"Martín Sáez",60003402J,s5000.03402@example.invalid,600-003-402,2026-06-14,activo,"Sede sintética",999999
S5000-03403,"María José","Gómez León",60003403Z,s5000.03403@example.invalid,"+34 600003403",2026-07-15,activo,"Sede sintética",999999
S5000-03404,Óscar,"Muñoz García",60003404S,s5000.03404@example.invalid,600-003-404,2026-08-16,activo,"Sede sintética",999999
S5000-03405,Nuria,"Pérez Núñez",60003405Q,s5000.03405@example.invalid,"+34 600003405",2026-09-17,activo,"Sede sintética",999999
S5000-03406,Raúl,"Martín Sáez",60003406V,s5000.03406@example.invalid,600-003-406,2026-10-18,activo,"Sede sintética",999999
S5000-03407,Sofía,"Gómez León",60003407H,s5000.03407@example.invalid,"+34 600003407",2026-11-19,activo,"Sede sintética",999999
S5000-03408,Álvaro,"Muñoz García",60003408L,s5000.03408@example.invalid,600-003-408,2026-12-20,activo,"Sede sintética",999999
S5000-03409,Lucía,"Pérez Núñez",60003409C,s5000.03409@example.invalid,"+34 600003409",2026-01-21,activo,"Sede sintética",999999
S5000-03410,Iñigo,"Martín Sáez",60003410K,s5000.03410@example.invalid,600-003-410,2026-02-22,inactivo,"Sede sintética",999999
S5000-03411,"María José","Gómez León",60003411E,s5000.03411@example.invalid,"+34 600003411",2026-03-23,activo,"Sede sintética",999999
S5000-03412,Óscar,"Muñoz García",60003412T,s5000.03412@example.invalid,600-003-412,2026-04-24,activo,"Sede sintética",999999
S5000-03413,Nuria,"Pérez Núñez",60003413R,s5000.03413@example.invalid,"+34 600003413",2026-05-25,activo,"Sede sintética",999999
S5000-03414,Raúl,"Martín Sáez",60003414W,s5000.03414@example.invalid,600-003-414,2026-06-26,activo,"Sede sintética",999999
S5000-03415,Sofía,"Gómez León",60003415A,s5000.03415@example.invalid,"+34 600003415",2026-07-27,activo,"Sede sintética",999999
S5000-03416,Álvaro,"Muñoz García",60003416G,s5000.03416@example.invalid,600-003-416,2026-08-28,activo,"Sede sintética",999999
S5000-03417,Lucía,"Pérez Núñez",60003417M,s5000.03417@example.invalid,"+34 600003417",2026-09-01,activo,"Sede sintética",999999
S5000-03418,Iñigo,"Martín Sáez",60003418Y,s5000.03418@example.invalid,600-003-418,2026-10-02,activo,"Sede sintética",999999
S5000-03419,"María José","Gómez León",60003419F,s5000.03419@example.invalid,"+34 600003419",2026-11-03,activo,"Sede sintética",999999
S5000-03420,Óscar,"Muñoz García",60003420P,s5000.03420@example.invalid,600-003-420,2026-12-04,activo,"Sede sintética",999999
S5000-03421,Nuria,"Pérez Núñez",60003421D,s5000.03421@example.invalid,"+34 600003421",2026-01-05,inactivo,"Sede sintética",999999
S5000-03422,Raúl,"Martín Sáez",60003422X,s5000.03422@example.invalid,600-003-422,2026-02-06,activo,"Sede sintética",999999
S5000-03423,Sofía,"Gómez León",60003423B,s5000.03423@example.invalid,"+34 600003423",2026-03-07,activo,"Sede sintética",999999
S5000-03424,Álvaro,"Muñoz García",60003424N,s5000.03424@example.invalid,600-003-424,2026-04-08,activo,"Sede sintética",999999
S5000-03425,Lucía,"Pérez Núñez",60003425J,s5000.03425@example.invalid,"+34 600003425",2026-05-09,activo,"Sede sintética",999999
S5000-03426,Iñigo,"Martín Sáez",60003426Z,s5000.03426@example.invalid,600-003-426,2026-06-10,activo,"Sede sintética",999999
S5000-03427,"María José","Gómez León",60003427S,s5000.03427@example.invalid,"+34 600003427",2026-07-11,activo,"Sede sintética",999999
S5000-03428,Óscar,"Muñoz García",60003428Q,s5000.03428@example.invalid,600-003-428,2026-08-12,activo,"Sede sintética",999999
S5000-03429,Nuria,"Pérez Núñez",60003429V,s5000.03429@example.invalid,"+34 600003429",2026-09-13,activo,"Sede sintética",999999
S5000-03430,Raúl,"Martín Sáez",60003430H,s5000.03430@example.invalid,600-003-430,2026-10-14,activo,"Sede sintética",999999
S5000-03431,Sofía,"Gómez León",60003431L,s5000.03431@example.invalid,"+34 600003431",2026-11-15,activo,"Sede sintética",999999
S5000-03432,Álvaro,"Muñoz García",60003432C,s5000.03432@example.invalid,600-003-432,2026-12-16,inactivo,"Sede sintética",999999
S5000-03433,Lucía,"Pérez Núñez",60003433K,s5000.03433@example.invalid,"+34 600003433",2026-01-17,activo,"Sede sintética",999999
S5000-03434,Iñigo,"Martín Sáez",60003434E,s5000.03434@example.invalid,600-003-434,2026-02-18,activo,"Sede sintética",999999
S5000-03435,"María José","Gómez León",60003435T,s5000.03435@example.invalid,"+34 600003435",2026-03-19,activo,"Sede sintética",999999
S5000-03436,Óscar,"Muñoz García",60003436R,s5000.03436@example.invalid,600-003-436,2026-04-20,activo,"Sede sintética",999999
S5000-03437,Nuria,"Pérez Núñez",60003437W,s5000.03437@example.invalid,"+34 600003437",2026-05-21,activo,"Sede sintética",999999
S5000-03438,Raúl,"Martín Sáez",60003438A,s5000.03438@example.invalid,600-003-438,2026-06-22,activo,"Sede sintética",999999
S5000-03439,Sofía,"Gómez León",60003439G,s5000.03439@example.invalid,"+34 600003439",2026-07-23,activo,"Sede sintética",999999
S5000-03440,Álvaro,"Muñoz García",60003440M,s5000.03440@example.invalid,600-003-440,2026-08-24,activo,"Sede sintética",999999
S5000-03441,Lucía,"Pérez Núñez",60003441Y,s5000.03441@example.invalid,"+34 600003441",2026-09-25,activo,"Sede sintética",999999
S5000-03442,Iñigo,"Martín Sáez",60003442F,s5000.03442@example.invalid,600-003-442,2026-10-26,activo,"Sede sintética",999999
S5000-03443,"María José","Gómez León",60003443P,s5000.03443@example.invalid,"+34 600003443",2026-11-27,inactivo,"Sede sintética",999999
S5000-03444,Óscar,"Muñoz García",60003444D,s5000.03444@example.invalid,600-003-444,2026-12-28,activo,"Sede sintética",999999
S5000-03445,Nuria,"Pérez Núñez",60003445X,s5000.03445@example.invalid,"+34 600003445",2026-01-01,activo,"Sede sintética",999999
S5000-03446,Raúl,"Martín Sáez",60003446B,s5000.03446@example.invalid,600-003-446,2026-02-02,activo,"Sede sintética",999999
S5000-03447,Sofía,"Gómez León",60003447N,s5000.03447@example.invalid,"+34 600003447",2026-03-03,activo,"Sede sintética",999999
S5000-03448,Álvaro,"Muñoz García",60003448J,s5000.03448@example.invalid,600-003-448,2026-04-04,activo,"Sede sintética",999999
S5000-03449,Lucía,"Pérez Núñez",60003449Z,s5000.03449@example.invalid,"+34 600003449",2026-05-05,activo,"Sede sintética",999999
S5000-03450,Iñigo,"Martín Sáez",60003450S,s5000.03450@example.invalid,600-003-450,2026-06-06,activo,"Sede sintética",999999
S5000-03451,"María José","Gómez León",60003451Q,s5000.03451@example.invalid,"+34 600003451",2026-07-07,activo,"Sede sintética",999999
S5000-03452,Óscar,"Muñoz García",60003452V,s5000.03452@example.invalid,600-003-452,2026-08-08,activo,"Sede sintética",999999
S5000-03453,Nuria,"Pérez Núñez",60003453H,s5000.03453@example.invalid,"+34 600003453",2026-09-09,activo,"Sede sintética",999999
S5000-03454,Raúl,"Martín Sáez",60003454L,s5000.03454@example.invalid,600-003-454,2026-10-10,inactivo,"Sede sintética",999999
S5000-03455,Sofía,"Gómez León",60003455C,s5000.03455@example.invalid,"+34 600003455",2026-11-11,activo,"Sede sintética",999999
S5000-03456,Álvaro,"Muñoz García",60003456K,s5000.03456@example.invalid,600-003-456,2026-12-12,activo,"Sede sintética",999999
S5000-03457,Lucía,"Pérez Núñez",60003457E,s5000.03457@example.invalid,"+34 600003457",2026-01-13,activo,"Sede sintética",999999
S5000-03458,Iñigo,"Martín Sáez",60003458T,s5000.03458@example.invalid,600-003-458,2026-02-14,activo,"Sede sintética",999999
S5000-03459,"María José","Gómez León",60003459R,s5000.03459@example.invalid,"+34 600003459",2026-03-15,activo,"Sede sintética",999999
S5000-03460,Óscar,"Muñoz García",60003460W,s5000.03460@example.invalid,600-003-460,2026-04-16,activo,"Sede sintética",999999
S5000-03461,Nuria,"Pérez Núñez",60003461A,s5000.03461@example.invalid,"+34 600003461",2026-05-17,activo,"Sede sintética",999999
S5000-03462,Raúl,"Martín Sáez",60003462G,s5000.03462@example.invalid,600-003-462,2026-06-18,activo,"Sede sintética",999999
S5000-03463,Sofía,"Gómez León",60003463M,s5000.03463@example.invalid,"+34 600003463",2026-07-19,activo,"Sede sintética",999999
S5000-03464,Álvaro,"Muñoz García",60003464Y,s5000.03464@example.invalid,600-003-464,2026-08-20,activo,"Sede sintética",999999
S5000-03465,Lucía,"Pérez Núñez",60003465F,s5000.03465@example.invalid,"+34 600003465",2026-09-21,inactivo,"Sede sintética",999999
S5000-03466,Iñigo,"Martín Sáez",60003466P,s5000.03466@example.invalid,600-003-466,2026-10-22,activo,"Sede sintética",999999
S5000-03467,"María José","Gómez León",60003467D,s5000.03467@example.invalid,"+34 600003467",2026-11-23,activo,"Sede sintética",999999
S5000-03468,Óscar,"Muñoz García",60003468X,s5000.03468@example.invalid,600-003-468,2026-12-24,activo,"Sede sintética",999999
S5000-03469,Nuria,"Pérez Núñez",60003469B,s5000.03469@example.invalid,"+34 600003469",2026-01-25,activo,"Sede sintética",999999
S5000-03470,Raúl,"Martín Sáez",60003470N,s5000.03470@example.invalid,600-003-470,2026-02-26,activo,"Sede sintética",999999
S5000-03471,Sofía,"Gómez León",60003471J,s5000.03471@example.invalid,"+34 600003471",2026-03-27,activo,"Sede sintética",999999
S5000-03472,Álvaro,"Muñoz García",60003472Z,s5000.03472@example.invalid,600-003-472,2026-04-28,activo,"Sede sintética",999999
S5000-03473,Lucía,"Pérez Núñez",60003473S,s5000.03473@example.invalid,"+34 600003473",2026-05-01,activo,"Sede sintética",999999
S5000-03474,Iñigo,"Martín Sáez",60003474Q,s5000.03474@example.invalid,600-003-474,2026-06-02,activo,"Sede sintética",999999
S5000-03475,"María José","Gómez León",60003475V,s5000.03475@example.invalid,"+34 600003475",2026-07-03,activo,"Sede sintética",999999
S5000-03476,Óscar,"Muñoz García",60003476H,s5000.03476@example.invalid,600-003-476,2026-08-04,inactivo,"Sede sintética",999999
S5000-03477,Nuria,"Pérez Núñez",60003477L,s5000.03477@example.invalid,"+34 600003477",2026-09-05,activo,"Sede sintética",999999
S5000-03478,Raúl,"Martín Sáez",60003478C,s5000.03478@example.invalid,600-003-478,2026-10-06,activo,"Sede sintética",999999
S5000-03479,Sofía,"Gómez León",60003479K,s5000.03479@example.invalid,"+34 600003479",2026-11-07,activo,"Sede sintética",999999
S5000-03480,Álvaro,"Muñoz García",60003480E,s5000.03480@example.invalid,600-003-480,2026-12-08,activo,"Sede sintética",999999
S5000-03481,Lucía,"Pérez Núñez",60003481T,s5000.03481@example.invalid,"+34 600003481",2026-01-09,activo,"Sede sintética",999999
S5000-03482,Iñigo,"Martín Sáez",60003482R,s5000.03482@example.invalid,600-003-482,2026-02-10,activo,"Sede sintética",999999
S5000-03483,"María José","Gómez León",60003483W,s5000.03483@example.invalid,"+34 600003483",2026-03-11,activo,"Sede sintética",999999
S5000-03484,Óscar,"Muñoz García",60003484A,s5000.03484@example.invalid,600-003-484,2026-04-12,activo,"Sede sintética",999999
S5000-03485,Nuria,"Pérez Núñez",60003485G,s5000.03485@example.invalid,"+34 600003485",2026-05-13,activo,"Sede sintética",999999
S5000-03486,Raúl,"Martín Sáez",60003486M,s5000.03486@example.invalid,600-003-486,2026-06-14,activo,"Sede sintética",999999
S5000-03487,Sofía,"Gómez León",60003487Y,s5000.03487@example.invalid,"+34 600003487",2026-07-15,inactivo,"Sede sintética",999999
S5000-03488,Álvaro,"Muñoz García",60003488F,s5000.03488@example.invalid,600-003-488,2026-08-16,activo,"Sede sintética",999999
S5000-03489,Lucía,"Pérez Núñez",60003489P,s5000.03489@example.invalid,"+34 600003489",2026-09-17,activo,"Sede sintética",999999
S5000-03490,Iñigo,"Martín Sáez",60003490D,s5000.03490@example.invalid,600-003-490,2026-10-18,activo,"Sede sintética",999999
S5000-03491,"María José","Gómez León",60003491X,s5000.03491@example.invalid,"+34 600003491",2026-11-19,activo,"Sede sintética",999999
S5000-03492,Óscar,"Muñoz García",60003492B,s5000.03492@example.invalid,600-003-492,2026-12-20,activo,"Sede sintética",999999
S5000-03493,Nuria,"Pérez Núñez",60003493N,s5000.03493@example.invalid,"+34 600003493",2026-01-21,activo,"Sede sintética",999999
S5000-03494,Raúl,"Martín Sáez",60003494J,s5000.03494@example.invalid,600-003-494,2026-02-22,activo,"Sede sintética",999999
S5000-03495,Sofía,"Gómez León",60003495Z,s5000.03495@example.invalid,"+34 600003495",2026-03-23,activo,"Sede sintética",999999
S5000-03496,Álvaro,"Muñoz García",60003496S,s5000.03496@example.invalid,600-003-496,2026-04-24,activo,"Sede sintética",999999
S5000-03497,Lucía,"Pérez Núñez",60003497Q,s5000.03497@example.invalid,"+34 600003497",2026-05-25,activo,"Sede sintética",999999
S5000-03498,Iñigo,"Martín Sáez",60003498V,s5000.03498@example.invalid,600-003-498,2026-06-26,inactivo,"Sede sintética",999999
S5000-03499,"María José","Gómez León",60003499H,s5000.03499@example.invalid,"+34 600003499",2026-07-27,activo,"Sede sintética",999999
S5000-03500,Óscar,"Muñoz García",60003500L,s5000.03500@example.invalid,600-003-500,2026-08-28,activo,"Sede sintética",999999
S5000-03501,Nuria,"Pérez Núñez",60003501C,s5000.03501@example.invalid,"+34 600003501",2026-09-01,activo,"Sede sintética",999999
S5000-03502,Raúl,"Martín Sáez",60003502K,s5000.03502@example.invalid,600-003-502,2026-10-02,activo,"Sede sintética",999999
S5000-03503,Sofía,"Gómez León",60003503E,s5000.03503@example.invalid,"+34 600003503",2026-11-03,activo,"Sede sintética",999999
S5000-03504,Álvaro,"Muñoz García",60003504T,s5000.03504@example.invalid,600-003-504,2026-12-04,activo,"Sede sintética",999999
S5000-03505,Lucía,"Pérez Núñez",60003505R,s5000.03505@example.invalid,"+34 600003505",2026-01-05,activo,"Sede sintética",999999
S5000-03506,Iñigo,"Martín Sáez",60003506W,s5000.03506@example.invalid,600-003-506,2026-02-06,activo,"Sede sintética",999999
S5000-03507,"María José","Gómez León",60003507A,s5000.03507@example.invalid,"+34 600003507",2026-03-07,activo,"Sede sintética",999999
S5000-03508,Óscar,"Muñoz García",60003508G,s5000.03508@example.invalid,600-003-508,2026-04-08,activo,"Sede sintética",999999
S5000-03509,Nuria,"Pérez Núñez",60003509M,s5000.03509@example.invalid,"+34 600003509",2026-05-09,inactivo,"Sede sintética",999999
S5000-03510,Raúl,"Martín Sáez",60003510Y,s5000.03510@example.invalid,600-003-510,2026-06-10,activo,"Sede sintética",999999
S5000-03511,Sofía,"Gómez León",60003511F,s5000.03511@example.invalid,"+34 600003511",2026-07-11,activo,"Sede sintética",999999
S5000-03512,Álvaro,"Muñoz García",60003512P,s5000.03512@example.invalid,600-003-512,2026-08-12,activo,"Sede sintética",999999
S5000-03513,Lucía,"Pérez Núñez",60003513D,s5000.03513@example.invalid,"+34 600003513",2026-09-13,activo,"Sede sintética",999999
S5000-03514,Iñigo,"Martín Sáez",60003514X,s5000.03514@example.invalid,600-003-514,2026-10-14,activo,"Sede sintética",999999
S5000-03515,"María José","Gómez León",60003515B,s5000.03515@example.invalid,"+34 600003515",2026-11-15,activo,"Sede sintética",999999
S5000-03516,Óscar,"Muñoz García",60003516N,s5000.03516@example.invalid,600-003-516,2026-12-16,activo,"Sede sintética",999999
S5000-03517,Nuria,"Pérez Núñez",60003517J,s5000.03517@example.invalid,"+34 600003517",2026-01-17,activo,"Sede sintética",999999
S5000-03518,Raúl,"Martín Sáez",60003518Z,s5000.03518@example.invalid,600-003-518,2026-02-18,activo,"Sede sintética",999999
S5000-03519,Sofía,"Gómez León",60003519S,s5000.03519@example.invalid,"+34 600003519",2026-03-19,activo,"Sede sintética",999999
S5000-03520,Álvaro,"Muñoz García",60003520Q,s5000.03520@example.invalid,600-003-520,2026-04-20,inactivo,"Sede sintética",999999
S5000-03521,Lucía,"Pérez Núñez",60003521V,s5000.03521@example.invalid,"+34 600003521",2026-05-21,activo,"Sede sintética",999999
S5000-03522,Iñigo,"Martín Sáez",60003522H,s5000.03522@example.invalid,600-003-522,2026-06-22,activo,"Sede sintética",999999
S5000-03523,"María José","Gómez León",60003523L,s5000.03523@example.invalid,"+34 600003523",2026-07-23,activo,"Sede sintética",999999
S5000-03524,Óscar,"Muñoz García",60003524C,s5000.03524@example.invalid,600-003-524,2026-08-24,activo,"Sede sintética",999999
S5000-03525,Nuria,"Pérez Núñez",60003525K,s5000.03525@example.invalid,"+34 600003525",2026-09-25,activo,"Sede sintética",999999
S5000-03526,Raúl,"Martín Sáez",60003526E,s5000.03526@example.invalid,600-003-526,2026-10-26,activo,"Sede sintética",999999
S5000-03527,Sofía,"Gómez León",60003527T,s5000.03527@example.invalid,"+34 600003527",2026-11-27,activo,"Sede sintética",999999
S5000-03528,Álvaro,"Muñoz García",60003528R,s5000.03528@example.invalid,600-003-528,2026-12-28,activo,"Sede sintética",999999
S5000-03529,Lucía,"Pérez Núñez",60003529W,s5000.03529@example.invalid,"+34 600003529",2026-01-01,activo,"Sede sintética",999999
S5000-03530,Iñigo,"Martín Sáez",60003530A,s5000.03530@example.invalid,600-003-530,2026-02-02,activo,"Sede sintética",999999
S5000-03531,"María José","Gómez León",60003531G,s5000.03531@example.invalid,"+34 600003531",2026-03-03,inactivo,"Sede sintética",999999
S5000-03532,Óscar,"Muñoz García",60003532M,s5000.03532@example.invalid,600-003-532,2026-04-04,activo,"Sede sintética",999999
S5000-03533,Nuria,"Pérez Núñez",60003533Y,s5000.03533@example.invalid,"+34 600003533",2026-05-05,activo,"Sede sintética",999999
S5000-03534,Raúl,"Martín Sáez",60003534F,s5000.03534@example.invalid,600-003-534,2026-06-06,activo,"Sede sintética",999999
S5000-03535,Sofía,"Gómez León",60003535P,s5000.03535@example.invalid,"+34 600003535",2026-07-07,activo,"Sede sintética",999999
S5000-03536,Álvaro,"Muñoz García",60003536D,s5000.03536@example.invalid,600-003-536,2026-08-08,activo,"Sede sintética",999999
S5000-03537,Lucía,"Pérez Núñez",60003537X,s5000.03537@example.invalid,"+34 600003537",2026-09-09,activo,"Sede sintética",999999
S5000-03538,Iñigo,"Martín Sáez",60003538B,s5000.03538@example.invalid,600-003-538,2026-10-10,activo,"Sede sintética",999999
S5000-03539,"María José","Gómez León",60003539N,s5000.03539@example.invalid,"+34 600003539",2026-11-11,activo,"Sede sintética",999999
S5000-03540,Óscar,"Muñoz García",60003540J,s5000.03540@example.invalid,600-003-540,2026-12-12,activo,"Sede sintética",999999
S5000-03541,Nuria,"Pérez Núñez",60003541Z,s5000.03541@example.invalid,"+34 600003541",2026-01-13,activo,"Sede sintética",999999
S5000-03542,Raúl,"Martín Sáez",60003542S,s5000.03542@example.invalid,600-003-542,2026-02-14,inactivo,"Sede sintética",999999
S5000-03543,Sofía,"Gómez León",60003543Q,s5000.03543@example.invalid,"+34 600003543",2026-03-15,activo,"Sede sintética",999999
S5000-03544,Álvaro,"Muñoz García",60003544V,s5000.03544@example.invalid,600-003-544,2026-04-16,activo,"Sede sintética",999999
S5000-03545,Lucía,"Pérez Núñez",60003545H,s5000.03545@example.invalid,"+34 600003545",2026-05-17,activo,"Sede sintética",999999
S5000-03546,Iñigo,"Martín Sáez",60003546L,s5000.03546@example.invalid,600-003-546,2026-06-18,activo,"Sede sintética",999999
S5000-03547,"María José","Gómez León",60003547C,s5000.03547@example.invalid,"+34 600003547",2026-07-19,activo,"Sede sintética",999999
S5000-03548,Óscar,"Muñoz García",60003548K,s5000.03548@example.invalid,600-003-548,2026-08-20,activo,"Sede sintética",999999
S5000-03549,Nuria,"Pérez Núñez",60003549E,s5000.03549@example.invalid,"+34 600003549",2026-09-21,activo,"Sede sintética",999999
S5000-03550,Raúl,"Martín Sáez",60003550T,s5000.03550@example.invalid,600-003-550,2026-10-22,activo,"Sede sintética",999999
S5000-03551,Sofía,"Gómez León",60003551R,s5000.03551@example.invalid,"+34 600003551",2026-11-23,activo,"Sede sintética",999999
S5000-03552,Álvaro,"Muñoz García",60003552W,s5000.03552@example.invalid,600-003-552,2026-12-24,activo,"Sede sintética",999999
S5000-03553,Lucía,"Pérez Núñez",60003553A,s5000.03553@example.invalid,"+34 600003553",2026-01-25,inactivo,"Sede sintética",999999
S5000-03554,Iñigo,"Martín Sáez",60003554G,s5000.03554@example.invalid,600-003-554,2026-02-26,activo,"Sede sintética",999999
S5000-03555,"María José","Gómez León",60003555M,s5000.03555@example.invalid,"+34 600003555",2026-03-27,activo,"Sede sintética",999999
S5000-03556,Óscar,"Muñoz García",60003556Y,s5000.03556@example.invalid,600-003-556,2026-04-28,activo,"Sede sintética",999999
S5000-03557,Nuria,"Pérez Núñez",60003557F,s5000.03557@example.invalid,"+34 600003557",2026-05-01,activo,"Sede sintética",999999
S5000-03558,Raúl,"Martín Sáez",60003558P,s5000.03558@example.invalid,600-003-558,2026-06-02,activo,"Sede sintética",999999
S5000-03559,Sofía,"Gómez León",60003559D,s5000.03559@example.invalid,"+34 600003559",2026-07-03,activo,"Sede sintética",999999
S5000-03560,Álvaro,"Muñoz García",60003560X,s5000.03560@example.invalid,600-003-560,2026-08-04,activo,"Sede sintética",999999
S5000-03561,Lucía,"Pérez Núñez",60003561B,s5000.03561@example.invalid,"+34 600003561",2026-09-05,activo,"Sede sintética",999999
S5000-03562,Iñigo,"Martín Sáez",60003562N,s5000.03562@example.invalid,600-003-562,2026-10-06,activo,"Sede sintética",999999
S5000-03563,"María José","Gómez León",60003563J,s5000.03563@example.invalid,"+34 600003563",2026-11-07,activo,"Sede sintética",999999
S5000-03564,Óscar,"Muñoz García",60003564Z,s5000.03564@example.invalid,600-003-564,2026-12-08,inactivo,"Sede sintética",999999
S5000-03565,Nuria,"Pérez Núñez",60003565S,s5000.03565@example.invalid,"+34 600003565",2026-01-09,activo,"Sede sintética",999999
S5000-03566,Raúl,"Martín Sáez",60003566Q,s5000.03566@example.invalid,600-003-566,2026-02-10,activo,"Sede sintética",999999
S5000-03567,Sofía,"Gómez León",60003567V,s5000.03567@example.invalid,"+34 600003567",2026-03-11,activo,"Sede sintética",999999
S5000-03568,Álvaro,"Muñoz García",60003568H,s5000.03568@example.invalid,600-003-568,2026-04-12,activo,"Sede sintética",999999
S5000-03569,Lucía,"Pérez Núñez",60003569L,s5000.03569@example.invalid,"+34 600003569",2026-05-13,activo,"Sede sintética",999999
S5000-03570,Iñigo,"Martín Sáez",60003570C,s5000.03570@example.invalid,600-003-570,2026-06-14,activo,"Sede sintética",999999
S5000-03571,"María José","Gómez León",60003571K,s5000.03571@example.invalid,"+34 600003571",2026-07-15,activo,"Sede sintética",999999
S5000-03572,Óscar,"Muñoz García",60003572E,s5000.03572@example.invalid,600-003-572,2026-08-16,activo,"Sede sintética",999999
S5000-03573,Nuria,"Pérez Núñez",60003573T,s5000.03573@example.invalid,"+34 600003573",2026-09-17,activo,"Sede sintética",999999
S5000-03574,Raúl,"Martín Sáez",60003574R,s5000.03574@example.invalid,600-003-574,2026-10-18,activo,"Sede sintética",999999
S5000-03575,Sofía,"Gómez León",60003575W,s5000.03575@example.invalid,"+34 600003575",2026-11-19,inactivo,"Sede sintética",999999
S5000-03576,Álvaro,"Muñoz García",60003576A,s5000.03576@example.invalid,600-003-576,2026-12-20,activo,"Sede sintética",999999
S5000-03577,Lucía,"Pérez Núñez",60003577G,s5000.03577@example.invalid,"+34 600003577",2026-01-21,activo,"Sede sintética",999999
S5000-03578,Iñigo,"Martín Sáez",60003578M,s5000.03578@example.invalid,600-003-578,2026-02-22,activo,"Sede sintética",999999
S5000-03579,"María José","Gómez León",60003579Y,s5000.03579@example.invalid,"+34 600003579",2026-03-23,activo,"Sede sintética",999999
S5000-03580,Óscar,"Muñoz García",60003580F,s5000.03580@example.invalid,600-003-580,2026-04-24,activo,"Sede sintética",999999
S5000-03581,Nuria,"Pérez Núñez",60003581P,s5000.03581@example.invalid,"+34 600003581",2026-05-25,activo,"Sede sintética",999999
S5000-03582,Raúl,"Martín Sáez",60003582D,s5000.03582@example.invalid,600-003-582,2026-06-26,activo,"Sede sintética",999999
S5000-03583,Sofía,"Gómez León",60003583X,s5000.03583@example.invalid,"+34 600003583",2026-07-27,activo,"Sede sintética",999999
S5000-03584,Álvaro,"Muñoz García",60003584B,s5000.03584@example.invalid,600-003-584,2026-08-28,activo,"Sede sintética",999999
S5000-03585,Lucía,"Pérez Núñez",60003585N,s5000.03585@example.invalid,"+34 600003585",2026-09-01,activo,"Sede sintética",999999
S5000-03586,Iñigo,"Martín Sáez",60003586J,s5000.03586@example.invalid,600-003-586,2026-10-02,inactivo,"Sede sintética",999999
S5000-03587,"María José","Gómez León",60003587Z,s5000.03587@example.invalid,"+34 600003587",2026-11-03,activo,"Sede sintética",999999
S5000-03588,Óscar,"Muñoz García",60003588S,s5000.03588@example.invalid,600-003-588,2026-12-04,activo,"Sede sintética",999999
S5000-03589,Nuria,"Pérez Núñez",60003589Q,s5000.03589@example.invalid,"+34 600003589",2026-01-05,activo,"Sede sintética",999999
S5000-03590,Raúl,"Martín Sáez",60003590V,s5000.03590@example.invalid,600-003-590,2026-02-06,activo,"Sede sintética",999999
S5000-03591,Sofía,"Gómez León",60003591H,s5000.03591@example.invalid,"+34 600003591",2026-03-07,activo,"Sede sintética",999999
S5000-03592,Álvaro,"Muñoz García",60003592L,s5000.03592@example.invalid,600-003-592,2026-04-08,activo,"Sede sintética",999999
S5000-03593,Lucía,"Pérez Núñez",60003593C,s5000.03593@example.invalid,"+34 600003593",2026-05-09,activo,"Sede sintética",999999
S5000-03594,Iñigo,"Martín Sáez",60003594K,s5000.03594@example.invalid,600-003-594,2026-06-10,activo,"Sede sintética",999999
S5000-03595,"María José","Gómez León",60003595E,s5000.03595@example.invalid,"+34 600003595",2026-07-11,activo,"Sede sintética",999999
S5000-03596,Óscar,"Muñoz García",60003596T,s5000.03596@example.invalid,600-003-596,2026-08-12,activo,"Sede sintética",999999
S5000-03597,Nuria,"Pérez Núñez",60003597R,s5000.03597@example.invalid,"+34 600003597",2026-09-13,inactivo,"Sede sintética",999999
S5000-03598,Raúl,"Martín Sáez",60003598W,s5000.03598@example.invalid,600-003-598,2026-10-14,activo,"Sede sintética",999999
S5000-03599,Sofía,"Gómez León",60003599A,s5000.03599@example.invalid,"+34 600003599",2026-11-15,activo,"Sede sintética",999999
S5000-03600,Álvaro,"Muñoz García",60003600G,s5000.03600@example.invalid,600-003-600,2026-12-16,activo,"Sede sintética",999999
S5000-03601,Lucía,"Pérez Núñez",60003601M,s5000.03601@example.invalid,"+34 600003601",2026-01-17,activo,"Sede sintética",999999
S5000-03602,Iñigo,"Martín Sáez",60003602Y,s5000.03602@example.invalid,600-003-602,2026-02-18,activo,"Sede sintética",999999
S5000-03603,"María José","Gómez León",60003603F,s5000.03603@example.invalid,"+34 600003603",2026-03-19,activo,"Sede sintética",999999
S5000-03604,Óscar,"Muñoz García",60003604P,s5000.03604@example.invalid,600-003-604,2026-04-20,activo,"Sede sintética",999999
S5000-03605,Nuria,"Pérez Núñez",60003605D,s5000.03605@example.invalid,"+34 600003605",2026-05-21,activo,"Sede sintética",999999
S5000-03606,Raúl,"Martín Sáez",60003606X,s5000.03606@example.invalid,600-003-606,2026-06-22,activo,"Sede sintética",999999
S5000-03607,Sofía,"Gómez León",60003607B,s5000.03607@example.invalid,"+34 600003607",2026-07-23,activo,"Sede sintética",999999
S5000-03608,Álvaro,"Muñoz García",60003608N,s5000.03608@example.invalid,600-003-608,2026-08-24,inactivo,"Sede sintética",999999
S5000-03609,Lucía,"Pérez Núñez",60003609J,s5000.03609@example.invalid,"+34 600003609",2026-09-25,activo,"Sede sintética",999999
S5000-03610,Iñigo,"Martín Sáez",60003610Z,s5000.03610@example.invalid,600-003-610,2026-10-26,activo,"Sede sintética",999999
S5000-03611,"María José","Gómez León",60003611S,s5000.03611@example.invalid,"+34 600003611",2026-11-27,activo,"Sede sintética",999999
S5000-03612,Óscar,"Muñoz García",60003612Q,s5000.03612@example.invalid,600-003-612,2026-12-28,activo,"Sede sintética",999999
S5000-03613,Nuria,"Pérez Núñez",60003613V,s5000.03613@example.invalid,"+34 600003613",2026-01-01,activo,"Sede sintética",999999
S5000-03614,Raúl,"Martín Sáez",60003614H,s5000.03614@example.invalid,600-003-614,2026-02-02,activo,"Sede sintética",999999
S5000-03615,Sofía,"Gómez León",60003615L,s5000.03615@example.invalid,"+34 600003615",2026-03-03,activo,"Sede sintética",999999
S5000-03616,Álvaro,"Muñoz García",60003616C,s5000.03616@example.invalid,600-003-616,2026-04-04,activo,"Sede sintética",999999
S5000-03617,Lucía,"Pérez Núñez",60003617K,s5000.03617@example.invalid,"+34 600003617",2026-05-05,activo,"Sede sintética",999999
S5000-03618,Iñigo,"Martín Sáez",60003618E,s5000.03618@example.invalid,600-003-618,2026-06-06,activo,"Sede sintética",999999
S5000-03619,"María José","Gómez León",60003619T,s5000.03619@example.invalid,"+34 600003619",2026-07-07,inactivo,"Sede sintética",999999
S5000-03620,Óscar,"Muñoz García",60003620R,s5000.03620@example.invalid,600-003-620,2026-08-08,activo,"Sede sintética",999999
S5000-03621,Nuria,"Pérez Núñez",60003621W,s5000.03621@example.invalid,"+34 600003621",2026-09-09,activo,"Sede sintética",999999
S5000-03622,Raúl,"Martín Sáez",60003622A,s5000.03622@example.invalid,600-003-622,2026-10-10,activo,"Sede sintética",999999
S5000-03623,Sofía,"Gómez León",60003623G,s5000.03623@example.invalid,"+34 600003623",2026-11-11,activo,"Sede sintética",999999
S5000-03624,Álvaro,"Muñoz García",60003624M,s5000.03624@example.invalid,600-003-624,2026-12-12,activo,"Sede sintética",999999
S5000-03625,Lucía,"Pérez Núñez",60003625Y,s5000.03625@example.invalid,"+34 600003625",2026-01-13,activo,"Sede sintética",999999
S5000-03626,Iñigo,"Martín Sáez",60003626F,s5000.03626@example.invalid,600-003-626,2026-02-14,activo,"Sede sintética",999999
S5000-03627,"María José","Gómez León",60003627P,s5000.03627@example.invalid,"+34 600003627",2026-03-15,activo,"Sede sintética",999999
S5000-03628,Óscar,"Muñoz García",60003628D,s5000.03628@example.invalid,600-003-628,2026-04-16,activo,"Sede sintética",999999
S5000-03629,Nuria,"Pérez Núñez",60003629X,s5000.03629@example.invalid,"+34 600003629",2026-05-17,activo,"Sede sintética",999999
S5000-03630,Raúl,"Martín Sáez",60003630B,s5000.03630@example.invalid,600-003-630,2026-06-18,inactivo,"Sede sintética",999999
S5000-03631,Sofía,"Gómez León",60003631N,s5000.03631@example.invalid,"+34 600003631",2026-07-19,activo,"Sede sintética",999999
S5000-03632,Álvaro,"Muñoz García",60003632J,s5000.03632@example.invalid,600-003-632,2026-08-20,activo,"Sede sintética",999999
S5000-03633,Lucía,"Pérez Núñez",60003633Z,s5000.03633@example.invalid,"+34 600003633",2026-09-21,activo,"Sede sintética",999999
S5000-03634,Iñigo,"Martín Sáez",60003634S,s5000.03634@example.invalid,600-003-634,2026-10-22,activo,"Sede sintética",999999
S5000-03635,"María José","Gómez León",60003635Q,s5000.03635@example.invalid,"+34 600003635",2026-11-23,activo,"Sede sintética",999999
S5000-03636,Óscar,"Muñoz García",60003636V,s5000.03636@example.invalid,600-003-636,2026-12-24,activo,"Sede sintética",999999
S5000-03637,Nuria,"Pérez Núñez",60003637H,s5000.03637@example.invalid,"+34 600003637",2026-01-25,activo,"Sede sintética",999999
S5000-03638,Raúl,"Martín Sáez",60003638L,s5000.03638@example.invalid,600-003-638,2026-02-26,activo,"Sede sintética",999999
S5000-03639,Sofía,"Gómez León",60003639C,s5000.03639@example.invalid,"+34 600003639",2026-03-27,activo,"Sede sintética",999999
S5000-03640,Álvaro,"Muñoz García",60003640K,s5000.03640@example.invalid,600-003-640,2026-04-28,activo,"Sede sintética",999999
S5000-03641,Lucía,"Pérez Núñez",60003641E,s5000.03641@example.invalid,"+34 600003641",2026-05-01,inactivo,"Sede sintética",999999
S5000-03642,Iñigo,"Martín Sáez",60003642T,s5000.03642@example.invalid,600-003-642,2026-06-02,activo,"Sede sintética",999999
S5000-03643,"María José","Gómez León",60003643R,s5000.03643@example.invalid,"+34 600003643",2026-07-03,activo,"Sede sintética",999999
S5000-03644,Óscar,"Muñoz García",60003644W,s5000.03644@example.invalid,600-003-644,2026-08-04,activo,"Sede sintética",999999
S5000-03645,Nuria,"Pérez Núñez",60003645A,s5000.03645@example.invalid,"+34 600003645",2026-09-05,activo,"Sede sintética",999999
S5000-03646,Raúl,"Martín Sáez",60003646G,s5000.03646@example.invalid,600-003-646,2026-10-06,activo,"Sede sintética",999999
S5000-03647,Sofía,"Gómez León",60003647M,s5000.03647@example.invalid,"+34 600003647",2026-11-07,activo,"Sede sintética",999999
S5000-03648,Álvaro,"Muñoz García",60003648Y,s5000.03648@example.invalid,600-003-648,2026-12-08,activo,"Sede sintética",999999
S5000-03649,Lucía,"Pérez Núñez",60003649F,s5000.03649@example.invalid,"+34 600003649",2026-01-09,activo,"Sede sintética",999999
S5000-03650,Iñigo,"Martín Sáez",60003650P,s5000.03650@example.invalid,600-003-650,2026-02-10,activo,"Sede sintética",999999
S5000-03651,"María José","Gómez León",60003651D,s5000.03651@example.invalid,"+34 600003651",2026-03-11,activo,"Sede sintética",999999
S5000-03652,Óscar,"Muñoz García",60003652X,s5000.03652@example.invalid,600-003-652,2026-04-12,inactivo,"Sede sintética",999999
S5000-03653,Nuria,"Pérez Núñez",60003653B,s5000.03653@example.invalid,"+34 600003653",2026-05-13,activo,"Sede sintética",999999
S5000-03654,Raúl,"Martín Sáez",60003654N,s5000.03654@example.invalid,600-003-654,2026-06-14,activo,"Sede sintética",999999
S5000-03655,Sofía,"Gómez León",60003655J,s5000.03655@example.invalid,"+34 600003655",2026-07-15,activo,"Sede sintética",999999
S5000-03656,Álvaro,"Muñoz García",60003656Z,s5000.03656@example.invalid,600-003-656,2026-08-16,activo,"Sede sintética",999999
S5000-03657,Lucía,"Pérez Núñez",60003657S,s5000.03657@example.invalid,"+34 600003657",2026-09-17,activo,"Sede sintética",999999
S5000-03658,Iñigo,"Martín Sáez",60003658Q,s5000.03658@example.invalid,600-003-658,2026-10-18,activo,"Sede sintética",999999
S5000-03659,"María José","Gómez León",60003659V,s5000.03659@example.invalid,"+34 600003659",2026-11-19,activo,"Sede sintética",999999
S5000-03660,Óscar,"Muñoz García",60003660H,s5000.03660@example.invalid,600-003-660,2026-12-20,activo,"Sede sintética",999999
S5000-03661,Nuria,"Pérez Núñez",60003661L,s5000.03661@example.invalid,"+34 600003661",2026-01-21,activo,"Sede sintética",999999
S5000-03662,Raúl,"Martín Sáez",60003662C,s5000.03662@example.invalid,600-003-662,2026-02-22,activo,"Sede sintética",999999
S5000-03663,Sofía,"Gómez León",60003663K,s5000.03663@example.invalid,"+34 600003663",2026-03-23,inactivo,"Sede sintética",999999
S5000-03664,Álvaro,"Muñoz García",60003664E,s5000.03664@example.invalid,600-003-664,2026-04-24,activo,"Sede sintética",999999
S5000-03665,Lucía,"Pérez Núñez",60003665T,s5000.03665@example.invalid,"+34 600003665",2026-05-25,activo,"Sede sintética",999999
S5000-03666,Iñigo,"Martín Sáez",60003666R,s5000.03666@example.invalid,600-003-666,2026-06-26,activo,"Sede sintética",999999
S5000-03667,"María José","Gómez León",60003667W,s5000.03667@example.invalid,"+34 600003667",2026-07-27,activo,"Sede sintética",999999
S5000-03668,Óscar,"Muñoz García",60003668A,s5000.03668@example.invalid,600-003-668,2026-08-28,activo,"Sede sintética",999999
S5000-03669,Nuria,"Pérez Núñez",60003669G,s5000.03669@example.invalid,"+34 600003669",2026-09-01,activo,"Sede sintética",999999
S5000-03670,Raúl,"Martín Sáez",60003670M,s5000.03670@example.invalid,600-003-670,2026-10-02,activo,"Sede sintética",999999
S5000-03671,Sofía,"Gómez León",60003671Y,s5000.03671@example.invalid,"+34 600003671",2026-11-03,activo,"Sede sintética",999999
S5000-03672,Álvaro,"Muñoz García",60003672F,s5000.03672@example.invalid,600-003-672,2026-12-04,activo,"Sede sintética",999999
S5000-03673,Lucía,"Pérez Núñez",60003673P,s5000.03673@example.invalid,"+34 600003673",2026-01-05,activo,"Sede sintética",999999
S5000-03674,Iñigo,"Martín Sáez",60003674D,s5000.03674@example.invalid,600-003-674,2026-02-06,inactivo,"Sede sintética",999999
S5000-03675,"María José","Gómez León",60003675X,s5000.03675@example.invalid,"+34 600003675",2026-03-07,activo,"Sede sintética",999999
S5000-03676,Óscar,"Muñoz García",60003676B,s5000.03676@example.invalid,600-003-676,2026-04-08,activo,"Sede sintética",999999
S5000-03677,Nuria,"Pérez Núñez",60003677N,s5000.03677@example.invalid,"+34 600003677",2026-05-09,activo,"Sede sintética",999999
S5000-03678,Raúl,"Martín Sáez",60003678J,s5000.03678@example.invalid,600-003-678,2026-06-10,activo,"Sede sintética",999999
S5000-03679,Sofía,"Gómez León",60003679Z,s5000.03679@example.invalid,"+34 600003679",2026-07-11,activo,"Sede sintética",999999
S5000-03680,Álvaro,"Muñoz García",60003680S,s5000.03680@example.invalid,600-003-680,2026-08-12,activo,"Sede sintética",999999
S5000-03681,Lucía,"Pérez Núñez",60003681Q,s5000.03681@example.invalid,"+34 600003681",2026-09-13,activo,"Sede sintética",999999
S5000-03682,Iñigo,"Martín Sáez",60003682V,s5000.03682@example.invalid,600-003-682,2026-10-14,activo,"Sede sintética",999999
S5000-03683,"María José","Gómez León",60003683H,s5000.03683@example.invalid,"+34 600003683",2026-11-15,activo,"Sede sintética",999999
S5000-03684,Óscar,"Muñoz García",60003684L,s5000.03684@example.invalid,600-003-684,2026-12-16,activo,"Sede sintética",999999
S5000-03685,Nuria,"Pérez Núñez",60003685C,s5000.03685@example.invalid,"+34 600003685",2026-01-17,inactivo,"Sede sintética",999999
S5000-03686,Raúl,"Martín Sáez",60003686K,s5000.03686@example.invalid,600-003-686,2026-02-18,activo,"Sede sintética",999999
S5000-03687,Sofía,"Gómez León",60003687E,s5000.03687@example.invalid,"+34 600003687",2026-03-19,activo,"Sede sintética",999999
S5000-03688,Álvaro,"Muñoz García",60003688T,s5000.03688@example.invalid,600-003-688,2026-04-20,activo,"Sede sintética",999999
S5000-03689,Lucía,"Pérez Núñez",60003689R,s5000.03689@example.invalid,"+34 600003689",2026-05-21,activo,"Sede sintética",999999
S5000-03690,Iñigo,"Martín Sáez",60003690W,s5000.03690@example.invalid,600-003-690,2026-06-22,activo,"Sede sintética",999999
S5000-03691,"María José","Gómez León",60003691A,s5000.03691@example.invalid,"+34 600003691",2026-07-23,activo,"Sede sintética",999999
S5000-03692,Óscar,"Muñoz García",60003692G,s5000.03692@example.invalid,600-003-692,2026-08-24,activo,"Sede sintética",999999
S5000-03693,Nuria,"Pérez Núñez",60003693M,s5000.03693@example.invalid,"+34 600003693",2026-09-25,activo,"Sede sintética",999999
S5000-03694,Raúl,"Martín Sáez",60003694Y,s5000.03694@example.invalid,600-003-694,2026-10-26,activo,"Sede sintética",999999
S5000-03695,Sofía,"Gómez León",60003695F,s5000.03695@example.invalid,"+34 600003695",2026-11-27,activo,"Sede sintética",999999
S5000-03696,Álvaro,"Muñoz García",60003696P,s5000.03696@example.invalid,600-003-696,2026-12-28,inactivo,"Sede sintética",999999
S5000-03697,Lucía,"Pérez Núñez",60003697D,s5000.03697@example.invalid,"+34 600003697",2026-01-01,activo,"Sede sintética",999999
S5000-03698,Iñigo,"Martín Sáez",60003698X,s5000.03698@example.invalid,600-003-698,2026-02-02,activo,"Sede sintética",999999
S5000-03699,"María José","Gómez León",60003699B,s5000.03699@example.invalid,"+34 600003699",2026-03-03,activo,"Sede sintética",999999
S5000-03700,Óscar,"Muñoz García",60003700N,s5000.03700@example.invalid,600-003-700,2026-04-04,activo,"Sede sintética",999999
S5000-03701,Nuria,"Pérez Núñez",60003701J,s5000.03701@example.invalid,"+34 600003701",2026-05-05,activo,"Sede sintética",999999
S5000-03702,Raúl,"Martín Sáez",60003702Z,s5000.03702@example.invalid,600-003-702,2026-06-06,activo,"Sede sintética",999999
S5000-03703,Sofía,"Gómez León",60003703S,s5000.03703@example.invalid,"+34 600003703",2026-07-07,activo,"Sede sintética",999999
S5000-03704,Álvaro,"Muñoz García",60003704Q,s5000.03704@example.invalid,600-003-704,2026-08-08,activo,"Sede sintética",999999
S5000-03705,Lucía,"Pérez Núñez",60003705V,s5000.03705@example.invalid,"+34 600003705",2026-09-09,activo,"Sede sintética",999999
S5000-03706,Iñigo,"Martín Sáez",60003706H,s5000.03706@example.invalid,600-003-706,2026-10-10,activo,"Sede sintética",999999
S5000-03707,"María José","Gómez León",60003707L,s5000.03707@example.invalid,"+34 600003707",2026-11-11,inactivo,"Sede sintética",999999
S5000-03708,Óscar,"Muñoz García",60003708C,s5000.03708@example.invalid,600-003-708,2026-12-12,activo,"Sede sintética",999999
S5000-03709,Nuria,"Pérez Núñez",60003709K,s5000.03709@example.invalid,"+34 600003709",2026-01-13,activo,"Sede sintética",999999
S5000-03710,Raúl,"Martín Sáez",60003710E,s5000.03710@example.invalid,600-003-710,2026-02-14,activo,"Sede sintética",999999
S5000-03711,Sofía,"Gómez León",60003711T,s5000.03711@example.invalid,"+34 600003711",2026-03-15,activo,"Sede sintética",999999
S5000-03712,Álvaro,"Muñoz García",60003712R,s5000.03712@example.invalid,600-003-712,2026-04-16,activo,"Sede sintética",999999
S5000-03713,Lucía,"Pérez Núñez",60003713W,s5000.03713@example.invalid,"+34 600003713",2026-05-17,activo,"Sede sintética",999999
S5000-03714,Iñigo,"Martín Sáez",60003714A,s5000.03714@example.invalid,600-003-714,2026-06-18,activo,"Sede sintética",999999
S5000-03715,"María José","Gómez León",60003715G,s5000.03715@example.invalid,"+34 600003715",2026-07-19,activo,"Sede sintética",999999
S5000-03716,Óscar,"Muñoz García",60003716M,s5000.03716@example.invalid,600-003-716,2026-08-20,activo,"Sede sintética",999999
S5000-03717,Nuria,"Pérez Núñez",60003717Y,s5000.03717@example.invalid,"+34 600003717",2026-09-21,activo,"Sede sintética",999999
S5000-03718,Raúl,"Martín Sáez",60003718F,s5000.03718@example.invalid,600-003-718,2026-10-22,inactivo,"Sede sintética",999999
S5000-03719,Sofía,"Gómez León",60003719P,s5000.03719@example.invalid,"+34 600003719",2026-11-23,activo,"Sede sintética",999999
S5000-03720,Álvaro,"Muñoz García",60003720D,s5000.03720@example.invalid,600-003-720,2026-12-24,activo,"Sede sintética",999999
S5000-03721,Lucía,"Pérez Núñez",60003721X,s5000.03721@example.invalid,"+34 600003721",2026-01-25,activo,"Sede sintética",999999
S5000-03722,Iñigo,"Martín Sáez",60003722B,s5000.03722@example.invalid,600-003-722,2026-02-26,activo,"Sede sintética",999999
S5000-03723,"María José","Gómez León",60003723N,s5000.03723@example.invalid,"+34 600003723",2026-03-27,activo,"Sede sintética",999999
S5000-03724,Óscar,"Muñoz García",60003724J,s5000.03724@example.invalid,600-003-724,2026-04-28,activo,"Sede sintética",999999
S5000-03725,Nuria,"Pérez Núñez",60003725Z,s5000.03725@example.invalid,"+34 600003725",2026-05-01,activo,"Sede sintética",999999
S5000-03726,Raúl,"Martín Sáez",60003726S,s5000.03726@example.invalid,600-003-726,2026-06-02,activo,"Sede sintética",999999
S5000-03727,Sofía,"Gómez León",60003727Q,s5000.03727@example.invalid,"+34 600003727",2026-07-03,activo,"Sede sintética",999999
S5000-03728,Álvaro,"Muñoz García",60003728V,s5000.03728@example.invalid,600-003-728,2026-08-04,activo,"Sede sintética",999999
S5000-03729,Lucía,"Pérez Núñez",60003729H,s5000.03729@example.invalid,"+34 600003729",2026-09-05,inactivo,"Sede sintética",999999
S5000-03730,Iñigo,"Martín Sáez",60003730L,s5000.03730@example.invalid,600-003-730,2026-10-06,activo,"Sede sintética",999999
S5000-03731,"María José","Gómez León",60003731C,s5000.03731@example.invalid,"+34 600003731",2026-11-07,activo,"Sede sintética",999999
S5000-03732,Óscar,"Muñoz García",60003732K,s5000.03732@example.invalid,600-003-732,2026-12-08,activo,"Sede sintética",999999
S5000-03733,Nuria,"Pérez Núñez",60003733E,s5000.03733@example.invalid,"+34 600003733",2026-01-09,activo,"Sede sintética",999999
S5000-03734,Raúl,"Martín Sáez",60003734T,s5000.03734@example.invalid,600-003-734,2026-02-10,activo,"Sede sintética",999999
S5000-03735,Sofía,"Gómez León",60003735R,s5000.03735@example.invalid,"+34 600003735",2026-03-11,activo,"Sede sintética",999999
S5000-03736,Álvaro,"Muñoz García",60003736W,s5000.03736@example.invalid,600-003-736,2026-04-12,activo,"Sede sintética",999999
S5000-03737,Lucía,"Pérez Núñez",60003737A,s5000.03737@example.invalid,"+34 600003737",2026-05-13,activo,"Sede sintética",999999
S5000-03738,Iñigo,"Martín Sáez",60003738G,s5000.03738@example.invalid,600-003-738,2026-06-14,activo,"Sede sintética",999999
S5000-03739,"María José","Gómez León",60003739M,s5000.03739@example.invalid,"+34 600003739",2026-07-15,activo,"Sede sintética",999999
S5000-03740,Óscar,"Muñoz García",60003740Y,s5000.03740@example.invalid,600-003-740,2026-08-16,inactivo,"Sede sintética",999999
S5000-03741,Nuria,"Pérez Núñez",60003741F,s5000.03741@example.invalid,"+34 600003741",2026-09-17,activo,"Sede sintética",999999
S5000-03742,Raúl,"Martín Sáez",60003742P,s5000.03742@example.invalid,600-003-742,2026-10-18,activo,"Sede sintética",999999
S5000-03743,Sofía,"Gómez León",60003743D,s5000.03743@example.invalid,"+34 600003743",2026-11-19,activo,"Sede sintética",999999
S5000-03744,Álvaro,"Muñoz García",60003744X,s5000.03744@example.invalid,600-003-744,2026-12-20,activo,"Sede sintética",999999
S5000-03745,Lucía,"Pérez Núñez",60003745B,s5000.03745@example.invalid,"+34 600003745",2026-01-21,activo,"Sede sintética",999999
S5000-03746,Iñigo,"Martín Sáez",60003746N,s5000.03746@example.invalid,600-003-746,2026-02-22,activo,"Sede sintética",999999
S5000-03747,"María José","Gómez León",60003747J,s5000.03747@example.invalid,"+34 600003747",2026-03-23,activo,"Sede sintética",999999
S5000-03748,Óscar,"Muñoz García",60003748Z,s5000.03748@example.invalid,600-003-748,2026-04-24,activo,"Sede sintética",999999
S5000-03749,Nuria,"Pérez Núñez",60003749S,s5000.03749@example.invalid,"+34 600003749",2026-05-25,activo,"Sede sintética",999999
S5000-03750,Raúl,"Martín Sáez",60003750Q,s5000.03750@example.invalid,600-003-750,2026-06-26,activo,"Sede sintética",999999
S5000-03751,Sofía,"Gómez León",60003751V,s5000.03751@example.invalid,"+34 600003751",2026-07-27,inactivo,"Sede sintética",999999
S5000-03752,Álvaro,"Muñoz García",60003752H,s5000.03752@example.invalid,600-003-752,2026-08-28,activo,"Sede sintética",999999
S5000-03753,Lucía,"Pérez Núñez",60003753L,s5000.03753@example.invalid,"+34 600003753",2026-09-01,activo,"Sede sintética",999999
S5000-03754,Iñigo,"Martín Sáez",60003754C,s5000.03754@example.invalid,600-003-754,2026-10-02,activo,"Sede sintética",999999
S5000-03755,"María José","Gómez León",60003755K,s5000.03755@example.invalid,"+34 600003755",2026-11-03,activo,"Sede sintética",999999
S5000-03756,Óscar,"Muñoz García",60003756E,s5000.03756@example.invalid,600-003-756,2026-12-04,activo,"Sede sintética",999999
S5000-03757,Nuria,"Pérez Núñez",60003757T,s5000.03757@example.invalid,"+34 600003757",2026-01-05,activo,"Sede sintética",999999
S5000-03758,Raúl,"Martín Sáez",60003758R,s5000.03758@example.invalid,600-003-758,2026-02-06,activo,"Sede sintética",999999
S5000-03759,Sofía,"Gómez León",60003759W,s5000.03759@example.invalid,"+34 600003759",2026-03-07,activo,"Sede sintética",999999
S5000-03760,Álvaro,"Muñoz García",60003760A,s5000.03760@example.invalid,600-003-760,2026-04-08,activo,"Sede sintética",999999
S5000-03761,Lucía,"Pérez Núñez",60003761G,s5000.03761@example.invalid,"+34 600003761",2026-05-09,activo,"Sede sintética",999999
S5000-03762,Iñigo,"Martín Sáez",60003762M,s5000.03762@example.invalid,600-003-762,2026-06-10,inactivo,"Sede sintética",999999
S5000-03763,"María José","Gómez León",60003763Y,s5000.03763@example.invalid,"+34 600003763",2026-07-11,activo,"Sede sintética",999999
S5000-03764,Óscar,"Muñoz García",60003764F,s5000.03764@example.invalid,600-003-764,2026-08-12,activo,"Sede sintética",999999
S5000-03765,Nuria,"Pérez Núñez",60003765P,s5000.03765@example.invalid,"+34 600003765",2026-09-13,activo,"Sede sintética",999999
S5000-03766,Raúl,"Martín Sáez",60003766D,s5000.03766@example.invalid,600-003-766,2026-10-14,activo,"Sede sintética",999999
S5000-03767,Sofía,"Gómez León",60003767X,s5000.03767@example.invalid,"+34 600003767",2026-11-15,activo,"Sede sintética",999999
S5000-03768,Álvaro,"Muñoz García",60003768B,s5000.03768@example.invalid,600-003-768,2026-12-16,activo,"Sede sintética",999999
S5000-03769,Lucía,"Pérez Núñez",60003769N,s5000.03769@example.invalid,"+34 600003769",2026-01-17,activo,"Sede sintética",999999
S5000-03770,Iñigo,"Martín Sáez",60003770J,s5000.03770@example.invalid,600-003-770,2026-02-18,activo,"Sede sintética",999999
S5000-03771,"María José","Gómez León",60003771Z,s5000.03771@example.invalid,"+34 600003771",2026-03-19,activo,"Sede sintética",999999
S5000-03772,Óscar,"Muñoz García",60003772S,s5000.03772@example.invalid,600-003-772,2026-04-20,activo,"Sede sintética",999999
S5000-03773,Nuria,"Pérez Núñez",60003773Q,s5000.03773@example.invalid,"+34 600003773",2026-05-21,inactivo,"Sede sintética",999999
S5000-03774,Raúl,"Martín Sáez",60003774V,s5000.03774@example.invalid,600-003-774,2026-06-22,activo,"Sede sintética",999999
S5000-03775,Sofía,"Gómez León",60003775H,s5000.03775@example.invalid,"+34 600003775",2026-07-23,activo,"Sede sintética",999999
S5000-03776,Álvaro,"Muñoz García",60003776L,s5000.03776@example.invalid,600-003-776,2026-08-24,activo,"Sede sintética",999999
S5000-03777,Lucía,"Pérez Núñez",60003777C,s5000.03777@example.invalid,"+34 600003777",2026-09-25,activo,"Sede sintética",999999
S5000-03778,Iñigo,"Martín Sáez",60003778K,s5000.03778@example.invalid,600-003-778,2026-10-26,activo,"Sede sintética",999999
S5000-03779,"María José","Gómez León",60003779E,s5000.03779@example.invalid,"+34 600003779",2026-11-27,activo,"Sede sintética",999999
S5000-03780,Óscar,"Muñoz García",60003780T,s5000.03780@example.invalid,600-003-780,2026-12-28,activo,"Sede sintética",999999
S5000-03781,Nuria,"Pérez Núñez",60003781R,s5000.03781@example.invalid,"+34 600003781",2026-01-01,activo,"Sede sintética",999999
S5000-03782,Raúl,"Martín Sáez",60003782W,s5000.03782@example.invalid,600-003-782,2026-02-02,activo,"Sede sintética",999999
S5000-03783,Sofía,"Gómez León",60003783A,s5000.03783@example.invalid,"+34 600003783",2026-03-03,activo,"Sede sintética",999999
S5000-03784,Álvaro,"Muñoz García",60003784G,s5000.03784@example.invalid,600-003-784,2026-04-04,inactivo,"Sede sintética",999999
S5000-03785,Lucía,"Pérez Núñez",60003785M,s5000.03785@example.invalid,"+34 600003785",2026-05-05,activo,"Sede sintética",999999
S5000-03786,Iñigo,"Martín Sáez",60003786Y,s5000.03786@example.invalid,600-003-786,2026-06-06,activo,"Sede sintética",999999
S5000-03787,"María José","Gómez León",60003787F,s5000.03787@example.invalid,"+34 600003787",2026-07-07,activo,"Sede sintética",999999
S5000-03788,Óscar,"Muñoz García",60003788P,s5000.03788@example.invalid,600-003-788,2026-08-08,activo,"Sede sintética",999999
S5000-03789,Nuria,"Pérez Núñez",60003789D,s5000.03789@example.invalid,"+34 600003789",2026-09-09,activo,"Sede sintética",999999
S5000-03790,Raúl,"Martín Sáez",60003790X,s5000.03790@example.invalid,600-003-790,2026-10-10,activo,"Sede sintética",999999
S5000-03791,Sofía,"Gómez León",60003791B,s5000.03791@example.invalid,"+34 600003791",2026-11-11,activo,"Sede sintética",999999
S5000-03792,Álvaro,"Muñoz García",60003792N,s5000.03792@example.invalid,600-003-792,2026-12-12,activo,"Sede sintética",999999
S5000-03793,Lucía,"Pérez Núñez",60003793J,s5000.03793@example.invalid,"+34 600003793",2026-01-13,activo,"Sede sintética",999999
S5000-03794,Iñigo,"Martín Sáez",60003794Z,s5000.03794@example.invalid,600-003-794,2026-02-14,activo,"Sede sintética",999999
S5000-03795,"María José","Gómez León",60003795S,s5000.03795@example.invalid,"+34 600003795",2026-03-15,inactivo,"Sede sintética",999999
S5000-03796,Óscar,"Muñoz García",60003796Q,s5000.03796@example.invalid,600-003-796,2026-04-16,activo,"Sede sintética",999999
S5000-03797,Nuria,"Pérez Núñez",60003797V,s5000.03797@example.invalid,"+34 600003797",2026-05-17,activo,"Sede sintética",999999
S5000-03798,Raúl,"Martín Sáez",60003798H,s5000.03798@example.invalid,600-003-798,2026-06-18,activo,"Sede sintética",999999
S5000-03799,Sofía,"Gómez León",60003799L,s5000.03799@example.invalid,"+34 600003799",2026-07-19,activo,"Sede sintética",999999
S5000-03800,Álvaro,"Muñoz García",60003800C,s5000.03800@example.invalid,600-003-800,2026-08-20,activo,"Sede sintética",999999
S5000-03801,Lucía,"Pérez Núñez",60003801K,s5000.03801@example.invalid,"+34 600003801",2026-09-21,activo,"Sede sintética",999999
S5000-03802,Iñigo,"Martín Sáez",60003802E,s5000.03802@example.invalid,600-003-802,2026-10-22,activo,"Sede sintética",999999
S5000-03803,"María José","Gómez León",60003803T,s5000.03803@example.invalid,"+34 600003803",2026-11-23,activo,"Sede sintética",999999
S5000-03804,Óscar,"Muñoz García",60003804R,s5000.03804@example.invalid,600-003-804,2026-12-24,activo,"Sede sintética",999999
S5000-03805,Nuria,"Pérez Núñez",60003805W,s5000.03805@example.invalid,"+34 600003805",2026-01-25,activo,"Sede sintética",999999
S5000-03806,Raúl,"Martín Sáez",60003806A,s5000.03806@example.invalid,600-003-806,2026-02-26,inactivo,"Sede sintética",999999
S5000-03807,Sofía,"Gómez León",60003807G,s5000.03807@example.invalid,"+34 600003807",2026-03-27,activo,"Sede sintética",999999
S5000-03808,Álvaro,"Muñoz García",60003808M,s5000.03808@example.invalid,600-003-808,2026-04-28,activo,"Sede sintética",999999
S5000-03809,Lucía,"Pérez Núñez",60003809Y,s5000.03809@example.invalid,"+34 600003809",2026-05-01,activo,"Sede sintética",999999
S5000-03810,Iñigo,"Martín Sáez",60003810F,s5000.03810@example.invalid,600-003-810,2026-06-02,activo,"Sede sintética",999999
S5000-03811,"María José","Gómez León",60003811P,s5000.03811@example.invalid,"+34 600003811",2026-07-03,activo,"Sede sintética",999999
S5000-03812,Óscar,"Muñoz García",60003812D,s5000.03812@example.invalid,600-003-812,2026-08-04,activo,"Sede sintética",999999
S5000-03813,Nuria,"Pérez Núñez",60003813X,s5000.03813@example.invalid,"+34 600003813",2026-09-05,activo,"Sede sintética",999999
S5000-03814,Raúl,"Martín Sáez",60003814B,s5000.03814@example.invalid,600-003-814,2026-10-06,activo,"Sede sintética",999999
S5000-03815,Sofía,"Gómez León",60003815N,s5000.03815@example.invalid,"+34 600003815",2026-11-07,activo,"Sede sintética",999999
S5000-03816,Álvaro,"Muñoz García",60003816J,s5000.03816@example.invalid,600-003-816,2026-12-08,activo,"Sede sintética",999999
S5000-03817,Lucía,"Pérez Núñez",60003817Z,s5000.03817@example.invalid,"+34 600003817",2026-01-09,inactivo,"Sede sintética",999999
S5000-03818,Iñigo,"Martín Sáez",60003818S,s5000.03818@example.invalid,600-003-818,2026-02-10,activo,"Sede sintética",999999
S5000-03819,"María José","Gómez León",60003819Q,s5000.03819@example.invalid,"+34 600003819",2026-03-11,activo,"Sede sintética",999999
S5000-03820,Óscar,"Muñoz García",60003820V,s5000.03820@example.invalid,600-003-820,2026-04-12,activo,"Sede sintética",999999
S5000-03821,Nuria,"Pérez Núñez",60003821H,s5000.03821@example.invalid,"+34 600003821",2026-05-13,activo,"Sede sintética",999999
S5000-03822,Raúl,"Martín Sáez",60003822L,s5000.03822@example.invalid,600-003-822,2026-06-14,activo,"Sede sintética",999999
S5000-03823,Sofía,"Gómez León",60003823C,s5000.03823@example.invalid,"+34 600003823",2026-07-15,activo,"Sede sintética",999999
S5000-03824,Álvaro,"Muñoz García",60003824K,s5000.03824@example.invalid,600-003-824,2026-08-16,activo,"Sede sintética",999999
S5000-03825,Lucía,"Pérez Núñez",60003825E,s5000.03825@example.invalid,"+34 600003825",2026-09-17,activo,"Sede sintética",999999
S5000-03826,Iñigo,"Martín Sáez",60003826T,s5000.03826@example.invalid,600-003-826,2026-10-18,activo,"Sede sintética",999999
S5000-03827,"María José","Gómez León",60003827R,s5000.03827@example.invalid,"+34 600003827",2026-11-19,activo,"Sede sintética",999999
S5000-03828,Óscar,"Muñoz García",60003828W,s5000.03828@example.invalid,600-003-828,2026-12-20,inactivo,"Sede sintética",999999
S5000-03829,Nuria,"Pérez Núñez",60003829A,s5000.03829@example.invalid,"+34 600003829",2026-01-21,activo,"Sede sintética",999999
S5000-03830,Raúl,"Martín Sáez",60003830G,s5000.03830@example.invalid,600-003-830,2026-02-22,activo,"Sede sintética",999999
S5000-03831,Sofía,"Gómez León",60003831M,s5000.03831@example.invalid,"+34 600003831",2026-03-23,activo,"Sede sintética",999999
S5000-03832,Álvaro,"Muñoz García",60003832Y,s5000.03832@example.invalid,600-003-832,2026-04-24,activo,"Sede sintética",999999
S5000-03833,Lucía,"Pérez Núñez",60003833F,s5000.03833@example.invalid,"+34 600003833",2026-05-25,activo,"Sede sintética",999999
S5000-03834,Iñigo,"Martín Sáez",60003834P,s5000.03834@example.invalid,600-003-834,2026-06-26,activo,"Sede sintética",999999
S5000-03835,"María José","Gómez León",60003835D,s5000.03835@example.invalid,"+34 600003835",2026-07-27,activo,"Sede sintética",999999
S5000-03836,Óscar,"Muñoz García",60003836X,s5000.03836@example.invalid,600-003-836,2026-08-28,activo,"Sede sintética",999999
S5000-03837,Nuria,"Pérez Núñez",60003837B,s5000.03837@example.invalid,"+34 600003837",2026-09-01,activo,"Sede sintética",999999
S5000-03838,Raúl,"Martín Sáez",60003838N,s5000.03838@example.invalid,600-003-838,2026-10-02,activo,"Sede sintética",999999
S5000-03839,Sofía,"Gómez León",60003839J,s5000.03839@example.invalid,"+34 600003839",2026-11-03,inactivo,"Sede sintética",999999
S5000-03840,Álvaro,"Muñoz García",60003840Z,s5000.03840@example.invalid,600-003-840,2026-12-04,activo,"Sede sintética",999999
S5000-03841,Lucía,"Pérez Núñez",60003841S,s5000.03841@example.invalid,"+34 600003841",2026-01-05,activo,"Sede sintética",999999
S5000-03842,Iñigo,"Martín Sáez",60003842Q,s5000.03842@example.invalid,600-003-842,2026-02-06,activo,"Sede sintética",999999
S5000-03843,"María José","Gómez León",60003843V,s5000.03843@example.invalid,"+34 600003843",2026-03-07,activo,"Sede sintética",999999
S5000-03844,Óscar,"Muñoz García",60003844H,s5000.03844@example.invalid,600-003-844,2026-04-08,activo,"Sede sintética",999999
S5000-03845,Nuria,"Pérez Núñez",60003845L,s5000.03845@example.invalid,"+34 600003845",2026-05-09,activo,"Sede sintética",999999
S5000-03846,Raúl,"Martín Sáez",60003846C,s5000.03846@example.invalid,600-003-846,2026-06-10,activo,"Sede sintética",999999
S5000-03847,Sofía,"Gómez León",60003847K,s5000.03847@example.invalid,"+34 600003847",2026-07-11,activo,"Sede sintética",999999
S5000-03848,Álvaro,"Muñoz García",60003848E,s5000.03848@example.invalid,600-003-848,2026-08-12,activo,"Sede sintética",999999
S5000-03849,Lucía,"Pérez Núñez",60003849T,s5000.03849@example.invalid,"+34 600003849",2026-09-13,activo,"Sede sintética",999999
S5000-03850,Iñigo,"Martín Sáez",60003850R,s5000.03850@example.invalid,600-003-850,2026-10-14,inactivo,"Sede sintética",999999
S5000-03851,"María José","Gómez León",60003851W,s5000.03851@example.invalid,"+34 600003851",2026-11-15,activo,"Sede sintética",999999
S5000-03852,Óscar,"Muñoz García",60003852A,s5000.03852@example.invalid,600-003-852,2026-12-16,activo,"Sede sintética",999999
S5000-03853,Nuria,"Pérez Núñez",60003853G,s5000.03853@example.invalid,"+34 600003853",2026-01-17,activo,"Sede sintética",999999
S5000-03854,Raúl,"Martín Sáez",60003854M,s5000.03854@example.invalid,600-003-854,2026-02-18,activo,"Sede sintética",999999
S5000-03855,Sofía,"Gómez León",60003855Y,s5000.03855@example.invalid,"+34 600003855",2026-03-19,activo,"Sede sintética",999999
S5000-03856,Álvaro,"Muñoz García",60003856F,s5000.03856@example.invalid,600-003-856,2026-04-20,activo,"Sede sintética",999999
S5000-03857,Lucía,"Pérez Núñez",60003857P,s5000.03857@example.invalid,"+34 600003857",2026-05-21,activo,"Sede sintética",999999
S5000-03858,Iñigo,"Martín Sáez",60003858D,s5000.03858@example.invalid,600-003-858,2026-06-22,activo,"Sede sintética",999999
S5000-03859,"María José","Gómez León",60003859X,s5000.03859@example.invalid,"+34 600003859",2026-07-23,activo,"Sede sintética",999999
S5000-03860,Óscar,"Muñoz García",60003860B,s5000.03860@example.invalid,600-003-860,2026-08-24,activo,"Sede sintética",999999
S5000-03861,Nuria,"Pérez Núñez",60003861N,s5000.03861@example.invalid,"+34 600003861",2026-09-25,inactivo,"Sede sintética",999999
S5000-03862,Raúl,"Martín Sáez",60003862J,s5000.03862@example.invalid,600-003-862,2026-10-26,activo,"Sede sintética",999999
S5000-03863,Sofía,"Gómez León",60003863Z,s5000.03863@example.invalid,"+34 600003863",2026-11-27,activo,"Sede sintética",999999
S5000-03864,Álvaro,"Muñoz García",60003864S,s5000.03864@example.invalid,600-003-864,2026-12-28,activo,"Sede sintética",999999
S5000-03865,Lucía,"Pérez Núñez",60003865Q,s5000.03865@example.invalid,"+34 600003865",2026-01-01,activo,"Sede sintética",999999
S5000-03866,Iñigo,"Martín Sáez",60003866V,s5000.03866@example.invalid,600-003-866,2026-02-02,activo,"Sede sintética",999999
S5000-03867,"María José","Gómez León",60003867H,s5000.03867@example.invalid,"+34 600003867",2026-03-03,activo,"Sede sintética",999999
S5000-03868,Óscar,"Muñoz García",60003868L,s5000.03868@example.invalid,600-003-868,2026-04-04,activo,"Sede sintética",999999
S5000-03869,Nuria,"Pérez Núñez",60003869C,s5000.03869@example.invalid,"+34 600003869",2026-05-05,activo,"Sede sintética",999999
S5000-03870,Raúl,"Martín Sáez",60003870K,s5000.03870@example.invalid,600-003-870,2026-06-06,activo,"Sede sintética",999999
S5000-03871,Sofía,"Gómez León",60003871E,s5000.03871@example.invalid,"+34 600003871",2026-07-07,activo,"Sede sintética",999999
S5000-03872,Álvaro,"Muñoz García",60003872T,s5000.03872@example.invalid,600-003-872,2026-08-08,inactivo,"Sede sintética",999999
S5000-03873,Lucía,"Pérez Núñez",60003873R,s5000.03873@example.invalid,"+34 600003873",2026-09-09,activo,"Sede sintética",999999
S5000-03874,Iñigo,"Martín Sáez",60003874W,s5000.03874@example.invalid,600-003-874,2026-10-10,activo,"Sede sintética",999999
S5000-03875,"María José","Gómez León",60003875A,s5000.03875@example.invalid,"+34 600003875",2026-11-11,activo,"Sede sintética",999999
S5000-03876,Óscar,"Muñoz García",60003876G,s5000.03876@example.invalid,600-003-876,2026-12-12,activo,"Sede sintética",999999
S5000-03877,Nuria,"Pérez Núñez",60003877M,s5000.03877@example.invalid,"+34 600003877",2026-01-13,activo,"Sede sintética",999999
S5000-03878,Raúl,"Martín Sáez",60003878Y,s5000.03878@example.invalid,600-003-878,2026-02-14,activo,"Sede sintética",999999
S5000-03879,Sofía,"Gómez León",60003879F,s5000.03879@example.invalid,"+34 600003879",2026-03-15,activo,"Sede sintética",999999
S5000-03880,Álvaro,"Muñoz García",60003880P,s5000.03880@example.invalid,600-003-880,2026-04-16,activo,"Sede sintética",999999
S5000-03881,Lucía,"Pérez Núñez",60003881D,s5000.03881@example.invalid,"+34 600003881",2026-05-17,activo,"Sede sintética",999999
S5000-03882,Iñigo,"Martín Sáez",60003882X,s5000.03882@example.invalid,600-003-882,2026-06-18,activo,"Sede sintética",999999
S5000-03883,"María José","Gómez León",60003883B,s5000.03883@example.invalid,"+34 600003883",2026-07-19,inactivo,"Sede sintética",999999
S5000-03884,Óscar,"Muñoz García",60003884N,s5000.03884@example.invalid,600-003-884,2026-08-20,activo,"Sede sintética",999999
S5000-03885,Nuria,"Pérez Núñez",60003885J,s5000.03885@example.invalid,"+34 600003885",2026-09-21,activo,"Sede sintética",999999
S5000-03886,Raúl,"Martín Sáez",60003886Z,s5000.03886@example.invalid,600-003-886,2026-10-22,activo,"Sede sintética",999999
S5000-03887,Sofía,"Gómez León",60003887S,s5000.03887@example.invalid,"+34 600003887",2026-11-23,activo,"Sede sintética",999999
S5000-03888,Álvaro,"Muñoz García",60003888Q,s5000.03888@example.invalid,600-003-888,2026-12-24,activo,"Sede sintética",999999
S5000-03889,Lucía,"Pérez Núñez",60003889V,s5000.03889@example.invalid,"+34 600003889",2026-01-25,activo,"Sede sintética",999999
S5000-03890,Iñigo,"Martín Sáez",60003890H,s5000.03890@example.invalid,600-003-890,2026-02-26,activo,"Sede sintética",999999
S5000-03891,"María José","Gómez León",60003891L,s5000.03891@example.invalid,"+34 600003891",2026-03-27,activo,"Sede sintética",999999
S5000-03892,Óscar,"Muñoz García",60003892C,s5000.03892@example.invalid,600-003-892,2026-04-28,activo,"Sede sintética",999999
S5000-03893,Nuria,"Pérez Núñez",60003893K,s5000.03893@example.invalid,"+34 600003893",2026-05-01,activo,"Sede sintética",999999
S5000-03894,Raúl,"Martín Sáez",60003894E,s5000.03894@example.invalid,600-003-894,2026-06-02,inactivo,"Sede sintética",999999
S5000-03895,Sofía,"Gómez León",60003895T,s5000.03895@example.invalid,"+34 600003895",2026-07-03,activo,"Sede sintética",999999
S5000-03896,Álvaro,"Muñoz García",60003896R,s5000.03896@example.invalid,600-003-896,2026-08-04,activo,"Sede sintética",999999
S5000-03897,Lucía,"Pérez Núñez",60003897W,s5000.03897@example.invalid,"+34 600003897",2026-09-05,activo,"Sede sintética",999999
S5000-03898,Iñigo,"Martín Sáez",60003898A,s5000.03898@example.invalid,600-003-898,2026-10-06,activo,"Sede sintética",999999
S5000-03899,"María José","Gómez León",60003899G,s5000.03899@example.invalid,"+34 600003899",2026-11-07,activo,"Sede sintética",999999
S5000-03900,Óscar,"Muñoz García",60003900M,s5000.03900@example.invalid,600-003-900,2026-12-08,activo,"Sede sintética",999999
S5000-03901,Nuria,"Pérez Núñez",60003901Y,s5000.03901@example.invalid,"+34 600003901",2026-01-09,activo,"Sede sintética",999999
S5000-03902,Raúl,"Martín Sáez",60003902F,s5000.03902@example.invalid,600-003-902,2026-02-10,activo,"Sede sintética",999999
S5000-03903,Sofía,"Gómez León",60003903P,s5000.03903@example.invalid,"+34 600003903",2026-03-11,activo,"Sede sintética",999999
S5000-03904,Álvaro,"Muñoz García",60003904D,s5000.03904@example.invalid,600-003-904,2026-04-12,activo,"Sede sintética",999999
S5000-03905,Lucía,"Pérez Núñez",60003905X,s5000.03905@example.invalid,"+34 600003905",2026-05-13,inactivo,"Sede sintética",999999
S5000-03906,Iñigo,"Martín Sáez",60003906B,s5000.03906@example.invalid,600-003-906,2026-06-14,activo,"Sede sintética",999999
S5000-03907,"María José","Gómez León",60003907N,s5000.03907@example.invalid,"+34 600003907",2026-07-15,activo,"Sede sintética",999999
S5000-03908,Óscar,"Muñoz García",60003908J,s5000.03908@example.invalid,600-003-908,2026-08-16,activo,"Sede sintética",999999
S5000-03909,Nuria,"Pérez Núñez",60003909Z,s5000.03909@example.invalid,"+34 600003909",2026-09-17,activo,"Sede sintética",999999
S5000-03910,Raúl,"Martín Sáez",60003910S,s5000.03910@example.invalid,600-003-910,2026-10-18,activo,"Sede sintética",999999
S5000-03911,Sofía,"Gómez León",60003911Q,s5000.03911@example.invalid,"+34 600003911",2026-11-19,activo,"Sede sintética",999999
S5000-03912,Álvaro,"Muñoz García",60003912V,s5000.03912@example.invalid,600-003-912,2026-12-20,activo,"Sede sintética",999999
S5000-03913,Lucía,"Pérez Núñez",60003913H,s5000.03913@example.invalid,"+34 600003913",2026-01-21,activo,"Sede sintética",999999
S5000-03914,Iñigo,"Martín Sáez",60003914L,s5000.03914@example.invalid,600-003-914,2026-02-22,activo,"Sede sintética",999999
S5000-03915,"María José","Gómez León",60003915C,s5000.03915@example.invalid,"+34 600003915",2026-03-23,activo,"Sede sintética",999999
S5000-03916,Óscar,"Muñoz García",60003916K,s5000.03916@example.invalid,600-003-916,2026-04-24,inactivo,"Sede sintética",999999
S5000-03917,Nuria,"Pérez Núñez",60003917E,s5000.03917@example.invalid,"+34 600003917",2026-05-25,activo,"Sede sintética",999999
S5000-03918,Raúl,"Martín Sáez",60003918T,s5000.03918@example.invalid,600-003-918,2026-06-26,activo,"Sede sintética",999999
S5000-03919,Sofía,"Gómez León",60003919R,s5000.03919@example.invalid,"+34 600003919",2026-07-27,activo,"Sede sintética",999999
S5000-03920,Álvaro,"Muñoz García",60003920W,s5000.03920@example.invalid,600-003-920,2026-08-28,activo,"Sede sintética",999999
S5000-03921,Lucía,"Pérez Núñez",60003921A,s5000.03921@example.invalid,"+34 600003921",2026-09-01,activo,"Sede sintética",999999
S5000-03922,Iñigo,"Martín Sáez",60003922G,s5000.03922@example.invalid,600-003-922,2026-10-02,activo,"Sede sintética",999999
S5000-03923,"María José","Gómez León",60003923M,s5000.03923@example.invalid,"+34 600003923",2026-11-03,activo,"Sede sintética",999999
S5000-03924,Óscar,"Muñoz García",60003924Y,s5000.03924@example.invalid,600-003-924,2026-12-04,activo,"Sede sintética",999999
S5000-03925,Nuria,"Pérez Núñez",60003925F,s5000.03925@example.invalid,"+34 600003925",2026-01-05,activo,"Sede sintética",999999
S5000-03926,Raúl,"Martín Sáez",60003926P,s5000.03926@example.invalid,600-003-926,2026-02-06,activo,"Sede sintética",999999
S5000-03927,Sofía,"Gómez León",60003927D,s5000.03927@example.invalid,"+34 600003927",2026-03-07,inactivo,"Sede sintética",999999
S5000-03928,Álvaro,"Muñoz García",60003928X,s5000.03928@example.invalid,600-003-928,2026-04-08,activo,"Sede sintética",999999
S5000-03929,Lucía,"Pérez Núñez",60003929B,s5000.03929@example.invalid,"+34 600003929",2026-05-09,activo,"Sede sintética",999999
S5000-03930,Iñigo,"Martín Sáez",60003930N,s5000.03930@example.invalid,600-003-930,2026-06-10,activo,"Sede sintética",999999
S5000-03931,"María José","Gómez León",60003931J,s5000.03931@example.invalid,"+34 600003931",2026-07-11,activo,"Sede sintética",999999
S5000-03932,Óscar,"Muñoz García",60003932Z,s5000.03932@example.invalid,600-003-932,2026-08-12,activo,"Sede sintética",999999
S5000-03933,Nuria,"Pérez Núñez",60003933S,s5000.03933@example.invalid,"+34 600003933",2026-09-13,activo,"Sede sintética",999999
S5000-03934,Raúl,"Martín Sáez",60003934Q,s5000.03934@example.invalid,600-003-934,2026-10-14,activo,"Sede sintética",999999
S5000-03935,Sofía,"Gómez León",60003935V,s5000.03935@example.invalid,"+34 600003935",2026-11-15,activo,"Sede sintética",999999
S5000-03936,Álvaro,"Muñoz García",60003936H,s5000.03936@example.invalid,600-003-936,2026-12-16,activo,"Sede sintética",999999
S5000-03937,Lucía,"Pérez Núñez",60003937L,s5000.03937@example.invalid,"+34 600003937",2026-01-17,activo,"Sede sintética",999999
S5000-03938,Iñigo,"Martín Sáez",60003938C,s5000.03938@example.invalid,600-003-938,2026-02-18,inactivo,"Sede sintética",999999
S5000-03939,"María José","Gómez León",60003939K,s5000.03939@example.invalid,"+34 600003939",2026-03-19,activo,"Sede sintética",999999
S5000-03940,Óscar,"Muñoz García",60003940E,s5000.03940@example.invalid,600-003-940,2026-04-20,activo,"Sede sintética",999999
S5000-03941,Nuria,"Pérez Núñez",60003941T,s5000.03941@example.invalid,"+34 600003941",2026-05-21,activo,"Sede sintética",999999
S5000-03942,Raúl,"Martín Sáez",60003942R,s5000.03942@example.invalid,600-003-942,2026-06-22,activo,"Sede sintética",999999
S5000-03943,Sofía,"Gómez León",60003943W,s5000.03943@example.invalid,"+34 600003943",2026-07-23,activo,"Sede sintética",999999
S5000-03944,Álvaro,"Muñoz García",60003944A,s5000.03944@example.invalid,600-003-944,2026-08-24,activo,"Sede sintética",999999
S5000-03945,Lucía,"Pérez Núñez",60003945G,s5000.03945@example.invalid,"+34 600003945",2026-09-25,activo,"Sede sintética",999999
S5000-03946,Iñigo,"Martín Sáez",60003946M,s5000.03946@example.invalid,600-003-946,2026-10-26,activo,"Sede sintética",999999
S5000-03947,"María José","Gómez León",60003947Y,s5000.03947@example.invalid,"+34 600003947",2026-11-27,activo,"Sede sintética",999999
S5000-03948,Óscar,"Muñoz García",60003948F,s5000.03948@example.invalid,600-003-948,2026-12-28,activo,"Sede sintética",999999
S5000-03949,Nuria,"Pérez Núñez",60003949P,s5000.03949@example.invalid,"+34 600003949",2026-01-01,inactivo,"Sede sintética",999999
S5000-03950,Raúl,"Martín Sáez",60003950D,s5000.03950@example.invalid,600-003-950,2026-02-02,activo,"Sede sintética",999999
S5000-03951,Sofía,"Gómez León",60003951X,s5000.03951@example.invalid,"+34 600003951",2026-03-03,activo,"Sede sintética",999999
S5000-03952,Álvaro,"Muñoz García",60003952B,s5000.03952@example.invalid,600-003-952,2026-04-04,activo,"Sede sintética",999999
S5000-03953,Lucía,"Pérez Núñez",60003953N,s5000.03953@example.invalid,"+34 600003953",2026-05-05,activo,"Sede sintética",999999
S5000-03954,Iñigo,"Martín Sáez",60003954J,s5000.03954@example.invalid,600-003-954,2026-06-06,activo,"Sede sintética",999999
S5000-03955,"María José","Gómez León",60003955Z,s5000.03955@example.invalid,"+34 600003955",2026-07-07,activo,"Sede sintética",999999
S5000-03956,Óscar,"Muñoz García",60003956S,s5000.03956@example.invalid,600-003-956,2026-08-08,activo,"Sede sintética",999999
S5000-03957,Nuria,"Pérez Núñez",60003957Q,s5000.03957@example.invalid,"+34 600003957",2026-09-09,activo,"Sede sintética",999999
S5000-03958,Raúl,"Martín Sáez",60003958V,s5000.03958@example.invalid,600-003-958,2026-10-10,activo,"Sede sintética",999999
S5000-03959,Sofía,"Gómez León",60003959H,s5000.03959@example.invalid,"+34 600003959",2026-11-11,activo,"Sede sintética",999999
S5000-03960,Álvaro,"Muñoz García",60003960L,s5000.03960@example.invalid,600-003-960,2026-12-12,inactivo,"Sede sintética",999999
S5000-03961,Lucía,"Pérez Núñez",60003961C,s5000.03961@example.invalid,"+34 600003961",2026-01-13,activo,"Sede sintética",999999
S5000-03962,Iñigo,"Martín Sáez",60003962K,s5000.03962@example.invalid,600-003-962,2026-02-14,activo,"Sede sintética",999999
S5000-03963,"María José","Gómez León",60003963E,s5000.03963@example.invalid,"+34 600003963",2026-03-15,activo,"Sede sintética",999999
S5000-03964,Óscar,"Muñoz García",60003964T,s5000.03964@example.invalid,600-003-964,2026-04-16,activo,"Sede sintética",999999
S5000-03965,Nuria,"Pérez Núñez",60003965R,s5000.03965@example.invalid,"+34 600003965",2026-05-17,activo,"Sede sintética",999999
S5000-03966,Raúl,"Martín Sáez",60003966W,s5000.03966@example.invalid,600-003-966,2026-06-18,activo,"Sede sintética",999999
S5000-03967,Sofía,"Gómez León",60003967A,s5000.03967@example.invalid,"+34 600003967",2026-07-19,activo,"Sede sintética",999999
S5000-03968,Álvaro,"Muñoz García",60003968G,s5000.03968@example.invalid,600-003-968,2026-08-20,activo,"Sede sintética",999999
S5000-03969,Lucía,"Pérez Núñez",60003969M,s5000.03969@example.invalid,"+34 600003969",2026-09-21,activo,"Sede sintética",999999
S5000-03970,Iñigo,"Martín Sáez",60003970Y,s5000.03970@example.invalid,600-003-970,2026-10-22,activo,"Sede sintética",999999
S5000-03971,"María José","Gómez León",60003971F,s5000.03971@example.invalid,"+34 600003971",2026-11-23,inactivo,"Sede sintética",999999
S5000-03972,Óscar,"Muñoz García",60003972P,s5000.03972@example.invalid,600-003-972,2026-12-24,activo,"Sede sintética",999999
S5000-03973,Nuria,"Pérez Núñez",60003973D,s5000.03973@example.invalid,"+34 600003973",2026-01-25,activo,"Sede sintética",999999
S5000-03974,Raúl,"Martín Sáez",60003974X,s5000.03974@example.invalid,600-003-974,2026-02-26,activo,"Sede sintética",999999
S5000-03975,Sofía,"Gómez León",60003975B,s5000.03975@example.invalid,"+34 600003975",2026-03-27,activo,"Sede sintética",999999
S5000-03976,Álvaro,"Muñoz García",60003976N,s5000.03976@example.invalid,600-003-976,2026-04-28,activo,"Sede sintética",999999
S5000-03977,Lucía,"Pérez Núñez",60003977J,s5000.03977@example.invalid,"+34 600003977",2026-05-01,activo,"Sede sintética",999999
S5000-03978,Iñigo,"Martín Sáez",60003978Z,s5000.03978@example.invalid,600-003-978,2026-06-02,activo,"Sede sintética",999999
S5000-03979,"María José","Gómez León",60003979S,s5000.03979@example.invalid,"+34 600003979",2026-07-03,activo,"Sede sintética",999999
S5000-03980,Óscar,"Muñoz García",60003980Q,s5000.03980@example.invalid,600-003-980,2026-08-04,activo,"Sede sintética",999999
S5000-03981,Nuria,"Pérez Núñez",60003981V,s5000.03981@example.invalid,"+34 600003981",2026-09-05,activo,"Sede sintética",999999
S5000-03982,Raúl,"Martín Sáez",60003982H,s5000.03982@example.invalid,600-003-982,2026-10-06,inactivo,"Sede sintética",999999
S5000-03983,Sofía,"Gómez León",60003983L,s5000.03983@example.invalid,"+34 600003983",2026-11-07,activo,"Sede sintética",999999
S5000-03984,Álvaro,"Muñoz García",60003984C,s5000.03984@example.invalid,600-003-984,2026-12-08,activo,"Sede sintética",999999
S5000-03985,Lucía,"Pérez Núñez",60003985K,s5000.03985@example.invalid,"+34 600003985",2026-01-09,activo,"Sede sintética",999999
S5000-03986,Iñigo,"Martín Sáez",60003986E,s5000.03986@example.invalid,600-003-986,2026-02-10,activo,"Sede sintética",999999
S5000-03987,"María José","Gómez León",60003987T,s5000.03987@example.invalid,"+34 600003987",2026-03-11,activo,"Sede sintética",999999
S5000-03988,Óscar,"Muñoz García",60003988R,s5000.03988@example.invalid,600-003-988,2026-04-12,activo,"Sede sintética",999999
S5000-03989,Nuria,"Pérez Núñez",60003989W,s5000.03989@example.invalid,"+34 600003989",2026-05-13,activo,"Sede sintética",999999
S5000-03990,Raúl,"Martín Sáez",60003990A,s5000.03990@example.invalid,600-003-990,2026-06-14,activo,"Sede sintética",999999
S5000-03991,Sofía,"Gómez León",60003991G,s5000.03991@example.invalid,"+34 600003991",2026-07-15,activo,"Sede sintética",999999
S5000-03992,Álvaro,"Muñoz García",60003992M,s5000.03992@example.invalid,600-003-992,2026-08-16,activo,"Sede sintética",999999
S5000-03993,Lucía,"Pérez Núñez",60003993Y,s5000.03993@example.invalid,"+34 600003993",2026-09-17,inactivo,"Sede sintética",999999
S5000-03994,Iñigo,"Martín Sáez",60003994F,s5000.03994@example.invalid,600-003-994,2026-10-18,activo,"Sede sintética",999999
S5000-03995,"María José","Gómez León",60003995P,s5000.03995@example.invalid,"+34 600003995",2026-11-19,activo,"Sede sintética",999999
S5000-03996,Óscar,"Muñoz García",60003996D,s5000.03996@example.invalid,600-003-996,2026-12-20,activo,"Sede sintética",999999
S5000-03997,Nuria,"Pérez Núñez",60003997X,s5000.03997@example.invalid,"+34 600003997",2026-01-21,activo,"Sede sintética",999999
S5000-03998,Raúl,"Martín Sáez",60003998B,s5000.03998@example.invalid,600-003-998,2026-02-22,activo,"Sede sintética",999999
S5000-03999,Sofía,"Gómez León",60003999N,s5000.03999@example.invalid,"+34 600003999",2026-03-23,activo,"Sede sintética",999999
S5000-04000,Álvaro,"Muñoz García",60004000J,s5000.04000@example.invalid,600-004-000,2026-04-24,activo,"Sede sintética",999999
S5000-04001,Lucía,"Pérez Núñez",60004001Z,s5000.04001@example.invalid,"+34 600004001",2026-05-25,activo,"Sede sintética",999999
S5000-04002,Iñigo,"Martín Sáez",60004002S,s5000.04002@example.invalid,600-004-002,2026-06-26,activo,"Sede sintética",999999
S5000-04003,"María José","Gómez León",60004003Q,s5000.04003@example.invalid,"+34 600004003",2026-07-27,activo,"Sede sintética",999999
S5000-04004,Óscar,"Muñoz García",60004004V,s5000.04004@example.invalid,600-004-004,2026-08-28,inactivo,"Sede sintética",999999
S5000-04005,Nuria,"Pérez Núñez",60004005H,s5000.04005@example.invalid,"+34 600004005",2026-09-01,activo,"Sede sintética",999999
S5000-04006,Raúl,"Martín Sáez",60004006L,s5000.04006@example.invalid,600-004-006,2026-10-02,activo,"Sede sintética",999999
S5000-04007,Sofía,"Gómez León",60004007C,s5000.04007@example.invalid,"+34 600004007",2026-11-03,activo,"Sede sintética",999999
S5000-04008,Álvaro,"Muñoz García",60004008K,s5000.04008@example.invalid,600-004-008,2026-12-04,activo,"Sede sintética",999999
S5000-04009,Lucía,"Pérez Núñez",60004009E,s5000.04009@example.invalid,"+34 600004009",2026-01-05,activo,"Sede sintética",999999
S5000-04010,Iñigo,"Martín Sáez",60004010T,s5000.04010@example.invalid,600-004-010,2026-02-06,activo,"Sede sintética",999999
S5000-04011,"María José","Gómez León",60004011R,s5000.04011@example.invalid,"+34 600004011",2026-03-07,activo,"Sede sintética",999999
S5000-04012,Óscar,"Muñoz García",60004012W,s5000.04012@example.invalid,600-004-012,2026-04-08,activo,"Sede sintética",999999
S5000-04013,Nuria,"Pérez Núñez",60004013A,s5000.04013@example.invalid,"+34 600004013",2026-05-09,activo,"Sede sintética",999999
S5000-04014,Raúl,"Martín Sáez",60004014G,s5000.04014@example.invalid,600-004-014,2026-06-10,activo,"Sede sintética",999999
S5000-04015,Sofía,"Gómez León",60004015M,s5000.04015@example.invalid,"+34 600004015",2026-07-11,inactivo,"Sede sintética",999999
S5000-04016,Álvaro,"Muñoz García",60004016Y,s5000.04016@example.invalid,600-004-016,2026-08-12,activo,"Sede sintética",999999
S5000-04017,Lucía,"Pérez Núñez",60004017F,s5000.04017@example.invalid,"+34 600004017",2026-09-13,activo,"Sede sintética",999999
S5000-04018,Iñigo,"Martín Sáez",60004018P,s5000.04018@example.invalid,600-004-018,2026-10-14,activo,"Sede sintética",999999
S5000-04019,"María José","Gómez León",60004019D,s5000.04019@example.invalid,"+34 600004019",2026-11-15,activo,"Sede sintética",999999
S5000-04020,Óscar,"Muñoz García",60004020X,s5000.04020@example.invalid,600-004-020,2026-12-16,activo,"Sede sintética",999999
S5000-04021,Nuria,"Pérez Núñez",60004021B,s5000.04021@example.invalid,"+34 600004021",2026-01-17,activo,"Sede sintética",999999
S5000-04022,Raúl,"Martín Sáez",60004022N,s5000.04022@example.invalid,600-004-022,2026-02-18,activo,"Sede sintética",999999
S5000-04023,Sofía,"Gómez León",60004023J,s5000.04023@example.invalid,"+34 600004023",2026-03-19,activo,"Sede sintética",999999
S5000-04024,Álvaro,"Muñoz García",60004024Z,s5000.04024@example.invalid,600-004-024,2026-04-20,activo,"Sede sintética",999999
S5000-04025,Lucía,"Pérez Núñez",60004025S,s5000.04025@example.invalid,"+34 600004025",2026-05-21,activo,"Sede sintética",999999
S5000-04026,Iñigo,"Martín Sáez",60004026Q,s5000.04026@example.invalid,600-004-026,2026-06-22,inactivo,"Sede sintética",999999
S5000-04027,"María José","Gómez León",60004027V,s5000.04027@example.invalid,"+34 600004027",2026-07-23,activo,"Sede sintética",999999
S5000-04028,Óscar,"Muñoz García",60004028H,s5000.04028@example.invalid,600-004-028,2026-08-24,activo,"Sede sintética",999999
S5000-04029,Nuria,"Pérez Núñez",60004029L,s5000.04029@example.invalid,"+34 600004029",2026-09-25,activo,"Sede sintética",999999
S5000-04030,Raúl,"Martín Sáez",60004030C,s5000.04030@example.invalid,600-004-030,2026-10-26,activo,"Sede sintética",999999
S5000-04031,Sofía,"Gómez León",60004031K,s5000.04031@example.invalid,"+34 600004031",2026-11-27,activo,"Sede sintética",999999
S5000-04032,Álvaro,"Muñoz García",60004032E,s5000.04032@example.invalid,600-004-032,2026-12-28,activo,"Sede sintética",999999
S5000-04033,Lucía,"Pérez Núñez",60004033T,s5000.04033@example.invalid,"+34 600004033",2026-01-01,activo,"Sede sintética",999999
S5000-04034,Iñigo,"Martín Sáez",60004034R,s5000.04034@example.invalid,600-004-034,2026-02-02,activo,"Sede sintética",999999
S5000-04035,"María José","Gómez León",60004035W,s5000.04035@example.invalid,"+34 600004035",2026-03-03,activo,"Sede sintética",999999
S5000-04036,Óscar,"Muñoz García",60004036A,s5000.04036@example.invalid,600-004-036,2026-04-04,activo,"Sede sintética",999999
S5000-04037,Nuria,"Pérez Núñez",60004037G,s5000.04037@example.invalid,"+34 600004037",2026-05-05,inactivo,"Sede sintética",999999
S5000-04038,Raúl,"Martín Sáez",60004038M,s5000.04038@example.invalid,600-004-038,2026-06-06,activo,"Sede sintética",999999
S5000-04039,Sofía,"Gómez León",60004039Y,s5000.04039@example.invalid,"+34 600004039",2026-07-07,activo,"Sede sintética",999999
S5000-04040,Álvaro,"Muñoz García",60004040F,s5000.04040@example.invalid,600-004-040,2026-08-08,activo,"Sede sintética",999999
S5000-04041,Lucía,"Pérez Núñez",60004041P,s5000.04041@example.invalid,"+34 600004041",2026-09-09,activo,"Sede sintética",999999
S5000-04042,Iñigo,"Martín Sáez",60004042D,s5000.04042@example.invalid,600-004-042,2026-10-10,activo,"Sede sintética",999999
S5000-04043,"María José","Gómez León",60004043X,s5000.04043@example.invalid,"+34 600004043",2026-11-11,activo,"Sede sintética",999999
S5000-04044,Óscar,"Muñoz García",60004044B,s5000.04044@example.invalid,600-004-044,2026-12-12,activo,"Sede sintética",999999
S5000-04045,Nuria,"Pérez Núñez",60004045N,s5000.04045@example.invalid,"+34 600004045",2026-01-13,activo,"Sede sintética",999999
S5000-04046,Raúl,"Martín Sáez",60004046J,s5000.04046@example.invalid,600-004-046,2026-02-14,activo,"Sede sintética",999999
S5000-04047,Sofía,"Gómez León",60004047Z,s5000.04047@example.invalid,"+34 600004047",2026-03-15,activo,"Sede sintética",999999
S5000-04048,Álvaro,"Muñoz García",60004048S,s5000.04048@example.invalid,600-004-048,2026-04-16,inactivo,"Sede sintética",999999
S5000-04049,Lucía,"Pérez Núñez",60004049Q,s5000.04049@example.invalid,"+34 600004049",2026-05-17,activo,"Sede sintética",999999
S5000-04050,Iñigo,"Martín Sáez",60004050V,s5000.04050@example.invalid,600-004-050,2026-06-18,activo,"Sede sintética",999999
S5000-04051,"María José","Gómez León",60004051H,s5000.04051@example.invalid,"+34 600004051",2026-07-19,activo,"Sede sintética",999999
S5000-04052,Óscar,"Muñoz García",60004052L,s5000.04052@example.invalid,600-004-052,2026-08-20,activo,"Sede sintética",999999
S5000-04053,Nuria,"Pérez Núñez",60004053C,s5000.04053@example.invalid,"+34 600004053",2026-09-21,activo,"Sede sintética",999999
S5000-04054,Raúl,"Martín Sáez",60004054K,s5000.04054@example.invalid,600-004-054,2026-10-22,activo,"Sede sintética",999999
S5000-04055,Sofía,"Gómez León",60004055E,s5000.04055@example.invalid,"+34 600004055",2026-11-23,activo,"Sede sintética",999999
S5000-04056,Álvaro,"Muñoz García",60004056T,s5000.04056@example.invalid,600-004-056,2026-12-24,activo,"Sede sintética",999999
S5000-04057,Lucía,"Pérez Núñez",60004057R,s5000.04057@example.invalid,"+34 600004057",2026-01-25,activo,"Sede sintética",999999
S5000-04058,Iñigo,"Martín Sáez",60004058W,s5000.04058@example.invalid,600-004-058,2026-02-26,activo,"Sede sintética",999999
S5000-04059,"María José","Gómez León",60004059A,s5000.04059@example.invalid,"+34 600004059",2026-03-27,inactivo,"Sede sintética",999999
S5000-04060,Óscar,"Muñoz García",60004060G,s5000.04060@example.invalid,600-004-060,2026-04-28,activo,"Sede sintética",999999
S5000-04061,Nuria,"Pérez Núñez",60004061M,s5000.04061@example.invalid,"+34 600004061",2026-05-01,activo,"Sede sintética",999999
S5000-04062,Raúl,"Martín Sáez",60004062Y,s5000.04062@example.invalid,600-004-062,2026-06-02,activo,"Sede sintética",999999
S5000-04063,Sofía,"Gómez León",60004063F,s5000.04063@example.invalid,"+34 600004063",2026-07-03,activo,"Sede sintética",999999
S5000-04064,Álvaro,"Muñoz García",60004064P,s5000.04064@example.invalid,600-004-064,2026-08-04,activo,"Sede sintética",999999
S5000-04065,Lucía,"Pérez Núñez",60004065D,s5000.04065@example.invalid,"+34 600004065",2026-09-05,activo,"Sede sintética",999999
S5000-04066,Iñigo,"Martín Sáez",60004066X,s5000.04066@example.invalid,600-004-066,2026-10-06,activo,"Sede sintética",999999
S5000-04067,"María José","Gómez León",60004067B,s5000.04067@example.invalid,"+34 600004067",2026-11-07,activo,"Sede sintética",999999
S5000-04068,Óscar,"Muñoz García",60004068N,s5000.04068@example.invalid,600-004-068,2026-12-08,activo,"Sede sintética",999999
S5000-04069,Nuria,"Pérez Núñez",60004069J,s5000.04069@example.invalid,"+34 600004069",2026-01-09,activo,"Sede sintética",999999
S5000-04070,Raúl,"Martín Sáez",60004070Z,s5000.04070@example.invalid,600-004-070,2026-02-10,inactivo,"Sede sintética",999999
S5000-04071,Sofía,"Gómez León",60004071S,s5000.04071@example.invalid,"+34 600004071",2026-03-11,activo,"Sede sintética",999999
S5000-04072,Álvaro,"Muñoz García",60004072Q,s5000.04072@example.invalid,600-004-072,2026-04-12,activo,"Sede sintética",999999
S5000-04073,Lucía,"Pérez Núñez",60004073V,s5000.04073@example.invalid,"+34 600004073",2026-05-13,activo,"Sede sintética",999999
S5000-04074,Iñigo,"Martín Sáez",60004074H,s5000.04074@example.invalid,600-004-074,2026-06-14,activo,"Sede sintética",999999
S5000-04075,"María José","Gómez León",60004075L,s5000.04075@example.invalid,"+34 600004075",2026-07-15,activo,"Sede sintética",999999
S5000-04076,Óscar,"Muñoz García",60004076C,s5000.04076@example.invalid,600-004-076,2026-08-16,activo,"Sede sintética",999999
S5000-04077,Nuria,"Pérez Núñez",60004077K,s5000.04077@example.invalid,"+34 600004077",2026-09-17,activo,"Sede sintética",999999
S5000-04078,Raúl,"Martín Sáez",60004078E,s5000.04078@example.invalid,600-004-078,2026-10-18,activo,"Sede sintética",999999
S5000-04079,Sofía,"Gómez León",60004079T,s5000.04079@example.invalid,"+34 600004079",2026-11-19,activo,"Sede sintética",999999
S5000-04080,Álvaro,"Muñoz García",60004080R,s5000.04080@example.invalid,600-004-080,2026-12-20,activo,"Sede sintética",999999
S5000-04081,Lucía,"Pérez Núñez",60004081W,s5000.04081@example.invalid,"+34 600004081",2026-01-21,inactivo,"Sede sintética",999999
S5000-04082,Iñigo,"Martín Sáez",60004082A,s5000.04082@example.invalid,600-004-082,2026-02-22,activo,"Sede sintética",999999
S5000-04083,"María José","Gómez León",60004083G,s5000.04083@example.invalid,"+34 600004083",2026-03-23,activo,"Sede sintética",999999
S5000-04084,Óscar,"Muñoz García",60004084M,s5000.04084@example.invalid,600-004-084,2026-04-24,activo,"Sede sintética",999999
S5000-04085,Nuria,"Pérez Núñez",60004085Y,s5000.04085@example.invalid,"+34 600004085",2026-05-25,activo,"Sede sintética",999999
S5000-04086,Raúl,"Martín Sáez",60004086F,s5000.04086@example.invalid,600-004-086,2026-06-26,activo,"Sede sintética",999999
S5000-04087,Sofía,"Gómez León",60004087P,s5000.04087@example.invalid,"+34 600004087",2026-07-27,activo,"Sede sintética",999999
S5000-04088,Álvaro,"Muñoz García",60004088D,s5000.04088@example.invalid,600-004-088,2026-08-28,activo,"Sede sintética",999999
S5000-04089,Lucía,"Pérez Núñez",60004089X,s5000.04089@example.invalid,"+34 600004089",2026-09-01,activo,"Sede sintética",999999
S5000-04090,Iñigo,"Martín Sáez",60004090B,s5000.04090@example.invalid,600-004-090,2026-10-02,activo,"Sede sintética",999999
S5000-04091,"María José","Gómez León",60004091N,s5000.04091@example.invalid,"+34 600004091",2026-11-03,activo,"Sede sintética",999999
S5000-04092,Óscar,"Muñoz García",60004092J,s5000.04092@example.invalid,600-004-092,2026-12-04,inactivo,"Sede sintética",999999
S5000-04093,Nuria,"Pérez Núñez",60004093Z,s5000.04093@example.invalid,"+34 600004093",2026-01-05,activo,"Sede sintética",999999
S5000-04094,Raúl,"Martín Sáez",60004094S,s5000.04094@example.invalid,600-004-094,2026-02-06,activo,"Sede sintética",999999
S5000-04095,Sofía,"Gómez León",60004095Q,s5000.04095@example.invalid,"+34 600004095",2026-03-07,activo,"Sede sintética",999999
S5000-04096,Álvaro,"Muñoz García",60004096V,s5000.04096@example.invalid,600-004-096,2026-04-08,activo,"Sede sintética",999999
S5000-04097,Lucía,"Pérez Núñez",60004097H,s5000.04097@example.invalid,"+34 600004097",2026-05-09,activo,"Sede sintética",999999
S5000-04098,Iñigo,"Martín Sáez",60004098L,s5000.04098@example.invalid,600-004-098,2026-06-10,activo,"Sede sintética",999999
S5000-04099,"María José","Gómez León",60004099C,s5000.04099@example.invalid,"+34 600004099",2026-07-11,activo,"Sede sintética",999999
S5000-04100,Óscar,"Muñoz García",60004100K,s5000.04100@example.invalid,600-004-100,2026-08-12,activo,"Sede sintética",999999
S5000-04101,Nuria,"Pérez Núñez",60004101E,s5000.04101@example.invalid,"+34 600004101",2026-09-13,activo,"Sede sintética",999999
S5000-04102,Raúl,"Martín Sáez",60004102T,s5000.04102@example.invalid,600-004-102,2026-10-14,activo,"Sede sintética",999999
S5000-04103,Sofía,"Gómez León",60004103R,s5000.04103@example.invalid,"+34 600004103",2026-11-15,inactivo,"Sede sintética",999999
S5000-04104,Álvaro,"Muñoz García",60004104W,s5000.04104@example.invalid,600-004-104,2026-12-16,activo,"Sede sintética",999999
S5000-04105,Lucía,"Pérez Núñez",60004105A,s5000.04105@example.invalid,"+34 600004105",2026-01-17,activo,"Sede sintética",999999
S5000-04106,Iñigo,"Martín Sáez",60004106G,s5000.04106@example.invalid,600-004-106,2026-02-18,activo,"Sede sintética",999999
S5000-04107,"María José","Gómez León",60004107M,s5000.04107@example.invalid,"+34 600004107",2026-03-19,activo,"Sede sintética",999999
S5000-04108,Óscar,"Muñoz García",60004108Y,s5000.04108@example.invalid,600-004-108,2026-04-20,activo,"Sede sintética",999999
S5000-04109,Nuria,"Pérez Núñez",60004109F,s5000.04109@example.invalid,"+34 600004109",2026-05-21,activo,"Sede sintética",999999
S5000-04110,Raúl,"Martín Sáez",60004110P,s5000.04110@example.invalid,600-004-110,2026-06-22,activo,"Sede sintética",999999
S5000-04111,Sofía,"Gómez León",60004111D,s5000.04111@example.invalid,"+34 600004111",2026-07-23,activo,"Sede sintética",999999
S5000-04112,Álvaro,"Muñoz García",60004112X,s5000.04112@example.invalid,600-004-112,2026-08-24,activo,"Sede sintética",999999
S5000-04113,Lucía,"Pérez Núñez",60004113B,s5000.04113@example.invalid,"+34 600004113",2026-09-25,activo,"Sede sintética",999999
S5000-04114,Iñigo,"Martín Sáez",60004114N,s5000.04114@example.invalid,600-004-114,2026-10-26,inactivo,"Sede sintética",999999
S5000-04115,"María José","Gómez León",60004115J,s5000.04115@example.invalid,"+34 600004115",2026-11-27,activo,"Sede sintética",999999
S5000-04116,Óscar,"Muñoz García",60004116Z,s5000.04116@example.invalid,600-004-116,2026-12-28,activo,"Sede sintética",999999
S5000-04117,Nuria,"Pérez Núñez",60004117S,s5000.04117@example.invalid,"+34 600004117",2026-01-01,activo,"Sede sintética",999999
S5000-04118,Raúl,"Martín Sáez",60004118Q,s5000.04118@example.invalid,600-004-118,2026-02-02,activo,"Sede sintética",999999
S5000-04119,Sofía,"Gómez León",60004119V,s5000.04119@example.invalid,"+34 600004119",2026-03-03,activo,"Sede sintética",999999
S5000-04120,Álvaro,"Muñoz García",60004120H,s5000.04120@example.invalid,600-004-120,2026-04-04,activo,"Sede sintética",999999
S5000-04121,Lucía,"Pérez Núñez",60004121L,s5000.04121@example.invalid,"+34 600004121",2026-05-05,activo,"Sede sintética",999999
S5000-04122,Iñigo,"Martín Sáez",60004122C,s5000.04122@example.invalid,600-004-122,2026-06-06,activo,"Sede sintética",999999
S5000-04123,"María José","Gómez León",60004123K,s5000.04123@example.invalid,"+34 600004123",2026-07-07,activo,"Sede sintética",999999
S5000-04124,Óscar,"Muñoz García",60004124E,s5000.04124@example.invalid,600-004-124,2026-08-08,activo,"Sede sintética",999999
S5000-04125,Nuria,"Pérez Núñez",60004125T,s5000.04125@example.invalid,"+34 600004125",2026-09-09,inactivo,"Sede sintética",999999
S5000-04126,Raúl,"Martín Sáez",60004126R,s5000.04126@example.invalid,600-004-126,2026-10-10,activo,"Sede sintética",999999
S5000-04127,Sofía,"Gómez León",60004127W,s5000.04127@example.invalid,"+34 600004127",2026-11-11,activo,"Sede sintética",999999
S5000-04128,Álvaro,"Muñoz García",60004128A,s5000.04128@example.invalid,600-004-128,2026-12-12,activo,"Sede sintética",999999
S5000-04129,Lucía,"Pérez Núñez",60004129G,s5000.04129@example.invalid,"+34 600004129",2026-01-13,activo,"Sede sintética",999999
S5000-04130,Iñigo,"Martín Sáez",60004130M,s5000.04130@example.invalid,600-004-130,2026-02-14,activo,"Sede sintética",999999
S5000-04131,"María José","Gómez León",60004131Y,s5000.04131@example.invalid,"+34 600004131",2026-03-15,activo,"Sede sintética",999999
S5000-04132,Óscar,"Muñoz García",60004132F,s5000.04132@example.invalid,600-004-132,2026-04-16,activo,"Sede sintética",999999
S5000-04133,Nuria,"Pérez Núñez",60004133P,s5000.04133@example.invalid,"+34 600004133",2026-05-17,activo,"Sede sintética",999999
S5000-04134,Raúl,"Martín Sáez",60004134D,s5000.04134@example.invalid,600-004-134,2026-06-18,activo,"Sede sintética",999999
S5000-04135,Sofía,"Gómez León",60004135X,s5000.04135@example.invalid,"+34 600004135",2026-07-19,activo,"Sede sintética",999999
S5000-04136,Álvaro,"Muñoz García",60004136B,s5000.04136@example.invalid,600-004-136,2026-08-20,inactivo,"Sede sintética",999999
S5000-04137,Lucía,"Pérez Núñez",60004137N,s5000.04137@example.invalid,"+34 600004137",2026-09-21,activo,"Sede sintética",999999
S5000-04138,Iñigo,"Martín Sáez",60004138J,s5000.04138@example.invalid,600-004-138,2026-10-22,activo,"Sede sintética",999999
S5000-04139,"María José","Gómez León",60004139Z,s5000.04139@example.invalid,"+34 600004139",2026-11-23,activo,"Sede sintética",999999
S5000-04140,Óscar,"Muñoz García",60004140S,s5000.04140@example.invalid,600-004-140,2026-12-24,activo,"Sede sintética",999999
S5000-04141,Nuria,"Pérez Núñez",60004141Q,s5000.04141@example.invalid,"+34 600004141",2026-01-25,activo,"Sede sintética",999999
S5000-04142,Raúl,"Martín Sáez",60004142V,s5000.04142@example.invalid,600-004-142,2026-02-26,activo,"Sede sintética",999999
S5000-04143,Sofía,"Gómez León",60004143H,s5000.04143@example.invalid,"+34 600004143",2026-03-27,activo,"Sede sintética",999999
S5000-04144,Álvaro,"Muñoz García",60004144L,s5000.04144@example.invalid,600-004-144,2026-04-28,activo,"Sede sintética",999999
S5000-04145,Lucía,"Pérez Núñez",60004145C,s5000.04145@example.invalid,"+34 600004145",2026-05-01,activo,"Sede sintética",999999
S5000-04146,Iñigo,"Martín Sáez",60004146K,s5000.04146@example.invalid,600-004-146,2026-06-02,activo,"Sede sintética",999999
S5000-04147,"María José","Gómez León",60004147E,s5000.04147@example.invalid,"+34 600004147",2026-07-03,inactivo,"Sede sintética",999999
S5000-04148,Óscar,"Muñoz García",60004148T,s5000.04148@example.invalid,600-004-148,2026-08-04,activo,"Sede sintética",999999
S5000-04149,Nuria,"Pérez Núñez",60004149R,s5000.04149@example.invalid,"+34 600004149",2026-09-05,activo,"Sede sintética",999999
S5000-04150,Raúl,"Martín Sáez",60004150W,s5000.04150@example.invalid,600-004-150,2026-10-06,activo,"Sede sintética",999999
S5000-04151,Sofía,"Gómez León",60004151A,s5000.04151@example.invalid,"+34 600004151",2026-11-07,activo,"Sede sintética",999999
S5000-04152,Álvaro,"Muñoz García",60004152G,s5000.04152@example.invalid,600-004-152,2026-12-08,activo,"Sede sintética",999999
S5000-04153,Lucía,"Pérez Núñez",60004153M,s5000.04153@example.invalid,"+34 600004153",2026-01-09,activo,"Sede sintética",999999
S5000-04154,Iñigo,"Martín Sáez",60004154Y,s5000.04154@example.invalid,600-004-154,2026-02-10,activo,"Sede sintética",999999
S5000-04155,"María José","Gómez León",60004155F,s5000.04155@example.invalid,"+34 600004155",2026-03-11,activo,"Sede sintética",999999
S5000-04156,Óscar,"Muñoz García",60004156P,s5000.04156@example.invalid,600-004-156,2026-04-12,activo,"Sede sintética",999999
S5000-04157,Nuria,"Pérez Núñez",60004157D,s5000.04157@example.invalid,"+34 600004157",2026-05-13,activo,"Sede sintética",999999
S5000-04158,Raúl,"Martín Sáez",60004158X,s5000.04158@example.invalid,600-004-158,2026-06-14,inactivo,"Sede sintética",999999
S5000-04159,Sofía,"Gómez León",60004159B,s5000.04159@example.invalid,"+34 600004159",2026-07-15,activo,"Sede sintética",999999
S5000-04160,Álvaro,"Muñoz García",60004160N,s5000.04160@example.invalid,600-004-160,2026-08-16,activo,"Sede sintética",999999
S5000-04161,Lucía,"Pérez Núñez",60004161J,s5000.04161@example.invalid,"+34 600004161",2026-09-17,activo,"Sede sintética",999999
S5000-04162,Iñigo,"Martín Sáez",60004162Z,s5000.04162@example.invalid,600-004-162,2026-10-18,activo,"Sede sintética",999999
S5000-04163,"María José","Gómez León",60004163S,s5000.04163@example.invalid,"+34 600004163",2026-11-19,activo,"Sede sintética",999999
S5000-04164,Óscar,"Muñoz García",60004164Q,s5000.04164@example.invalid,600-004-164,2026-12-20,activo,"Sede sintética",999999
S5000-04165,Nuria,"Pérez Núñez",60004165V,s5000.04165@example.invalid,"+34 600004165",2026-01-21,activo,"Sede sintética",999999
S5000-04166,Raúl,"Martín Sáez",60004166H,s5000.04166@example.invalid,600-004-166,2026-02-22,activo,"Sede sintética",999999
S5000-04167,Sofía,"Gómez León",60004167L,s5000.04167@example.invalid,"+34 600004167",2026-03-23,activo,"Sede sintética",999999
S5000-04168,Álvaro,"Muñoz García",60004168C,s5000.04168@example.invalid,600-004-168,2026-04-24,activo,"Sede sintética",999999
S5000-04169,Lucía,"Pérez Núñez",60004169K,s5000.04169@example.invalid,"+34 600004169",2026-05-25,inactivo,"Sede sintética",999999
S5000-04170,Iñigo,"Martín Sáez",60004170E,s5000.04170@example.invalid,600-004-170,2026-06-26,activo,"Sede sintética",999999
S5000-04171,"María José","Gómez León",60004171T,s5000.04171@example.invalid,"+34 600004171",2026-07-27,activo,"Sede sintética",999999
S5000-04172,Óscar,"Muñoz García",60004172R,s5000.04172@example.invalid,600-004-172,2026-08-28,activo,"Sede sintética",999999
S5000-04173,Nuria,"Pérez Núñez",60004173W,s5000.04173@example.invalid,"+34 600004173",2026-09-01,activo,"Sede sintética",999999
S5000-04174,Raúl,"Martín Sáez",60004174A,s5000.04174@example.invalid,600-004-174,2026-10-02,activo,"Sede sintética",999999
S5000-04175,Sofía,"Gómez León",60004175G,s5000.04175@example.invalid,"+34 600004175",2026-11-03,activo,"Sede sintética",999999
S5000-04176,Álvaro,"Muñoz García",60004176M,s5000.04176@example.invalid,600-004-176,2026-12-04,activo,"Sede sintética",999999
S5000-04177,Lucía,"Pérez Núñez",60004177Y,s5000.04177@example.invalid,"+34 600004177",2026-01-05,activo,"Sede sintética",999999
S5000-04178,Iñigo,"Martín Sáez",60004178F,s5000.04178@example.invalid,600-004-178,2026-02-06,activo,"Sede sintética",999999
S5000-04179,"María José","Gómez León",60004179P,s5000.04179@example.invalid,"+34 600004179",2026-03-07,activo,"Sede sintética",999999
S5000-04180,Óscar,"Muñoz García",60004180D,s5000.04180@example.invalid,600-004-180,2026-04-08,inactivo,"Sede sintética",999999
S5000-04181,Nuria,"Pérez Núñez",60004181X,s5000.04181@example.invalid,"+34 600004181",2026-05-09,activo,"Sede sintética",999999
S5000-04182,Raúl,"Martín Sáez",60004182B,s5000.04182@example.invalid,600-004-182,2026-06-10,activo,"Sede sintética",999999
S5000-04183,Sofía,"Gómez León",60004183N,s5000.04183@example.invalid,"+34 600004183",2026-07-11,activo,"Sede sintética",999999
S5000-04184,Álvaro,"Muñoz García",60004184J,s5000.04184@example.invalid,600-004-184,2026-08-12,activo,"Sede sintética",999999
S5000-04185,Lucía,"Pérez Núñez",60004185Z,s5000.04185@example.invalid,"+34 600004185",2026-09-13,activo,"Sede sintética",999999
S5000-04186,Iñigo,"Martín Sáez",60004186S,s5000.04186@example.invalid,600-004-186,2026-10-14,activo,"Sede sintética",999999
S5000-04187,"María José","Gómez León",60004187Q,s5000.04187@example.invalid,"+34 600004187",2026-11-15,activo,"Sede sintética",999999
S5000-04188,Óscar,"Muñoz García",60004188V,s5000.04188@example.invalid,600-004-188,2026-12-16,activo,"Sede sintética",999999
S5000-04189,Nuria,"Pérez Núñez",60004189H,s5000.04189@example.invalid,"+34 600004189",2026-01-17,activo,"Sede sintética",999999
S5000-04190,Raúl,"Martín Sáez",60004190L,s5000.04190@example.invalid,600-004-190,2026-02-18,activo,"Sede sintética",999999
S5000-04191,Sofía,"Gómez León",60004191C,s5000.04191@example.invalid,"+34 600004191",2026-03-19,inactivo,"Sede sintética",999999
S5000-04192,Álvaro,"Muñoz García",60004192K,s5000.04192@example.invalid,600-004-192,2026-04-20,activo,"Sede sintética",999999
S5000-04193,Lucía,"Pérez Núñez",60004193E,s5000.04193@example.invalid,"+34 600004193",2026-05-21,activo,"Sede sintética",999999
S5000-04194,Iñigo,"Martín Sáez",60004194T,s5000.04194@example.invalid,600-004-194,2026-06-22,activo,"Sede sintética",999999
S5000-04195,"María José","Gómez León",60004195R,s5000.04195@example.invalid,"+34 600004195",2026-07-23,activo,"Sede sintética",999999
S5000-04196,Óscar,"Muñoz García",60004196W,s5000.04196@example.invalid,600-004-196,2026-08-24,activo,"Sede sintética",999999
S5000-04197,Nuria,"Pérez Núñez",60004197A,s5000.04197@example.invalid,"+34 600004197",2026-09-25,activo,"Sede sintética",999999
S5000-04198,Raúl,"Martín Sáez",60004198G,s5000.04198@example.invalid,600-004-198,2026-10-26,activo,"Sede sintética",999999
S5000-04199,Sofía,"Gómez León",60004199M,s5000.04199@example.invalid,"+34 600004199",2026-11-27,activo,"Sede sintética",999999
S5000-04200,Álvaro,"Muñoz García",60004200Y,s5000.04200@example.invalid,600-004-200,2026-12-28,activo,"Sede sintética",999999
S5000-04201,Lucía,"Pérez Núñez",60004201F,s5000.04201@example.invalid,"+34 600004201",2026-01-01,activo,"Sede sintética",999999
S5000-04202,Iñigo,"Martín Sáez",60004202P,s5000.04202@example.invalid,600-004-202,2026-02-02,inactivo,"Sede sintética",999999
S5000-04203,"María José","Gómez León",60004203D,s5000.04203@example.invalid,"+34 600004203",2026-03-03,activo,"Sede sintética",999999
S5000-04204,Óscar,"Muñoz García",60004204X,s5000.04204@example.invalid,600-004-204,2026-04-04,activo,"Sede sintética",999999
S5000-04205,Nuria,"Pérez Núñez",60004205B,s5000.04205@example.invalid,"+34 600004205",2026-05-05,activo,"Sede sintética",999999
S5000-04206,Raúl,"Martín Sáez",60004206N,s5000.04206@example.invalid,600-004-206,2026-06-06,activo,"Sede sintética",999999
S5000-04207,Sofía,"Gómez León",60004207J,s5000.04207@example.invalid,"+34 600004207",2026-07-07,activo,"Sede sintética",999999
S5000-04208,Álvaro,"Muñoz García",60004208Z,s5000.04208@example.invalid,600-004-208,2026-08-08,activo,"Sede sintética",999999
S5000-04209,Lucía,"Pérez Núñez",60004209S,s5000.04209@example.invalid,"+34 600004209",2026-09-09,activo,"Sede sintética",999999
S5000-04210,Iñigo,"Martín Sáez",60004210Q,s5000.04210@example.invalid,600-004-210,2026-10-10,activo,"Sede sintética",999999
S5000-04211,"María José","Gómez León",60004211V,s5000.04211@example.invalid,"+34 600004211",2026-11-11,activo,"Sede sintética",999999
S5000-04212,Óscar,"Muñoz García",60004212H,s5000.04212@example.invalid,600-004-212,2026-12-12,activo,"Sede sintética",999999
S5000-04213,Nuria,"Pérez Núñez",60004213L,s5000.04213@example.invalid,"+34 600004213",2026-01-13,inactivo,"Sede sintética",999999
S5000-04214,Raúl,"Martín Sáez",60004214C,s5000.04214@example.invalid,600-004-214,2026-02-14,activo,"Sede sintética",999999
S5000-04215,Sofía,"Gómez León",60004215K,s5000.04215@example.invalid,"+34 600004215",2026-03-15,activo,"Sede sintética",999999
S5000-04216,Álvaro,"Muñoz García",60004216E,s5000.04216@example.invalid,600-004-216,2026-04-16,activo,"Sede sintética",999999
S5000-04217,Lucía,"Pérez Núñez",60004217T,s5000.04217@example.invalid,"+34 600004217",2026-05-17,activo,"Sede sintética",999999
S5000-04218,Iñigo,"Martín Sáez",60004218R,s5000.04218@example.invalid,600-004-218,2026-06-18,activo,"Sede sintética",999999
S5000-04219,"María José","Gómez León",60004219W,s5000.04219@example.invalid,"+34 600004219",2026-07-19,activo,"Sede sintética",999999
S5000-04220,Óscar,"Muñoz García",60004220A,s5000.04220@example.invalid,600-004-220,2026-08-20,activo,"Sede sintética",999999
S5000-04221,Nuria,"Pérez Núñez",60004221G,s5000.04221@example.invalid,"+34 600004221",2026-09-21,activo,"Sede sintética",999999
S5000-04222,Raúl,"Martín Sáez",60004222M,s5000.04222@example.invalid,600-004-222,2026-10-22,activo,"Sede sintética",999999
S5000-04223,Sofía,"Gómez León",60004223Y,s5000.04223@example.invalid,"+34 600004223",2026-11-23,activo,"Sede sintética",999999
S5000-04224,Álvaro,"Muñoz García",60004224F,s5000.04224@example.invalid,600-004-224,2026-12-24,inactivo,"Sede sintética",999999
S5000-04225,Lucía,"Pérez Núñez",60004225P,s5000.04225@example.invalid,"+34 600004225",2026-01-25,activo,"Sede sintética",999999
S5000-04226,Iñigo,"Martín Sáez",60004226D,s5000.04226@example.invalid,600-004-226,2026-02-26,activo,"Sede sintética",999999
S5000-04227,"María José","Gómez León",60004227X,s5000.04227@example.invalid,"+34 600004227",2026-03-27,activo,"Sede sintética",999999
S5000-04228,Óscar,"Muñoz García",60004228B,s5000.04228@example.invalid,600-004-228,2026-04-28,activo,"Sede sintética",999999
S5000-04229,Nuria,"Pérez Núñez",60004229N,s5000.04229@example.invalid,"+34 600004229",2026-05-01,activo,"Sede sintética",999999
S5000-04230,Raúl,"Martín Sáez",60004230J,s5000.04230@example.invalid,600-004-230,2026-06-02,activo,"Sede sintética",999999
S5000-04231,Sofía,"Gómez León",60004231Z,s5000.04231@example.invalid,"+34 600004231",2026-07-03,activo,"Sede sintética",999999
S5000-04232,Álvaro,"Muñoz García",60004232S,s5000.04232@example.invalid,600-004-232,2026-08-04,activo,"Sede sintética",999999
S5000-04233,Lucía,"Pérez Núñez",60004233Q,s5000.04233@example.invalid,"+34 600004233",2026-09-05,activo,"Sede sintética",999999
S5000-04234,Iñigo,"Martín Sáez",60004234V,s5000.04234@example.invalid,600-004-234,2026-10-06,activo,"Sede sintética",999999
S5000-04235,"María José","Gómez León",60004235H,s5000.04235@example.invalid,"+34 600004235",2026-11-07,inactivo,"Sede sintética",999999
S5000-04236,Óscar,"Muñoz García",60004236L,s5000.04236@example.invalid,600-004-236,2026-12-08,activo,"Sede sintética",999999
S5000-04237,Nuria,"Pérez Núñez",60004237C,s5000.04237@example.invalid,"+34 600004237",2026-01-09,activo,"Sede sintética",999999
S5000-04238,Raúl,"Martín Sáez",60004238K,s5000.04238@example.invalid,600-004-238,2026-02-10,activo,"Sede sintética",999999
S5000-04239,Sofía,"Gómez León",60004239E,s5000.04239@example.invalid,"+34 600004239",2026-03-11,activo,"Sede sintética",999999
S5000-04240,Álvaro,"Muñoz García",60004240T,s5000.04240@example.invalid,600-004-240,2026-04-12,activo,"Sede sintética",999999
S5000-04241,Lucía,"Pérez Núñez",60004241R,s5000.04241@example.invalid,"+34 600004241",2026-05-13,activo,"Sede sintética",999999
S5000-04242,Iñigo,"Martín Sáez",60004242W,s5000.04242@example.invalid,600-004-242,2026-06-14,activo,"Sede sintética",999999
S5000-04243,"María José","Gómez León",60004243A,s5000.04243@example.invalid,"+34 600004243",2026-07-15,activo,"Sede sintética",999999
S5000-04244,Óscar,"Muñoz García",60004244G,s5000.04244@example.invalid,600-004-244,2026-08-16,activo,"Sede sintética",999999
S5000-04245,Nuria,"Pérez Núñez",60004245M,s5000.04245@example.invalid,"+34 600004245",2026-09-17,activo,"Sede sintética",999999
S5000-04246,Raúl,"Martín Sáez",60004246Y,s5000.04246@example.invalid,600-004-246,2026-10-18,inactivo,"Sede sintética",999999
S5000-04247,Sofía,"Gómez León",60004247F,s5000.04247@example.invalid,"+34 600004247",2026-11-19,activo,"Sede sintética",999999
S5000-04248,Álvaro,"Muñoz García",60004248P,s5000.04248@example.invalid,600-004-248,2026-12-20,activo,"Sede sintética",999999
S5000-04249,Lucía,"Pérez Núñez",60004249D,s5000.04249@example.invalid,"+34 600004249",2026-01-21,activo,"Sede sintética",999999
S5000-04250,Iñigo,"Martín Sáez",60004250X,s5000.04250@example.invalid,600-004-250,2026-02-22,activo,"Sede sintética",999999
S5000-04251,"María José","Gómez León",60004251B,s5000.04251@example.invalid,"+34 600004251",2026-03-23,activo,"Sede sintética",999999
S5000-04252,Óscar,"Muñoz García",60004252N,s5000.04252@example.invalid,600-004-252,2026-04-24,activo,"Sede sintética",999999
S5000-04253,Nuria,"Pérez Núñez",60004253J,s5000.04253@example.invalid,"+34 600004253",2026-05-25,activo,"Sede sintética",999999
S5000-04254,Raúl,"Martín Sáez",60004254Z,s5000.04254@example.invalid,600-004-254,2026-06-26,activo,"Sede sintética",999999
S5000-04255,Sofía,"Gómez León",60004255S,s5000.04255@example.invalid,"+34 600004255",2026-07-27,activo,"Sede sintética",999999
S5000-04256,Álvaro,"Muñoz García",60004256Q,s5000.04256@example.invalid,600-004-256,2026-08-28,activo,"Sede sintética",999999
S5000-04257,Lucía,"Pérez Núñez",60004257V,s5000.04257@example.invalid,"+34 600004257",2026-09-01,inactivo,"Sede sintética",999999
S5000-04258,Iñigo,"Martín Sáez",60004258H,s5000.04258@example.invalid,600-004-258,2026-10-02,activo,"Sede sintética",999999
S5000-04259,"María José","Gómez León",60004259L,s5000.04259@example.invalid,"+34 600004259",2026-11-03,activo,"Sede sintética",999999
S5000-04260,Óscar,"Muñoz García",60004260C,s5000.04260@example.invalid,600-004-260,2026-12-04,activo,"Sede sintética",999999
S5000-04261,Nuria,"Pérez Núñez",60004261K,s5000.04261@example.invalid,"+34 600004261",2026-01-05,activo,"Sede sintética",999999
S5000-04262,Raúl,"Martín Sáez",60004262E,s5000.04262@example.invalid,600-004-262,2026-02-06,activo,"Sede sintética",999999
S5000-04263,Sofía,"Gómez León",60004263T,s5000.04263@example.invalid,"+34 600004263",2026-03-07,activo,"Sede sintética",999999
S5000-04264,Álvaro,"Muñoz García",60004264R,s5000.04264@example.invalid,600-004-264,2026-04-08,activo,"Sede sintética",999999
S5000-04265,Lucía,"Pérez Núñez",60004265W,s5000.04265@example.invalid,"+34 600004265",2026-05-09,activo,"Sede sintética",999999
S5000-04266,Iñigo,"Martín Sáez",60004266A,s5000.04266@example.invalid,600-004-266,2026-06-10,activo,"Sede sintética",999999
S5000-04267,"María José","Gómez León",60004267G,s5000.04267@example.invalid,"+34 600004267",2026-07-11,activo,"Sede sintética",999999
S5000-04268,Óscar,"Muñoz García",60004268M,s5000.04268@example.invalid,600-004-268,2026-08-12,inactivo,"Sede sintética",999999
S5000-04269,Nuria,"Pérez Núñez",60004269Y,s5000.04269@example.invalid,"+34 600004269",2026-09-13,activo,"Sede sintética",999999
S5000-04270,Raúl,"Martín Sáez",60004270F,s5000.04270@example.invalid,600-004-270,2026-10-14,activo,"Sede sintética",999999
S5000-04271,Sofía,"Gómez León",60004271P,s5000.04271@example.invalid,"+34 600004271",2026-11-15,activo,"Sede sintética",999999
S5000-04272,Álvaro,"Muñoz García",60004272D,s5000.04272@example.invalid,600-004-272,2026-12-16,activo,"Sede sintética",999999
S5000-04273,Lucía,"Pérez Núñez",60004273X,s5000.04273@example.invalid,"+34 600004273",2026-01-17,activo,"Sede sintética",999999
S5000-04274,Iñigo,"Martín Sáez",60004274B,s5000.04274@example.invalid,600-004-274,2026-02-18,activo,"Sede sintética",999999
S5000-04275,"María José","Gómez León",60004275N,s5000.04275@example.invalid,"+34 600004275",2026-03-19,activo,"Sede sintética",999999
S5000-04276,Óscar,"Muñoz García",60004276J,s5000.04276@example.invalid,600-004-276,2026-04-20,activo,"Sede sintética",999999
S5000-04277,Nuria,"Pérez Núñez",60004277Z,s5000.04277@example.invalid,"+34 600004277",2026-05-21,activo,"Sede sintética",999999
S5000-04278,Raúl,"Martín Sáez",60004278S,s5000.04278@example.invalid,600-004-278,2026-06-22,activo,"Sede sintética",999999
S5000-04279,Sofía,"Gómez León",60004279Q,s5000.04279@example.invalid,"+34 600004279",2026-07-23,inactivo,"Sede sintética",999999
S5000-04280,Álvaro,"Muñoz García",60004280V,s5000.04280@example.invalid,600-004-280,2026-08-24,activo,"Sede sintética",999999
S5000-04281,Lucía,"Pérez Núñez",60004281H,s5000.04281@example.invalid,"+34 600004281",2026-09-25,activo,"Sede sintética",999999
S5000-04282,Iñigo,"Martín Sáez",60004282L,s5000.04282@example.invalid,600-004-282,2026-10-26,activo,"Sede sintética",999999
S5000-04283,"María José","Gómez León",60004283C,s5000.04283@example.invalid,"+34 600004283",2026-11-27,activo,"Sede sintética",999999
S5000-04284,Óscar,"Muñoz García",60004284K,s5000.04284@example.invalid,600-004-284,2026-12-28,activo,"Sede sintética",999999
S5000-04285,Nuria,"Pérez Núñez",60004285E,s5000.04285@example.invalid,"+34 600004285",2026-01-01,activo,"Sede sintética",999999
S5000-04286,Raúl,"Martín Sáez",60004286T,s5000.04286@example.invalid,600-004-286,2026-02-02,activo,"Sede sintética",999999
S5000-04287,Sofía,"Gómez León",60004287R,s5000.04287@example.invalid,"+34 600004287",2026-03-03,activo,"Sede sintética",999999
S5000-04288,Álvaro,"Muñoz García",60004288W,s5000.04288@example.invalid,600-004-288,2026-04-04,activo,"Sede sintética",999999
S5000-04289,Lucía,"Pérez Núñez",60004289A,s5000.04289@example.invalid,"+34 600004289",2026-05-05,activo,"Sede sintética",999999
S5000-04290,Iñigo,"Martín Sáez",60004290G,s5000.04290@example.invalid,600-004-290,2026-06-06,inactivo,"Sede sintética",999999
S5000-04291,"María José","Gómez León",60004291M,s5000.04291@example.invalid,"+34 600004291",2026-07-07,activo,"Sede sintética",999999
S5000-04292,Óscar,"Muñoz García",60004292Y,s5000.04292@example.invalid,600-004-292,2026-08-08,activo,"Sede sintética",999999
S5000-04293,Nuria,"Pérez Núñez",60004293F,s5000.04293@example.invalid,"+34 600004293",2026-09-09,activo,"Sede sintética",999999
S5000-04294,Raúl,"Martín Sáez",60004294P,s5000.04294@example.invalid,600-004-294,2026-10-10,activo,"Sede sintética",999999
S5000-04295,Sofía,"Gómez León",60004295D,s5000.04295@example.invalid,"+34 600004295",2026-11-11,activo,"Sede sintética",999999
S5000-04296,Álvaro,"Muñoz García",60004296X,s5000.04296@example.invalid,600-004-296,2026-12-12,activo,"Sede sintética",999999
S5000-04297,Lucía,"Pérez Núñez",60004297B,s5000.04297@example.invalid,"+34 600004297",2026-01-13,activo,"Sede sintética",999999
S5000-04298,Iñigo,"Martín Sáez",60004298N,s5000.04298@example.invalid,600-004-298,2026-02-14,activo,"Sede sintética",999999
S5000-04299,"María José","Gómez León",60004299J,s5000.04299@example.invalid,"+34 600004299",2026-03-15,activo,"Sede sintética",999999
S5000-04300,Óscar,"Muñoz García",60004300Z,s5000.04300@example.invalid,600-004-300,2026-04-16,activo,"Sede sintética",999999
S5000-04301,Nuria,"Pérez Núñez",60004301S,s5000.04301@example.invalid,"+34 600004301",2026-05-17,inactivo,"Sede sintética",999999
S5000-04302,Raúl,"Martín Sáez",60004302Q,s5000.04302@example.invalid,600-004-302,2026-06-18,activo,"Sede sintética",999999
S5000-04303,Sofía,"Gómez León",60004303V,s5000.04303@example.invalid,"+34 600004303",2026-07-19,activo,"Sede sintética",999999
S5000-04304,Álvaro,"Muñoz García",60004304H,s5000.04304@example.invalid,600-004-304,2026-08-20,activo,"Sede sintética",999999
S5000-04305,Lucía,"Pérez Núñez",60004305L,s5000.04305@example.invalid,"+34 600004305",2026-09-21,activo,"Sede sintética",999999
S5000-04306,Iñigo,"Martín Sáez",60004306C,s5000.04306@example.invalid,600-004-306,2026-10-22,activo,"Sede sintética",999999
S5000-04307,"María José","Gómez León",60004307K,s5000.04307@example.invalid,"+34 600004307",2026-11-23,activo,"Sede sintética",999999
S5000-04308,Óscar,"Muñoz García",60004308E,s5000.04308@example.invalid,600-004-308,2026-12-24,activo,"Sede sintética",999999
S5000-04309,Nuria,"Pérez Núñez",60004309T,s5000.04309@example.invalid,"+34 600004309",2026-01-25,activo,"Sede sintética",999999
S5000-04310,Raúl,"Martín Sáez",60004310R,s5000.04310@example.invalid,600-004-310,2026-02-26,activo,"Sede sintética",999999
S5000-04311,Sofía,"Gómez León",60004311W,s5000.04311@example.invalid,"+34 600004311",2026-03-27,activo,"Sede sintética",999999
S5000-04312,Álvaro,"Muñoz García",60004312A,s5000.04312@example.invalid,600-004-312,2026-04-28,inactivo,"Sede sintética",999999
S5000-04313,Lucía,"Pérez Núñez",60004313G,s5000.04313@example.invalid,"+34 600004313",2026-05-01,activo,"Sede sintética",999999
S5000-04314,Iñigo,"Martín Sáez",60004314M,s5000.04314@example.invalid,600-004-314,2026-06-02,activo,"Sede sintética",999999
S5000-04315,"María José","Gómez León",60004315Y,s5000.04315@example.invalid,"+34 600004315",2026-07-03,activo,"Sede sintética",999999
S5000-04316,Óscar,"Muñoz García",60004316F,s5000.04316@example.invalid,600-004-316,2026-08-04,activo,"Sede sintética",999999
S5000-04317,Nuria,"Pérez Núñez",60004317P,s5000.04317@example.invalid,"+34 600004317",2026-09-05,activo,"Sede sintética",999999
S5000-04318,Raúl,"Martín Sáez",60004318D,s5000.04318@example.invalid,600-004-318,2026-10-06,activo,"Sede sintética",999999
S5000-04319,Sofía,"Gómez León",60004319X,s5000.04319@example.invalid,"+34 600004319",2026-11-07,activo,"Sede sintética",999999
S5000-04320,Álvaro,"Muñoz García",60004320B,s5000.04320@example.invalid,600-004-320,2026-12-08,activo,"Sede sintética",999999
S5000-04321,Lucía,"Pérez Núñez",60004321N,s5000.04321@example.invalid,"+34 600004321",2026-01-09,activo,"Sede sintética",999999
S5000-04322,Iñigo,"Martín Sáez",60004322J,s5000.04322@example.invalid,600-004-322,2026-02-10,activo,"Sede sintética",999999
S5000-04323,"María José","Gómez León",60004323Z,s5000.04323@example.invalid,"+34 600004323",2026-03-11,inactivo,"Sede sintética",999999
S5000-04324,Óscar,"Muñoz García",60004324S,s5000.04324@example.invalid,600-004-324,2026-04-12,activo,"Sede sintética",999999
S5000-04325,Nuria,"Pérez Núñez",60004325Q,s5000.04325@example.invalid,"+34 600004325",2026-05-13,activo,"Sede sintética",999999
S5000-04326,Raúl,"Martín Sáez",60004326V,s5000.04326@example.invalid,600-004-326,2026-06-14,activo,"Sede sintética",999999
S5000-04327,Sofía,"Gómez León",60004327H,s5000.04327@example.invalid,"+34 600004327",2026-07-15,activo,"Sede sintética",999999
S5000-04328,Álvaro,"Muñoz García",60004328L,s5000.04328@example.invalid,600-004-328,2026-08-16,activo,"Sede sintética",999999
S5000-04329,Lucía,"Pérez Núñez",60004329C,s5000.04329@example.invalid,"+34 600004329",2026-09-17,activo,"Sede sintética",999999
S5000-04330,Iñigo,"Martín Sáez",60004330K,s5000.04330@example.invalid,600-004-330,2026-10-18,activo,"Sede sintética",999999
S5000-04331,"María José","Gómez León",60004331E,s5000.04331@example.invalid,"+34 600004331",2026-11-19,activo,"Sede sintética",999999
S5000-04332,Óscar,"Muñoz García",60004332T,s5000.04332@example.invalid,600-004-332,2026-12-20,activo,"Sede sintética",999999
S5000-04333,Nuria,"Pérez Núñez",60004333R,s5000.04333@example.invalid,"+34 600004333",2026-01-21,activo,"Sede sintética",999999
S5000-04334,Raúl,"Martín Sáez",60004334W,s5000.04334@example.invalid,600-004-334,2026-02-22,inactivo,"Sede sintética",999999
S5000-04335,Sofía,"Gómez León",60004335A,s5000.04335@example.invalid,"+34 600004335",2026-03-23,activo,"Sede sintética",999999
S5000-04336,Álvaro,"Muñoz García",60004336G,s5000.04336@example.invalid,600-004-336,2026-04-24,activo,"Sede sintética",999999
S5000-04337,Lucía,"Pérez Núñez",60004337M,s5000.04337@example.invalid,"+34 600004337",2026-05-25,activo,"Sede sintética",999999
S5000-04338,Iñigo,"Martín Sáez",60004338Y,s5000.04338@example.invalid,600-004-338,2026-06-26,activo,"Sede sintética",999999
S5000-04339,"María José","Gómez León",60004339F,s5000.04339@example.invalid,"+34 600004339",2026-07-27,activo,"Sede sintética",999999
S5000-04340,Óscar,"Muñoz García",60004340P,s5000.04340@example.invalid,600-004-340,2026-08-28,activo,"Sede sintética",999999
S5000-04341,Nuria,"Pérez Núñez",60004341D,s5000.04341@example.invalid,"+34 600004341",2026-09-01,activo,"Sede sintética",999999
S5000-04342,Raúl,"Martín Sáez",60004342X,s5000.04342@example.invalid,600-004-342,2026-10-02,activo,"Sede sintética",999999
S5000-04343,Sofía,"Gómez León",60004343B,s5000.04343@example.invalid,"+34 600004343",2026-11-03,activo,"Sede sintética",999999
S5000-04344,Álvaro,"Muñoz García",60004344N,s5000.04344@example.invalid,600-004-344,2026-12-04,activo,"Sede sintética",999999
S5000-04345,Lucía,"Pérez Núñez",60004345J,s5000.04345@example.invalid,"+34 600004345",2026-01-05,inactivo,"Sede sintética",999999
S5000-04346,Iñigo,"Martín Sáez",60004346Z,s5000.04346@example.invalid,600-004-346,2026-02-06,activo,"Sede sintética",999999
S5000-04347,"María José","Gómez León",60004347S,s5000.04347@example.invalid,"+34 600004347",2026-03-07,activo,"Sede sintética",999999
S5000-04348,Óscar,"Muñoz García",60004348Q,s5000.04348@example.invalid,600-004-348,2026-04-08,activo,"Sede sintética",999999
S5000-04349,Nuria,"Pérez Núñez",60004349V,s5000.04349@example.invalid,"+34 600004349",2026-05-09,activo,"Sede sintética",999999
S5000-04350,Raúl,"Martín Sáez",60004350H,s5000.04350@example.invalid,600-004-350,2026-06-10,activo,"Sede sintética",999999
S5000-04351,Sofía,"Gómez León",60004351L,s5000.04351@example.invalid,"+34 600004351",2026-07-11,activo,"Sede sintética",999999
S5000-04352,Álvaro,"Muñoz García",60004352C,s5000.04352@example.invalid,600-004-352,2026-08-12,activo,"Sede sintética",999999
S5000-04353,Lucía,"Pérez Núñez",60004353K,s5000.04353@example.invalid,"+34 600004353",2026-09-13,activo,"Sede sintética",999999
S5000-04354,Iñigo,"Martín Sáez",60004354E,s5000.04354@example.invalid,600-004-354,2026-10-14,activo,"Sede sintética",999999
S5000-04355,"María José","Gómez León",60004355T,s5000.04355@example.invalid,"+34 600004355",2026-11-15,activo,"Sede sintética",999999
S5000-04356,Óscar,"Muñoz García",60004356R,s5000.04356@example.invalid,600-004-356,2026-12-16,inactivo,"Sede sintética",999999
S5000-04357,Nuria,"Pérez Núñez",60004357W,s5000.04357@example.invalid,"+34 600004357",2026-01-17,activo,"Sede sintética",999999
S5000-04358,Raúl,"Martín Sáez",60004358A,s5000.04358@example.invalid,600-004-358,2026-02-18,activo,"Sede sintética",999999
S5000-04359,Sofía,"Gómez León",60004359G,s5000.04359@example.invalid,"+34 600004359",2026-03-19,activo,"Sede sintética",999999
S5000-04360,Álvaro,"Muñoz García",60004360M,s5000.04360@example.invalid,600-004-360,2026-04-20,activo,"Sede sintética",999999
S5000-04361,Lucía,"Pérez Núñez",60004361Y,s5000.04361@example.invalid,"+34 600004361",2026-05-21,activo,"Sede sintética",999999
S5000-04362,Iñigo,"Martín Sáez",60004362F,s5000.04362@example.invalid,600-004-362,2026-06-22,activo,"Sede sintética",999999
S5000-04363,"María José","Gómez León",60004363P,s5000.04363@example.invalid,"+34 600004363",2026-07-23,activo,"Sede sintética",999999
S5000-04364,Óscar,"Muñoz García",60004364D,s5000.04364@example.invalid,600-004-364,2026-08-24,activo,"Sede sintética",999999
S5000-04365,Nuria,"Pérez Núñez",60004365X,s5000.04365@example.invalid,"+34 600004365",2026-09-25,activo,"Sede sintética",999999
S5000-04366,Raúl,"Martín Sáez",60004366B,s5000.04366@example.invalid,600-004-366,2026-10-26,activo,"Sede sintética",999999
S5000-04367,Sofía,"Gómez León",60004367N,s5000.04367@example.invalid,"+34 600004367",2026-11-27,inactivo,"Sede sintética",999999
S5000-04368,Álvaro,"Muñoz García",60004368J,s5000.04368@example.invalid,600-004-368,2026-12-28,activo,"Sede sintética",999999
S5000-04369,Lucía,"Pérez Núñez",60004369Z,s5000.04369@example.invalid,"+34 600004369",2026-01-01,activo,"Sede sintética",999999
S5000-04370,Iñigo,"Martín Sáez",60004370S,s5000.04370@example.invalid,600-004-370,2026-02-02,activo,"Sede sintética",999999
S5000-04371,"María José","Gómez León",60004371Q,s5000.04371@example.invalid,"+34 600004371",2026-03-03,activo,"Sede sintética",999999
S5000-04372,Óscar,"Muñoz García",60004372V,s5000.04372@example.invalid,600-004-372,2026-04-04,activo,"Sede sintética",999999
S5000-04373,Nuria,"Pérez Núñez",60004373H,s5000.04373@example.invalid,"+34 600004373",2026-05-05,activo,"Sede sintética",999999
S5000-04374,Raúl,"Martín Sáez",60004374L,s5000.04374@example.invalid,600-004-374,2026-06-06,activo,"Sede sintética",999999
S5000-04375,Sofía,"Gómez León",60004375C,s5000.04375@example.invalid,"+34 600004375",2026-07-07,activo,"Sede sintética",999999
S5000-04376,Álvaro,"Muñoz García",60004376K,s5000.04376@example.invalid,600-004-376,2026-08-08,activo,"Sede sintética",999999
S5000-04377,Lucía,"Pérez Núñez",60004377E,s5000.04377@example.invalid,"+34 600004377",2026-09-09,activo,"Sede sintética",999999
S5000-04378,Iñigo,"Martín Sáez",60004378T,s5000.04378@example.invalid,600-004-378,2026-10-10,inactivo,"Sede sintética",999999
S5000-04379,"María José","Gómez León",60004379R,s5000.04379@example.invalid,"+34 600004379",2026-11-11,activo,"Sede sintética",999999
S5000-04380,Óscar,"Muñoz García",60004380W,s5000.04380@example.invalid,600-004-380,2026-12-12,activo,"Sede sintética",999999
S5000-04381,Nuria,"Pérez Núñez",60004381A,s5000.04381@example.invalid,"+34 600004381",2026-01-13,activo,"Sede sintética",999999
S5000-04382,Raúl,"Martín Sáez",60004382G,s5000.04382@example.invalid,600-004-382,2026-02-14,activo,"Sede sintética",999999
S5000-04383,Sofía,"Gómez León",60004383M,s5000.04383@example.invalid,"+34 600004383",2026-03-15,activo,"Sede sintética",999999
S5000-04384,Álvaro,"Muñoz García",60004384Y,s5000.04384@example.invalid,600-004-384,2026-04-16,activo,"Sede sintética",999999
S5000-04385,Lucía,"Pérez Núñez",60004385F,s5000.04385@example.invalid,"+34 600004385",2026-05-17,activo,"Sede sintética",999999
S5000-04386,Iñigo,"Martín Sáez",60004386P,s5000.04386@example.invalid,600-004-386,2026-06-18,activo,"Sede sintética",999999
S5000-04387,"María José","Gómez León",60004387D,s5000.04387@example.invalid,"+34 600004387",2026-07-19,activo,"Sede sintética",999999
S5000-04388,Óscar,"Muñoz García",60004388X,s5000.04388@example.invalid,600-004-388,2026-08-20,activo,"Sede sintética",999999
S5000-04389,Nuria,"Pérez Núñez",60004389B,s5000.04389@example.invalid,"+34 600004389",2026-09-21,inactivo,"Sede sintética",999999
S5000-04390,Raúl,"Martín Sáez",60004390N,s5000.04390@example.invalid,600-004-390,2026-10-22,activo,"Sede sintética",999999
S5000-04391,Sofía,"Gómez León",60004391J,s5000.04391@example.invalid,"+34 600004391",2026-11-23,activo,"Sede sintética",999999
S5000-04392,Álvaro,"Muñoz García",60004392Z,s5000.04392@example.invalid,600-004-392,2026-12-24,activo,"Sede sintética",999999
S5000-04393,Lucía,"Pérez Núñez",60004393S,s5000.04393@example.invalid,"+34 600004393",2026-01-25,activo,"Sede sintética",999999
S5000-04394,Iñigo,"Martín Sáez",60004394Q,s5000.04394@example.invalid,600-004-394,2026-02-26,activo,"Sede sintética",999999
S5000-04395,"María José","Gómez León",60004395V,s5000.04395@example.invalid,"+34 600004395",2026-03-27,activo,"Sede sintética",999999
S5000-04396,Óscar,"Muñoz García",60004396H,s5000.04396@example.invalid,600-004-396,2026-04-28,activo,"Sede sintética",999999
S5000-04397,Nuria,"Pérez Núñez",60004397L,s5000.04397@example.invalid,"+34 600004397",2026-05-01,activo,"Sede sintética",999999
S5000-04398,Raúl,"Martín Sáez",60004398C,s5000.04398@example.invalid,600-004-398,2026-06-02,activo,"Sede sintética",999999
S5000-04399,Sofía,"Gómez León",60004399K,s5000.04399@example.invalid,"+34 600004399",2026-07-03,activo,"Sede sintética",999999
S5000-04400,Álvaro,"Muñoz García",60004400E,s5000.04400@example.invalid,600-004-400,2026-08-04,inactivo,"Sede sintética",999999
S5000-04401,Lucía,"Pérez Núñez",60004401T,s5000.04401@example.invalid,"+34 600004401",2026-09-05,activo,"Sede sintética",999999
S5000-04402,Iñigo,"Martín Sáez",60004402R,s5000.04402@example.invalid,600-004-402,2026-10-06,activo,"Sede sintética",999999
S5000-04403,"María José","Gómez León",60004403W,s5000.04403@example.invalid,"+34 600004403",2026-11-07,activo,"Sede sintética",999999
S5000-04404,Óscar,"Muñoz García",60004404A,s5000.04404@example.invalid,600-004-404,2026-12-08,activo,"Sede sintética",999999
S5000-04405,Nuria,"Pérez Núñez",60004405G,s5000.04405@example.invalid,"+34 600004405",2026-01-09,activo,"Sede sintética",999999
S5000-04406,Raúl,"Martín Sáez",60004406M,s5000.04406@example.invalid,600-004-406,2026-02-10,activo,"Sede sintética",999999
S5000-04407,Sofía,"Gómez León",60004407Y,s5000.04407@example.invalid,"+34 600004407",2026-03-11,activo,"Sede sintética",999999
S5000-04408,Álvaro,"Muñoz García",60004408F,s5000.04408@example.invalid,600-004-408,2026-04-12,activo,"Sede sintética",999999
S5000-04409,Lucía,"Pérez Núñez",60004409P,s5000.04409@example.invalid,"+34 600004409",2026-05-13,activo,"Sede sintética",999999
S5000-04410,Iñigo,"Martín Sáez",60004410D,s5000.04410@example.invalid,600-004-410,2026-06-14,activo,"Sede sintética",999999
S5000-04411,"María José","Gómez León",60004411X,s5000.04411@example.invalid,"+34 600004411",2026-07-15,inactivo,"Sede sintética",999999
S5000-04412,Óscar,"Muñoz García",60004412B,s5000.04412@example.invalid,600-004-412,2026-08-16,activo,"Sede sintética",999999
S5000-04413,Nuria,"Pérez Núñez",60004413N,s5000.04413@example.invalid,"+34 600004413",2026-09-17,activo,"Sede sintética",999999
S5000-04414,Raúl,"Martín Sáez",60004414J,s5000.04414@example.invalid,600-004-414,2026-10-18,activo,"Sede sintética",999999
S5000-04415,Sofía,"Gómez León",60004415Z,s5000.04415@example.invalid,"+34 600004415",2026-11-19,activo,"Sede sintética",999999
S5000-04416,Álvaro,"Muñoz García",60004416S,s5000.04416@example.invalid,600-004-416,2026-12-20,activo,"Sede sintética",999999
S5000-04417,Lucía,"Pérez Núñez",60004417Q,s5000.04417@example.invalid,"+34 600004417",2026-01-21,activo,"Sede sintética",999999
S5000-04418,Iñigo,"Martín Sáez",60004418V,s5000.04418@example.invalid,600-004-418,2026-02-22,activo,"Sede sintética",999999
S5000-04419,"María José","Gómez León",60004419H,s5000.04419@example.invalid,"+34 600004419",2026-03-23,activo,"Sede sintética",999999
S5000-04420,Óscar,"Muñoz García",60004420L,s5000.04420@example.invalid,600-004-420,2026-04-24,activo,"Sede sintética",999999
S5000-04421,Nuria,"Pérez Núñez",60004421C,s5000.04421@example.invalid,"+34 600004421",2026-05-25,activo,"Sede sintética",999999
S5000-04422,Raúl,"Martín Sáez",60004422K,s5000.04422@example.invalid,600-004-422,2026-06-26,inactivo,"Sede sintética",999999
S5000-04423,Sofía,"Gómez León",60004423E,s5000.04423@example.invalid,"+34 600004423",2026-07-27,activo,"Sede sintética",999999
S5000-04424,Álvaro,"Muñoz García",60004424T,s5000.04424@example.invalid,600-004-424,2026-08-28,activo,"Sede sintética",999999
S5000-04425,Lucía,"Pérez Núñez",60004425R,s5000.04425@example.invalid,"+34 600004425",2026-09-01,activo,"Sede sintética",999999
S5000-04426,Iñigo,"Martín Sáez",60004426W,s5000.04426@example.invalid,600-004-426,2026-10-02,activo,"Sede sintética",999999
S5000-04427,"María José","Gómez León",60004427A,s5000.04427@example.invalid,"+34 600004427",2026-11-03,activo,"Sede sintética",999999
S5000-04428,Óscar,"Muñoz García",60004428G,s5000.04428@example.invalid,600-004-428,2026-12-04,activo,"Sede sintética",999999
S5000-04429,Nuria,"Pérez Núñez",60004429M,s5000.04429@example.invalid,"+34 600004429",2026-01-05,activo,"Sede sintética",999999
S5000-04430,Raúl,"Martín Sáez",60004430Y,s5000.04430@example.invalid,600-004-430,2026-02-06,activo,"Sede sintética",999999
S5000-04431,Sofía,"Gómez León",60004431F,s5000.04431@example.invalid,"+34 600004431",2026-03-07,activo,"Sede sintética",999999
S5000-04432,Álvaro,"Muñoz García",60004432P,s5000.04432@example.invalid,600-004-432,2026-04-08,activo,"Sede sintética",999999
S5000-04433,Lucía,"Pérez Núñez",60004433D,s5000.04433@example.invalid,"+34 600004433",2026-05-09,inactivo,"Sede sintética",999999
S5000-04434,Iñigo,"Martín Sáez",60004434X,s5000.04434@example.invalid,600-004-434,2026-06-10,activo,"Sede sintética",999999
S5000-04435,"María José","Gómez León",60004435B,s5000.04435@example.invalid,"+34 600004435",2026-07-11,activo,"Sede sintética",999999
S5000-04436,Óscar,"Muñoz García",60004436N,s5000.04436@example.invalid,600-004-436,2026-08-12,activo,"Sede sintética",999999
S5000-04437,Nuria,"Pérez Núñez",60004437J,s5000.04437@example.invalid,"+34 600004437",2026-09-13,activo,"Sede sintética",999999
S5000-04438,Raúl,"Martín Sáez",60004438Z,s5000.04438@example.invalid,600-004-438,2026-10-14,activo,"Sede sintética",999999
S5000-04439,Sofía,"Gómez León",60004439S,s5000.04439@example.invalid,"+34 600004439",2026-11-15,activo,"Sede sintética",999999
S5000-04440,Álvaro,"Muñoz García",60004440Q,s5000.04440@example.invalid,600-004-440,2026-12-16,activo,"Sede sintética",999999
S5000-04441,Lucía,"Pérez Núñez",60004441V,s5000.04441@example.invalid,"+34 600004441",2026-01-17,activo,"Sede sintética",999999
S5000-04442,Iñigo,"Martín Sáez",60004442H,s5000.04442@example.invalid,600-004-442,2026-02-18,activo,"Sede sintética",999999
S5000-04443,"María José","Gómez León",60004443L,s5000.04443@example.invalid,"+34 600004443",2026-03-19,activo,"Sede sintética",999999
S5000-04444,Óscar,"Muñoz García",60004444C,s5000.04444@example.invalid,600-004-444,2026-04-20,inactivo,"Sede sintética",999999
S5000-04445,Nuria,"Pérez Núñez",60004445K,s5000.04445@example.invalid,"+34 600004445",2026-05-21,activo,"Sede sintética",999999
S5000-04446,Raúl,"Martín Sáez",60004446E,s5000.04446@example.invalid,600-004-446,2026-06-22,activo,"Sede sintética",999999
S5000-04447,Sofía,"Gómez León",60004447T,s5000.04447@example.invalid,"+34 600004447",2026-07-23,activo,"Sede sintética",999999
S5000-04448,Álvaro,"Muñoz García",60004448R,s5000.04448@example.invalid,600-004-448,2026-08-24,activo,"Sede sintética",999999
S5000-04449,Lucía,"Pérez Núñez",60004449W,s5000.04449@example.invalid,"+34 600004449",2026-09-25,activo,"Sede sintética",999999
S5000-04450,Iñigo,"Martín Sáez",60004450A,s5000.04450@example.invalid,600-004-450,2026-10-26,activo,"Sede sintética",999999
S5000-04451,"María José","Gómez León",60004451G,s5000.04451@example.invalid,"+34 600004451",2026-11-27,activo,"Sede sintética",999999
S5000-04452,Óscar,"Muñoz García",60004452M,s5000.04452@example.invalid,600-004-452,2026-12-28,activo,"Sede sintética",999999
S5000-04453,Nuria,"Pérez Núñez",60004453Y,s5000.04453@example.invalid,"+34 600004453",2026-01-01,activo,"Sede sintética",999999
S5000-04454,Raúl,"Martín Sáez",60004454F,s5000.04454@example.invalid,600-004-454,2026-02-02,activo,"Sede sintética",999999
S5000-04455,Sofía,"Gómez León",60004455P,s5000.04455@example.invalid,"+34 600004455",2026-03-03,inactivo,"Sede sintética",999999
S5000-04456,Álvaro,"Muñoz García",60004456D,s5000.04456@example.invalid,600-004-456,2026-04-04,activo,"Sede sintética",999999
S5000-04457,Lucía,"Pérez Núñez",60004457X,s5000.04457@example.invalid,"+34 600004457",2026-05-05,activo,"Sede sintética",999999
S5000-04458,Iñigo,"Martín Sáez",60004458B,s5000.04458@example.invalid,600-004-458,2026-06-06,activo,"Sede sintética",999999
S5000-04459,"María José","Gómez León",60004459N,s5000.04459@example.invalid,"+34 600004459",2026-07-07,activo,"Sede sintética",999999
S5000-04460,Óscar,"Muñoz García",60004460J,s5000.04460@example.invalid,600-004-460,2026-08-08,activo,"Sede sintética",999999
S5000-04461,Nuria,"Pérez Núñez",60004461Z,s5000.04461@example.invalid,"+34 600004461",2026-09-09,activo,"Sede sintética",999999
S5000-04462,Raúl,"Martín Sáez",60004462S,s5000.04462@example.invalid,600-004-462,2026-10-10,activo,"Sede sintética",999999
S5000-04463,Sofía,"Gómez León",60004463Q,s5000.04463@example.invalid,"+34 600004463",2026-11-11,activo,"Sede sintética",999999
S5000-04464,Álvaro,"Muñoz García",60004464V,s5000.04464@example.invalid,600-004-464,2026-12-12,activo,"Sede sintética",999999
S5000-04465,Lucía,"Pérez Núñez",60004465H,s5000.04465@example.invalid,"+34 600004465",2026-01-13,activo,"Sede sintética",999999
S5000-04466,Iñigo,"Martín Sáez",60004466L,s5000.04466@example.invalid,600-004-466,2026-02-14,inactivo,"Sede sintética",999999
S5000-04467,"María José","Gómez León",60004467C,s5000.04467@example.invalid,"+34 600004467",2026-03-15,activo,"Sede sintética",999999
S5000-04468,Óscar,"Muñoz García",60004468K,s5000.04468@example.invalid,600-004-468,2026-04-16,activo,"Sede sintética",999999
S5000-04469,Nuria,"Pérez Núñez",60004469E,s5000.04469@example.invalid,"+34 600004469",2026-05-17,activo,"Sede sintética",999999
S5000-04470,Raúl,"Martín Sáez",60004470T,s5000.04470@example.invalid,600-004-470,2026-06-18,activo,"Sede sintética",999999
S5000-04471,Sofía,"Gómez León",60004471R,s5000.04471@example.invalid,"+34 600004471",2026-07-19,activo,"Sede sintética",999999
S5000-04472,Álvaro,"Muñoz García",60004472W,s5000.04472@example.invalid,600-004-472,2026-08-20,activo,"Sede sintética",999999
S5000-04473,Lucía,"Pérez Núñez",60004473A,s5000.04473@example.invalid,"+34 600004473",2026-09-21,activo,"Sede sintética",999999
S5000-04474,Iñigo,"Martín Sáez",60004474G,s5000.04474@example.invalid,600-004-474,2026-10-22,activo,"Sede sintética",999999
S5000-04475,"María José","Gómez León",60004475M,s5000.04475@example.invalid,"+34 600004475",2026-11-23,activo,"Sede sintética",999999
S5000-04476,Óscar,"Muñoz García",60004476Y,s5000.04476@example.invalid,600-004-476,2026-12-24,activo,"Sede sintética",999999
S5000-04477,Nuria,"Pérez Núñez",60004477F,s5000.04477@example.invalid,"+34 600004477",2026-01-25,inactivo,"Sede sintética",999999
S5000-04478,Raúl,"Martín Sáez",60004478P,s5000.04478@example.invalid,600-004-478,2026-02-26,activo,"Sede sintética",999999
S5000-04479,Sofía,"Gómez León",60004479D,s5000.04479@example.invalid,"+34 600004479",2026-03-27,activo,"Sede sintética",999999
S5000-04480,Álvaro,"Muñoz García",60004480X,s5000.04480@example.invalid,600-004-480,2026-04-28,activo,"Sede sintética",999999
S5000-04481,Lucía,"Pérez Núñez",60004481B,s5000.04481@example.invalid,"+34 600004481",2026-05-01,activo,"Sede sintética",999999
S5000-04482,Iñigo,"Martín Sáez",60004482N,s5000.04482@example.invalid,600-004-482,2026-06-02,activo,"Sede sintética",999999
S5000-04483,"María José","Gómez León",60004483J,s5000.04483@example.invalid,"+34 600004483",2026-07-03,activo,"Sede sintética",999999
S5000-04484,Óscar,"Muñoz García",60004484Z,s5000.04484@example.invalid,600-004-484,2026-08-04,activo,"Sede sintética",999999
S5000-04485,Nuria,"Pérez Núñez",60004485S,s5000.04485@example.invalid,"+34 600004485",2026-09-05,activo,"Sede sintética",999999
S5000-04486,Raúl,"Martín Sáez",60004486Q,s5000.04486@example.invalid,600-004-486,2026-10-06,activo,"Sede sintética",999999
S5000-04487,Sofía,"Gómez León",60004487V,s5000.04487@example.invalid,"+34 600004487",2026-11-07,activo,"Sede sintética",999999
S5000-04488,Álvaro,"Muñoz García",60004488H,s5000.04488@example.invalid,600-004-488,2026-12-08,inactivo,"Sede sintética",999999
S5000-04489,Lucía,"Pérez Núñez",60004489L,s5000.04489@example.invalid,"+34 600004489",2026-01-09,activo,"Sede sintética",999999
S5000-04490,Iñigo,"Martín Sáez",60004490C,s5000.04490@example.invalid,600-004-490,2026-02-10,activo,"Sede sintética",999999
S5000-04491,"María José","Gómez León",60004491K,s5000.04491@example.invalid,"+34 600004491",2026-03-11,activo,"Sede sintética",999999
S5000-04492,Óscar,"Muñoz García",60004492E,s5000.04492@example.invalid,600-004-492,2026-04-12,activo,"Sede sintética",999999
S5000-04493,Nuria,"Pérez Núñez",60004493T,s5000.04493@example.invalid,"+34 600004493",2026-05-13,activo,"Sede sintética",999999
S5000-04494,Raúl,"Martín Sáez",60004494R,s5000.04494@example.invalid,600-004-494,2026-06-14,activo,"Sede sintética",999999
S5000-04495,Sofía,"Gómez León",60004495W,s5000.04495@example.invalid,"+34 600004495",2026-07-15,activo,"Sede sintética",999999
S5000-04496,Álvaro,"Muñoz García",60004496A,s5000.04496@example.invalid,600-004-496,2026-08-16,activo,"Sede sintética",999999
S5000-04497,Lucía,"Pérez Núñez",60004497G,s5000.04497@example.invalid,"+34 600004497",2026-09-17,activo,"Sede sintética",999999
S5000-04498,Iñigo,"Martín Sáez",60004498M,s5000.04498@example.invalid,600-004-498,2026-10-18,activo,"Sede sintética",999999
S5000-04499,"María José","Gómez León",60004499Y,s5000.04499@example.invalid,"+34 600004499",2026-11-19,inactivo,"Sede sintética",999999
S5000-04500,Óscar,"Muñoz García",60004500F,s5000.04500@example.invalid,600-004-500,2026-12-20,activo,"Sede sintética",999999
S5000-04501,Nuria,"Pérez Núñez",60004501P,s5000.04501@example.invalid,"+34 600004501",2026-01-21,activo,"Sede sintética",999999
S5000-04502,Raúl,"Martín Sáez",60004502D,s5000.04502@example.invalid,600-004-502,2026-02-22,activo,"Sede sintética",999999
S5000-04503,Sofía,"Gómez León",60004503X,s5000.04503@example.invalid,"+34 600004503",2026-03-23,activo,"Sede sintética",999999
S5000-04504,Álvaro,"Muñoz García",60004504B,s5000.04504@example.invalid,600-004-504,2026-04-24,activo,"Sede sintética",999999
S5000-04505,Lucía,"Pérez Núñez",60004505N,s5000.04505@example.invalid,"+34 600004505",2026-05-25,activo,"Sede sintética",999999
S5000-04506,Iñigo,"Martín Sáez",60004506J,s5000.04506@example.invalid,600-004-506,2026-06-26,activo,"Sede sintética",999999
S5000-04507,"María José","Gómez León",60004507Z,s5000.04507@example.invalid,"+34 600004507",2026-07-27,activo,"Sede sintética",999999
S5000-04508,Óscar,"Muñoz García",60004508S,s5000.04508@example.invalid,600-004-508,2026-08-28,activo,"Sede sintética",999999
S5000-04509,Nuria,"Pérez Núñez",60004509Q,s5000.04509@example.invalid,"+34 600004509",2026-09-01,activo,"Sede sintética",999999
S5000-04510,Raúl,"Martín Sáez",60004510V,s5000.04510@example.invalid,600-004-510,2026-10-02,inactivo,"Sede sintética",999999
S5000-04511,Sofía,"Gómez León",60004511H,s5000.04511@example.invalid,"+34 600004511",2026-11-03,activo,"Sede sintética",999999
S5000-04512,Álvaro,"Muñoz García",60004512L,s5000.04512@example.invalid,600-004-512,2026-12-04,activo,"Sede sintética",999999
S5000-04513,Lucía,"Pérez Núñez",60004513C,s5000.04513@example.invalid,"+34 600004513",2026-01-05,activo,"Sede sintética",999999
S5000-04514,Iñigo,"Martín Sáez",60004514K,s5000.04514@example.invalid,600-004-514,2026-02-06,activo,"Sede sintética",999999
S5000-04515,"María José","Gómez León",60004515E,s5000.04515@example.invalid,"+34 600004515",2026-03-07,activo,"Sede sintética",999999
S5000-04516,Óscar,"Muñoz García",60004516T,s5000.04516@example.invalid,600-004-516,2026-04-08,activo,"Sede sintética",999999
S5000-04517,Nuria,"Pérez Núñez",60004517R,s5000.04517@example.invalid,"+34 600004517",2026-05-09,activo,"Sede sintética",999999
S5000-04518,Raúl,"Martín Sáez",60004518W,s5000.04518@example.invalid,600-004-518,2026-06-10,activo,"Sede sintética",999999
S5000-04519,Sofía,"Gómez León",60004519A,s5000.04519@example.invalid,"+34 600004519",2026-07-11,activo,"Sede sintética",999999
S5000-04520,Álvaro,"Muñoz García",60004520G,s5000.04520@example.invalid,600-004-520,2026-08-12,activo,"Sede sintética",999999
S5000-04521,Lucía,"Pérez Núñez",60004521M,s5000.04521@example.invalid,"+34 600004521",2026-09-13,inactivo,"Sede sintética",999999
S5000-04522,Iñigo,"Martín Sáez",60004522Y,s5000.04522@example.invalid,600-004-522,2026-10-14,activo,"Sede sintética",999999
S5000-04523,"María José","Gómez León",60004523F,s5000.04523@example.invalid,"+34 600004523",2026-11-15,activo,"Sede sintética",999999
S5000-04524,Óscar,"Muñoz García",60004524P,s5000.04524@example.invalid,600-004-524,2026-12-16,activo,"Sede sintética",999999
S5000-04525,Nuria,"Pérez Núñez",60004525D,s5000.04525@example.invalid,"+34 600004525",2026-01-17,activo,"Sede sintética",999999
S5000-04526,Raúl,"Martín Sáez",60004526X,s5000.04526@example.invalid,600-004-526,2026-02-18,activo,"Sede sintética",999999
S5000-04527,Sofía,"Gómez León",60004527B,s5000.04527@example.invalid,"+34 600004527",2026-03-19,activo,"Sede sintética",999999
S5000-04528,Álvaro,"Muñoz García",60004528N,s5000.04528@example.invalid,600-004-528,2026-04-20,activo,"Sede sintética",999999
S5000-04529,Lucía,"Pérez Núñez",60004529J,s5000.04529@example.invalid,"+34 600004529",2026-05-21,activo,"Sede sintética",999999
S5000-04530,Iñigo,"Martín Sáez",60004530Z,s5000.04530@example.invalid,600-004-530,2026-06-22,activo,"Sede sintética",999999
S5000-04531,"María José","Gómez León",60004531S,s5000.04531@example.invalid,"+34 600004531",2026-07-23,activo,"Sede sintética",999999
S5000-04532,Óscar,"Muñoz García",60004532Q,s5000.04532@example.invalid,600-004-532,2026-08-24,inactivo,"Sede sintética",999999
S5000-04533,Nuria,"Pérez Núñez",60004533V,s5000.04533@example.invalid,"+34 600004533",2026-09-25,activo,"Sede sintética",999999
S5000-04534,Raúl,"Martín Sáez",60004534H,s5000.04534@example.invalid,600-004-534,2026-10-26,activo,"Sede sintética",999999
S5000-04535,Sofía,"Gómez León",60004535L,s5000.04535@example.invalid,"+34 600004535",2026-11-27,activo,"Sede sintética",999999
S5000-04536,Álvaro,"Muñoz García",60004536C,s5000.04536@example.invalid,600-004-536,2026-12-28,activo,"Sede sintética",999999
S5000-04537,Lucía,"Pérez Núñez",60004537K,s5000.04537@example.invalid,"+34 600004537",2026-01-01,activo,"Sede sintética",999999
S5000-04538,Iñigo,"Martín Sáez",60004538E,s5000.04538@example.invalid,600-004-538,2026-02-02,activo,"Sede sintética",999999
S5000-04539,"María José","Gómez León",60004539T,s5000.04539@example.invalid,"+34 600004539",2026-03-03,activo,"Sede sintética",999999
S5000-04540,Óscar,"Muñoz García",60004540R,s5000.04540@example.invalid,600-004-540,2026-04-04,activo,"Sede sintética",999999
S5000-04541,Nuria,"Pérez Núñez",60004541W,s5000.04541@example.invalid,"+34 600004541",2026-05-05,activo,"Sede sintética",999999
S5000-04542,Raúl,"Martín Sáez",60004542A,s5000.04542@example.invalid,600-004-542,2026-06-06,activo,"Sede sintética",999999
S5000-04543,Sofía,"Gómez León",60004543G,s5000.04543@example.invalid,"+34 600004543",2026-07-07,inactivo,"Sede sintética",999999
S5000-04544,Álvaro,"Muñoz García",60004544M,s5000.04544@example.invalid,600-004-544,2026-08-08,activo,"Sede sintética",999999
S5000-04545,Lucía,"Pérez Núñez",60004545Y,s5000.04545@example.invalid,"+34 600004545",2026-09-09,activo,"Sede sintética",999999
S5000-04546,Iñigo,"Martín Sáez",60004546F,s5000.04546@example.invalid,600-004-546,2026-10-10,activo,"Sede sintética",999999
S5000-04547,"María José","Gómez León",60004547P,s5000.04547@example.invalid,"+34 600004547",2026-11-11,activo,"Sede sintética",999999
S5000-04548,Óscar,"Muñoz García",60004548D,s5000.04548@example.invalid,600-004-548,2026-12-12,activo,"Sede sintética",999999
S5000-04549,Nuria,"Pérez Núñez",60004549X,s5000.04549@example.invalid,"+34 600004549",2026-01-13,activo,"Sede sintética",999999
S5000-04550,Raúl,"Martín Sáez",60004550B,s5000.04550@example.invalid,600-004-550,2026-02-14,activo,"Sede sintética",999999
S5000-04551,Sofía,"Gómez León",60004551N,s5000.04551@example.invalid,"+34 600004551",2026-03-15,activo,"Sede sintética",999999
S5000-04552,Álvaro,"Muñoz García",60004552J,s5000.04552@example.invalid,600-004-552,2026-04-16,activo,"Sede sintética",999999
S5000-04553,Lucía,"Pérez Núñez",60004553Z,s5000.04553@example.invalid,"+34 600004553",2026-05-17,activo,"Sede sintética",999999
S5000-04554,Iñigo,"Martín Sáez",60004554S,s5000.04554@example.invalid,600-004-554,2026-06-18,inactivo,"Sede sintética",999999
S5000-04555,"María José","Gómez León",60004555Q,s5000.04555@example.invalid,"+34 600004555",2026-07-19,activo,"Sede sintética",999999
S5000-04556,Óscar,"Muñoz García",60004556V,s5000.04556@example.invalid,600-004-556,2026-08-20,activo,"Sede sintética",999999
S5000-04557,Nuria,"Pérez Núñez",60004557H,s5000.04557@example.invalid,"+34 600004557",2026-09-21,activo,"Sede sintética",999999
S5000-04558,Raúl,"Martín Sáez",60004558L,s5000.04558@example.invalid,600-004-558,2026-10-22,activo,"Sede sintética",999999
S5000-04559,Sofía,"Gómez León",60004559C,s5000.04559@example.invalid,"+34 600004559",2026-11-23,activo,"Sede sintética",999999
S5000-04560,Álvaro,"Muñoz García",60004560K,s5000.04560@example.invalid,600-004-560,2026-12-24,activo,"Sede sintética",999999
S5000-04561,Lucía,"Pérez Núñez",60004561E,s5000.04561@example.invalid,"+34 600004561",2026-01-25,activo,"Sede sintética",999999
S5000-04562,Iñigo,"Martín Sáez",60004562T,s5000.04562@example.invalid,600-004-562,2026-02-26,activo,"Sede sintética",999999
S5000-04563,"María José","Gómez León",60004563R,s5000.04563@example.invalid,"+34 600004563",2026-03-27,activo,"Sede sintética",999999
S5000-04564,Óscar,"Muñoz García",60004564W,s5000.04564@example.invalid,600-004-564,2026-04-28,activo,"Sede sintética",999999
S5000-04565,Nuria,"Pérez Núñez",60004565A,s5000.04565@example.invalid,"+34 600004565",2026-05-01,inactivo,"Sede sintética",999999
S5000-04566,Raúl,"Martín Sáez",60004566G,s5000.04566@example.invalid,600-004-566,2026-06-02,activo,"Sede sintética",999999
S5000-04567,Sofía,"Gómez León",60004567M,s5000.04567@example.invalid,"+34 600004567",2026-07-03,activo,"Sede sintética",999999
S5000-04568,Álvaro,"Muñoz García",60004568Y,s5000.04568@example.invalid,600-004-568,2026-08-04,activo,"Sede sintética",999999
S5000-04569,Lucía,"Pérez Núñez",60004569F,s5000.04569@example.invalid,"+34 600004569",2026-09-05,activo,"Sede sintética",999999
S5000-04570,Iñigo,"Martín Sáez",60004570P,s5000.04570@example.invalid,600-004-570,2026-10-06,activo,"Sede sintética",999999
S5000-04571,"María José","Gómez León",60004571D,s5000.04571@example.invalid,"+34 600004571",2026-11-07,activo,"Sede sintética",999999
S5000-04572,Óscar,"Muñoz García",60004572X,s5000.04572@example.invalid,600-004-572,2026-12-08,activo,"Sede sintética",999999
S5000-04573,Nuria,"Pérez Núñez",60004573B,s5000.04573@example.invalid,"+34 600004573",2026-01-09,activo,"Sede sintética",999999
S5000-04574,Raúl,"Martín Sáez",60004574N,s5000.04574@example.invalid,600-004-574,2026-02-10,activo,"Sede sintética",999999
S5000-04575,Sofía,"Gómez León",60004575J,s5000.04575@example.invalid,"+34 600004575",2026-03-11,activo,"Sede sintética",999999
S5000-04576,Álvaro,"Muñoz García",60004576Z,s5000.04576@example.invalid,600-004-576,2026-04-12,inactivo,"Sede sintética",999999
S5000-04577,Lucía,"Pérez Núñez",60004577S,s5000.04577@example.invalid,"+34 600004577",2026-05-13,activo,"Sede sintética",999999
S5000-04578,Iñigo,"Martín Sáez",60004578Q,s5000.04578@example.invalid,600-004-578,2026-06-14,activo,"Sede sintética",999999
S5000-04579,"María José","Gómez León",60004579V,s5000.04579@example.invalid,"+34 600004579",2026-07-15,activo,"Sede sintética",999999
S5000-04580,Óscar,"Muñoz García",60004580H,s5000.04580@example.invalid,600-004-580,2026-08-16,activo,"Sede sintética",999999
S5000-04581,Nuria,"Pérez Núñez",60004581L,s5000.04581@example.invalid,"+34 600004581",2026-09-17,activo,"Sede sintética",999999
S5000-04582,Raúl,"Martín Sáez",60004582C,s5000.04582@example.invalid,600-004-582,2026-10-18,activo,"Sede sintética",999999
S5000-04583,Sofía,"Gómez León",60004583K,s5000.04583@example.invalid,"+34 600004583",2026-11-19,activo,"Sede sintética",999999
S5000-04584,Álvaro,"Muñoz García",60004584E,s5000.04584@example.invalid,600-004-584,2026-12-20,activo,"Sede sintética",999999
S5000-04585,Lucía,"Pérez Núñez",60004585T,s5000.04585@example.invalid,"+34 600004585",2026-01-21,activo,"Sede sintética",999999
S5000-04586,Iñigo,"Martín Sáez",60004586R,s5000.04586@example.invalid,600-004-586,2026-02-22,activo,"Sede sintética",999999
S5000-04587,"María José","Gómez León",60004587W,s5000.04587@example.invalid,"+34 600004587",2026-03-23,inactivo,"Sede sintética",999999
S5000-04588,Óscar,"Muñoz García",60004588A,s5000.04588@example.invalid,600-004-588,2026-04-24,activo,"Sede sintética",999999
S5000-04589,Nuria,"Pérez Núñez",60004589G,s5000.04589@example.invalid,"+34 600004589",2026-05-25,activo,"Sede sintética",999999
S5000-04590,Raúl,"Martín Sáez",60004590M,s5000.04590@example.invalid,600-004-590,2026-06-26,activo,"Sede sintética",999999
S5000-04591,Sofía,"Gómez León",60004591Y,s5000.04591@example.invalid,"+34 600004591",2026-07-27,activo,"Sede sintética",999999
S5000-04592,Álvaro,"Muñoz García",60004592F,s5000.04592@example.invalid,600-004-592,2026-08-28,activo,"Sede sintética",999999
S5000-04593,Lucía,"Pérez Núñez",60004593P,s5000.04593@example.invalid,"+34 600004593",2026-09-01,activo,"Sede sintética",999999
S5000-04594,Iñigo,"Martín Sáez",60004594D,s5000.04594@example.invalid,600-004-594,2026-10-02,activo,"Sede sintética",999999
S5000-04595,"María José","Gómez León",60004595X,s5000.04595@example.invalid,"+34 600004595",2026-11-03,activo,"Sede sintética",999999
S5000-04596,Óscar,"Muñoz García",60004596B,s5000.04596@example.invalid,600-004-596,2026-12-04,activo,"Sede sintética",999999
S5000-04597,Nuria,"Pérez Núñez",60004597N,s5000.04597@example.invalid,"+34 600004597",2026-01-05,activo,"Sede sintética",999999
S5000-04598,Raúl,"Martín Sáez",60004598J,s5000.04598@example.invalid,600-004-598,2026-02-06,inactivo,"Sede sintética",999999
S5000-04599,Sofía,"Gómez León",60004599Z,s5000.04599@example.invalid,"+34 600004599",2026-03-07,activo,"Sede sintética",999999
S5000-04600,Álvaro,"Muñoz García",60004600S,s5000.04600@example.invalid,600-004-600,2026-04-08,activo,"Sede sintética",999999
S5000-04601,Lucía,"Pérez Núñez",60004601Q,s5000.04601@example.invalid,"+34 600004601",2026-05-09,activo,"Sede sintética",999999
S5000-04602,Iñigo,"Martín Sáez",60004602V,s5000.04602@example.invalid,600-004-602,2026-06-10,activo,"Sede sintética",999999
S5000-04603,"María José","Gómez León",60004603H,s5000.04603@example.invalid,"+34 600004603",2026-07-11,activo,"Sede sintética",999999
S5000-04604,Óscar,"Muñoz García",60004604L,s5000.04604@example.invalid,600-004-604,2026-08-12,activo,"Sede sintética",999999
S5000-04605,Nuria,"Pérez Núñez",60004605C,s5000.04605@example.invalid,"+34 600004605",2026-09-13,activo,"Sede sintética",999999
S5000-04606,Raúl,"Martín Sáez",60004606K,s5000.04606@example.invalid,600-004-606,2026-10-14,activo,"Sede sintética",999999
S5000-04607,Sofía,"Gómez León",60004607E,s5000.04607@example.invalid,"+34 600004607",2026-11-15,activo,"Sede sintética",999999
S5000-04608,Álvaro,"Muñoz García",60004608T,s5000.04608@example.invalid,600-004-608,2026-12-16,activo,"Sede sintética",999999
S5000-04609,Lucía,"Pérez Núñez",60004609R,s5000.04609@example.invalid,"+34 600004609",2026-01-17,inactivo,"Sede sintética",999999
S5000-04610,Iñigo,"Martín Sáez",60004610W,s5000.04610@example.invalid,600-004-610,2026-02-18,activo,"Sede sintética",999999
S5000-04611,"María José","Gómez León",60004611A,s5000.04611@example.invalid,"+34 600004611",2026-03-19,activo,"Sede sintética",999999
S5000-04612,Óscar,"Muñoz García",60004612G,s5000.04612@example.invalid,600-004-612,2026-04-20,activo,"Sede sintética",999999
S5000-04613,Nuria,"Pérez Núñez",60004613M,s5000.04613@example.invalid,"+34 600004613",2026-05-21,activo,"Sede sintética",999999
S5000-04614,Raúl,"Martín Sáez",60004614Y,s5000.04614@example.invalid,600-004-614,2026-06-22,activo,"Sede sintética",999999
S5000-04615,Sofía,"Gómez León",60004615F,s5000.04615@example.invalid,"+34 600004615",2026-07-23,activo,"Sede sintética",999999
S5000-04616,Álvaro,"Muñoz García",60004616P,s5000.04616@example.invalid,600-004-616,2026-08-24,activo,"Sede sintética",999999
S5000-04617,Lucía,"Pérez Núñez",60004617D,s5000.04617@example.invalid,"+34 600004617",2026-09-25,activo,"Sede sintética",999999
S5000-04618,Iñigo,"Martín Sáez",60004618X,s5000.04618@example.invalid,600-004-618,2026-10-26,activo,"Sede sintética",999999
S5000-04619,"María José","Gómez León",60004619B,s5000.04619@example.invalid,"+34 600004619",2026-11-27,activo,"Sede sintética",999999
S5000-04620,Óscar,"Muñoz García",60004620N,s5000.04620@example.invalid,600-004-620,2026-12-28,inactivo,"Sede sintética",999999
S5000-04621,Nuria,"Pérez Núñez",60004621J,s5000.04621@example.invalid,"+34 600004621",2026-01-01,activo,"Sede sintética",999999
S5000-04622,Raúl,"Martín Sáez",60004622Z,s5000.04622@example.invalid,600-004-622,2026-02-02,activo,"Sede sintética",999999
S5000-04623,Sofía,"Gómez León",60004623S,s5000.04623@example.invalid,"+34 600004623",2026-03-03,activo,"Sede sintética",999999
S5000-04624,Álvaro,"Muñoz García",60004624Q,s5000.04624@example.invalid,600-004-624,2026-04-04,activo,"Sede sintética",999999
S5000-04625,Lucía,"Pérez Núñez",60004625V,s5000.04625@example.invalid,"+34 600004625",2026-05-05,activo,"Sede sintética",999999
S5000-04626,Iñigo,"Martín Sáez",60004626H,s5000.04626@example.invalid,600-004-626,2026-06-06,activo,"Sede sintética",999999
S5000-04627,"María José","Gómez León",60004627L,s5000.04627@example.invalid,"+34 600004627",2026-07-07,activo,"Sede sintética",999999
S5000-04628,Óscar,"Muñoz García",60004628C,s5000.04628@example.invalid,600-004-628,2026-08-08,activo,"Sede sintética",999999
S5000-04629,Nuria,"Pérez Núñez",60004629K,s5000.04629@example.invalid,"+34 600004629",2026-09-09,activo,"Sede sintética",999999
S5000-04630,Raúl,"Martín Sáez",60004630E,s5000.04630@example.invalid,600-004-630,2026-10-10,activo,"Sede sintética",999999
S5000-04631,Sofía,"Gómez León",60004631T,s5000.04631@example.invalid,"+34 600004631",2026-11-11,inactivo,"Sede sintética",999999
S5000-04632,Álvaro,"Muñoz García",60004632R,s5000.04632@example.invalid,600-004-632,2026-12-12,activo,"Sede sintética",999999
S5000-04633,Lucía,"Pérez Núñez",60004633W,s5000.04633@example.invalid,"+34 600004633",2026-01-13,activo,"Sede sintética",999999
S5000-04634,Iñigo,"Martín Sáez",60004634A,s5000.04634@example.invalid,600-004-634,2026-02-14,activo,"Sede sintética",999999
S5000-04635,"María José","Gómez León",60004635G,s5000.04635@example.invalid,"+34 600004635",2026-03-15,activo,"Sede sintética",999999
S5000-04636,Óscar,"Muñoz García",60004636M,s5000.04636@example.invalid,600-004-636,2026-04-16,activo,"Sede sintética",999999
S5000-04637,Nuria,"Pérez Núñez",60004637Y,s5000.04637@example.invalid,"+34 600004637",2026-05-17,activo,"Sede sintética",999999
S5000-04638,Raúl,"Martín Sáez",60004638F,s5000.04638@example.invalid,600-004-638,2026-06-18,activo,"Sede sintética",999999
S5000-04639,Sofía,"Gómez León",60004639P,s5000.04639@example.invalid,"+34 600004639",2026-07-19,activo,"Sede sintética",999999
S5000-04640,Álvaro,"Muñoz García",60004640D,s5000.04640@example.invalid,600-004-640,2026-08-20,activo,"Sede sintética",999999
S5000-04641,Lucía,"Pérez Núñez",60004641X,s5000.04641@example.invalid,"+34 600004641",2026-09-21,activo,"Sede sintética",999999
S5000-04642,Iñigo,"Martín Sáez",60004642B,s5000.04642@example.invalid,600-004-642,2026-10-22,inactivo,"Sede sintética",999999
S5000-04643,"María José","Gómez León",60004643N,s5000.04643@example.invalid,"+34 600004643",2026-11-23,activo,"Sede sintética",999999
S5000-04644,Óscar,"Muñoz García",60004644J,s5000.04644@example.invalid,600-004-644,2026-12-24,activo,"Sede sintética",999999
S5000-04645,Nuria,"Pérez Núñez",60004645Z,s5000.04645@example.invalid,"+34 600004645",2026-01-25,activo,"Sede sintética",999999
S5000-04646,Raúl,"Martín Sáez",60004646S,s5000.04646@example.invalid,600-004-646,2026-02-26,activo,"Sede sintética",999999
S5000-04647,Sofía,"Gómez León",60004647Q,s5000.04647@example.invalid,"+34 600004647",2026-03-27,activo,"Sede sintética",999999
S5000-04648,Álvaro,"Muñoz García",60004648V,s5000.04648@example.invalid,600-004-648,2026-04-28,activo,"Sede sintética",999999
S5000-04649,Lucía,"Pérez Núñez",60004649H,s5000.04649@example.invalid,"+34 600004649",2026-05-01,activo,"Sede sintética",999999
S5000-04650,Iñigo,"Martín Sáez",60004650L,s5000.04650@example.invalid,600-004-650,2026-06-02,activo,"Sede sintética",999999
S5000-04651,"María José","Gómez León",60004651C,s5000.04651@example.invalid,"+34 600004651",2026-07-03,activo,"Sede sintética",999999
S5000-04652,Óscar,"Muñoz García",60004652K,s5000.04652@example.invalid,600-004-652,2026-08-04,activo,"Sede sintética",999999
S5000-04653,Nuria,"Pérez Núñez",60004653E,s5000.04653@example.invalid,"+34 600004653",2026-09-05,inactivo,"Sede sintética",999999
S5000-04654,Raúl,"Martín Sáez",60004654T,s5000.04654@example.invalid,600-004-654,2026-10-06,activo,"Sede sintética",999999
S5000-04655,Sofía,"Gómez León",60004655R,s5000.04655@example.invalid,"+34 600004655",2026-11-07,activo,"Sede sintética",999999
S5000-04656,Álvaro,"Muñoz García",60004656W,s5000.04656@example.invalid,600-004-656,2026-12-08,activo,"Sede sintética",999999
S5000-04657,Lucía,"Pérez Núñez",60004657A,s5000.04657@example.invalid,"+34 600004657",2026-01-09,activo,"Sede sintética",999999
S5000-04658,Iñigo,"Martín Sáez",60004658G,s5000.04658@example.invalid,600-004-658,2026-02-10,activo,"Sede sintética",999999
S5000-04659,"María José","Gómez León",60004659M,s5000.04659@example.invalid,"+34 600004659",2026-03-11,activo,"Sede sintética",999999
S5000-04660,Óscar,"Muñoz García",60004660Y,s5000.04660@example.invalid,600-004-660,2026-04-12,activo,"Sede sintética",999999
S5000-04661,Nuria,"Pérez Núñez",60004661F,s5000.04661@example.invalid,"+34 600004661",2026-05-13,activo,"Sede sintética",999999
S5000-04662,Raúl,"Martín Sáez",60004662P,s5000.04662@example.invalid,600-004-662,2026-06-14,activo,"Sede sintética",999999
S5000-04663,Sofía,"Gómez León",60004663D,s5000.04663@example.invalid,"+34 600004663",2026-07-15,activo,"Sede sintética",999999
S5000-04664,Álvaro,"Muñoz García",60004664X,s5000.04664@example.invalid,600-004-664,2026-08-16,inactivo,"Sede sintética",999999
S5000-04665,Lucía,"Pérez Núñez",60004665B,s5000.04665@example.invalid,"+34 600004665",2026-09-17,activo,"Sede sintética",999999
S5000-04666,Iñigo,"Martín Sáez",60004666N,s5000.04666@example.invalid,600-004-666,2026-10-18,activo,"Sede sintética",999999
S5000-04667,"María José","Gómez León",60004667J,s5000.04667@example.invalid,"+34 600004667",2026-11-19,activo,"Sede sintética",999999
S5000-04668,Óscar,"Muñoz García",60004668Z,s5000.04668@example.invalid,600-004-668,2026-12-20,activo,"Sede sintética",999999
S5000-04669,Nuria,"Pérez Núñez",60004669S,s5000.04669@example.invalid,"+34 600004669",2026-01-21,activo,"Sede sintética",999999
S5000-04670,Raúl,"Martín Sáez",60004670Q,s5000.04670@example.invalid,600-004-670,2026-02-22,activo,"Sede sintética",999999
S5000-04671,Sofía,"Gómez León",60004671V,s5000.04671@example.invalid,"+34 600004671",2026-03-23,activo,"Sede sintética",999999
S5000-04672,Álvaro,"Muñoz García",60004672H,s5000.04672@example.invalid,600-004-672,2026-04-24,activo,"Sede sintética",999999
S5000-04673,Lucía,"Pérez Núñez",60004673L,s5000.04673@example.invalid,"+34 600004673",2026-05-25,activo,"Sede sintética",999999
S5000-04674,Iñigo,"Martín Sáez",60004674C,s5000.04674@example.invalid,600-004-674,2026-06-26,activo,"Sede sintética",999999
S5000-04675,"María José","Gómez León",60004675K,s5000.04675@example.invalid,"+34 600004675",2026-07-27,inactivo,"Sede sintética",999999
S5000-04676,Óscar,"Muñoz García",60004676E,s5000.04676@example.invalid,600-004-676,2026-08-28,activo,"Sede sintética",999999
S5000-04677,Nuria,"Pérez Núñez",60004677T,s5000.04677@example.invalid,"+34 600004677",2026-09-01,activo,"Sede sintética",999999
S5000-04678,Raúl,"Martín Sáez",60004678R,s5000.04678@example.invalid,600-004-678,2026-10-02,activo,"Sede sintética",999999
S5000-04679,Sofía,"Gómez León",60004679W,s5000.04679@example.invalid,"+34 600004679",2026-11-03,activo,"Sede sintética",999999
S5000-04680,Álvaro,"Muñoz García",60004680A,s5000.04680@example.invalid,600-004-680,2026-12-04,activo,"Sede sintética",999999
S5000-04681,Lucía,"Pérez Núñez",60004681G,s5000.04681@example.invalid,"+34 600004681",2026-01-05,activo,"Sede sintética",999999
S5000-04682,Iñigo,"Martín Sáez",60004682M,s5000.04682@example.invalid,600-004-682,2026-02-06,activo,"Sede sintética",999999
S5000-04683,"María José","Gómez León",60004683Y,s5000.04683@example.invalid,"+34 600004683",2026-03-07,activo,"Sede sintética",999999
S5000-04684,Óscar,"Muñoz García",60004684F,s5000.04684@example.invalid,600-004-684,2026-04-08,activo,"Sede sintética",999999
S5000-04685,Nuria,"Pérez Núñez",60004685P,s5000.04685@example.invalid,"+34 600004685",2026-05-09,activo,"Sede sintética",999999
S5000-04686,Raúl,"Martín Sáez",60004686D,s5000.04686@example.invalid,600-004-686,2026-06-10,inactivo,"Sede sintética",999999
S5000-04687,Sofía,"Gómez León",60004687X,s5000.04687@example.invalid,"+34 600004687",2026-07-11,activo,"Sede sintética",999999
S5000-04688,Álvaro,"Muñoz García",60004688B,s5000.04688@example.invalid,600-004-688,2026-08-12,activo,"Sede sintética",999999
S5000-04689,Lucía,"Pérez Núñez",60004689N,s5000.04689@example.invalid,"+34 600004689",2026-09-13,activo,"Sede sintética",999999
S5000-04690,Iñigo,"Martín Sáez",60004690J,s5000.04690@example.invalid,600-004-690,2026-10-14,activo,"Sede sintética",999999
S5000-04691,"María José","Gómez León",60004691Z,s5000.04691@example.invalid,"+34 600004691",2026-11-15,activo,"Sede sintética",999999
S5000-04692,Óscar,"Muñoz García",60004692S,s5000.04692@example.invalid,600-004-692,2026-12-16,activo,"Sede sintética",999999
S5000-04693,Nuria,"Pérez Núñez",60004693Q,s5000.04693@example.invalid,"+34 600004693",2026-01-17,activo,"Sede sintética",999999
S5000-04694,Raúl,"Martín Sáez",60004694V,s5000.04694@example.invalid,600-004-694,2026-02-18,activo,"Sede sintética",999999
S5000-04695,Sofía,"Gómez León",60004695H,s5000.04695@example.invalid,"+34 600004695",2026-03-19,activo,"Sede sintética",999999
S5000-04696,Álvaro,"Muñoz García",60004696L,s5000.04696@example.invalid,600-004-696,2026-04-20,activo,"Sede sintética",999999
S5000-04697,Lucía,"Pérez Núñez",60004697C,s5000.04697@example.invalid,"+34 600004697",2026-05-21,inactivo,"Sede sintética",999999
S5000-04698,Iñigo,"Martín Sáez",60004698K,s5000.04698@example.invalid,600-004-698,2026-06-22,activo,"Sede sintética",999999
S5000-04699,"María José","Gómez León",60004699E,s5000.04699@example.invalid,"+34 600004699",2026-07-23,activo,"Sede sintética",999999
S5000-04700,Óscar,"Muñoz García",60004700T,s5000.04700@example.invalid,600-004-700,2026-08-24,activo,"Sede sintética",999999
S5000-04701,Nuria,"Pérez Núñez",60004701R,s5000.04701@example.invalid,"+34 600004701",2026-09-25,activo,"Sede sintética",999999
S5000-04702,Raúl,"Martín Sáez",60004702W,s5000.04702@example.invalid,600-004-702,2026-10-26,activo,"Sede sintética",999999
S5000-04703,Sofía,"Gómez León",60004703A,s5000.04703@example.invalid,"+34 600004703",2026-11-27,activo,"Sede sintética",999999
S5000-04704,Álvaro,"Muñoz García",60004704G,s5000.04704@example.invalid,600-004-704,2026-12-28,activo,"Sede sintética",999999
S5000-04705,Lucía,"Pérez Núñez",60004705M,s5000.04705@example.invalid,"+34 600004705",2026-01-01,activo,"Sede sintética",999999
S5000-04706,Iñigo,"Martín Sáez",60004706Y,s5000.04706@example.invalid,600-004-706,2026-02-02,activo,"Sede sintética",999999
S5000-04707,"María José","Gómez León",60004707F,s5000.04707@example.invalid,"+34 600004707",2026-03-03,activo,"Sede sintética",999999
S5000-04708,Óscar,"Muñoz García",60004708P,s5000.04708@example.invalid,600-004-708,2026-04-04,inactivo,"Sede sintética",999999
S5000-04709,Nuria,"Pérez Núñez",60004709D,s5000.04709@example.invalid,"+34 600004709",2026-05-05,activo,"Sede sintética",999999
S5000-04710,Raúl,"Martín Sáez",60004710X,s5000.04710@example.invalid,600-004-710,2026-06-06,activo,"Sede sintética",999999
S5000-04711,Sofía,"Gómez León",60004711B,s5000.04711@example.invalid,"+34 600004711",2026-07-07,activo,"Sede sintética",999999
S5000-04712,Álvaro,"Muñoz García",60004712N,s5000.04712@example.invalid,600-004-712,2026-08-08,activo,"Sede sintética",999999
S5000-04713,Lucía,"Pérez Núñez",60004713J,s5000.04713@example.invalid,"+34 600004713",2026-09-09,activo,"Sede sintética",999999
S5000-04714,Iñigo,"Martín Sáez",60004714Z,s5000.04714@example.invalid,600-004-714,2026-10-10,activo,"Sede sintética",999999
S5000-04715,"María José","Gómez León",60004715S,s5000.04715@example.invalid,"+34 600004715",2026-11-11,activo,"Sede sintética",999999
S5000-04716,Óscar,"Muñoz García",60004716Q,s5000.04716@example.invalid,600-004-716,2026-12-12,activo,"Sede sintética",999999
S5000-04717,Nuria,"Pérez Núñez",60004717V,s5000.04717@example.invalid,"+34 600004717",2026-01-13,activo,"Sede sintética",999999
S5000-04718,Raúl,"Martín Sáez",60004718H,s5000.04718@example.invalid,600-004-718,2026-02-14,activo,"Sede sintética",999999
S5000-04719,Sofía,"Gómez León",60004719L,s5000.04719@example.invalid,"+34 600004719",2026-03-15,inactivo,"Sede sintética",999999
S5000-04720,Álvaro,"Muñoz García",60004720C,s5000.04720@example.invalid,600-004-720,2026-04-16,activo,"Sede sintética",999999
S5000-04721,Lucía,"Pérez Núñez",60004721K,s5000.04721@example.invalid,"+34 600004721",2026-05-17,activo,"Sede sintética",999999
S5000-04722,Iñigo,"Martín Sáez",60004722E,s5000.04722@example.invalid,600-004-722,2026-06-18,activo,"Sede sintética",999999
S5000-04723,"María José","Gómez León",60004723T,s5000.04723@example.invalid,"+34 600004723",2026-07-19,activo,"Sede sintética",999999
S5000-04724,Óscar,"Muñoz García",60004724R,s5000.04724@example.invalid,600-004-724,2026-08-20,activo,"Sede sintética",999999
S5000-04725,Nuria,"Pérez Núñez",60004725W,s5000.04725@example.invalid,"+34 600004725",2026-09-21,activo,"Sede sintética",999999
S5000-04726,Raúl,"Martín Sáez",60004726A,s5000.04726@example.invalid,600-004-726,2026-10-22,activo,"Sede sintética",999999
S5000-04727,Sofía,"Gómez León",60004727G,s5000.04727@example.invalid,"+34 600004727",2026-11-23,activo,"Sede sintética",999999
S5000-04728,Álvaro,"Muñoz García",60004728M,s5000.04728@example.invalid,600-004-728,2026-12-24,activo,"Sede sintética",999999
S5000-04729,Lucía,"Pérez Núñez",60004729Y,s5000.04729@example.invalid,"+34 600004729",2026-01-25,activo,"Sede sintética",999999
S5000-04730,Iñigo,"Martín Sáez",60004730F,s5000.04730@example.invalid,600-004-730,2026-02-26,inactivo,"Sede sintética",999999
S5000-04731,"María José","Gómez León",60004731P,s5000.04731@example.invalid,"+34 600004731",2026-03-27,activo,"Sede sintética",999999
S5000-04732,Óscar,"Muñoz García",60004732D,s5000.04732@example.invalid,600-004-732,2026-04-28,activo,"Sede sintética",999999
S5000-04733,Nuria,"Pérez Núñez",60004733X,s5000.04733@example.invalid,"+34 600004733",2026-05-01,activo,"Sede sintética",999999
S5000-04734,Raúl,"Martín Sáez",60004734B,s5000.04734@example.invalid,600-004-734,2026-06-02,activo,"Sede sintética",999999
S5000-04735,Sofía,"Gómez León",60004735N,s5000.04735@example.invalid,"+34 600004735",2026-07-03,activo,"Sede sintética",999999
S5000-04736,Álvaro,"Muñoz García",60004736J,s5000.04736@example.invalid,600-004-736,2026-08-04,activo,"Sede sintética",999999
S5000-04737,Lucía,"Pérez Núñez",60004737Z,s5000.04737@example.invalid,"+34 600004737",2026-09-05,activo,"Sede sintética",999999
S5000-04738,Iñigo,"Martín Sáez",60004738S,s5000.04738@example.invalid,600-004-738,2026-10-06,activo,"Sede sintética",999999
S5000-04739,"María José","Gómez León",60004739Q,s5000.04739@example.invalid,"+34 600004739",2026-11-07,activo,"Sede sintética",999999
S5000-04740,Óscar,"Muñoz García",60004740V,s5000.04740@example.invalid,600-004-740,2026-12-08,activo,"Sede sintética",999999
S5000-04741,Nuria,"Pérez Núñez",60004741H,s5000.04741@example.invalid,"+34 600004741",2026-01-09,inactivo,"Sede sintética",999999
S5000-04742,Raúl,"Martín Sáez",60004742L,s5000.04742@example.invalid,600-004-742,2026-02-10,activo,"Sede sintética",999999
S5000-04743,Sofía,"Gómez León",60004743C,s5000.04743@example.invalid,"+34 600004743",2026-03-11,activo,"Sede sintética",999999
S5000-04744,Álvaro,"Muñoz García",60004744K,s5000.04744@example.invalid,600-004-744,2026-04-12,activo,"Sede sintética",999999
S5000-04745,Lucía,"Pérez Núñez",60004745E,s5000.04745@example.invalid,"+34 600004745",2026-05-13,activo,"Sede sintética",999999
S5000-04746,Iñigo,"Martín Sáez",60004746T,s5000.04746@example.invalid,600-004-746,2026-06-14,activo,"Sede sintética",999999
S5000-04747,"María José","Gómez León",60004747R,s5000.04747@example.invalid,"+34 600004747",2026-07-15,activo,"Sede sintética",999999
S5000-04748,Óscar,"Muñoz García",60004748W,s5000.04748@example.invalid,600-004-748,2026-08-16,activo,"Sede sintética",999999
S5000-04749,Nuria,"Pérez Núñez",60004749A,s5000.04749@example.invalid,"+34 600004749",2026-09-17,activo,"Sede sintética",999999
S5000-04750,Raúl,"Martín Sáez",60004750G,s5000.04750@example.invalid,600-004-750,2026-10-18,activo,"Sede sintética",999999
S5000-04751,Sofía,"Gómez León",60004751M,s5000.04751@example.invalid,"+34 600004751",2026-11-19,activo,"Sede sintética",999999
S5000-04752,Álvaro,"Muñoz García",60004752Y,s5000.04752@example.invalid,600-004-752,2026-12-20,inactivo,"Sede sintética",999999
S5000-04753,Lucía,"Pérez Núñez",60004753F,s5000.04753@example.invalid,"+34 600004753",2026-01-21,activo,"Sede sintética",999999
S5000-04754,Iñigo,"Martín Sáez",60004754P,s5000.04754@example.invalid,600-004-754,2026-02-22,activo,"Sede sintética",999999
S5000-04755,"María José","Gómez León",60004755D,s5000.04755@example.invalid,"+34 600004755",2026-03-23,activo,"Sede sintética",999999
S5000-04756,Óscar,"Muñoz García",60004756X,s5000.04756@example.invalid,600-004-756,2026-04-24,activo,"Sede sintética",999999
S5000-04757,Nuria,"Pérez Núñez",60004757B,s5000.04757@example.invalid,"+34 600004757",2026-05-25,activo,"Sede sintética",999999
S5000-04758,Raúl,"Martín Sáez",60004758N,s5000.04758@example.invalid,600-004-758,2026-06-26,activo,"Sede sintética",999999
S5000-04759,Sofía,"Gómez León",60004759J,s5000.04759@example.invalid,"+34 600004759",2026-07-27,activo,"Sede sintética",999999
S5000-04760,Álvaro,"Muñoz García",60004760Z,s5000.04760@example.invalid,600-004-760,2026-08-28,activo,"Sede sintética",999999
S5000-04761,Lucía,"Pérez Núñez",60004761S,s5000.04761@example.invalid,"+34 600004761",2026-09-01,activo,"Sede sintética",999999
S5000-04762,Iñigo,"Martín Sáez",60004762Q,s5000.04762@example.invalid,600-004-762,2026-10-02,activo,"Sede sintética",999999
S5000-04763,"María José","Gómez León",60004763V,s5000.04763@example.invalid,"+34 600004763",2026-11-03,inactivo,"Sede sintética",999999
S5000-04764,Óscar,"Muñoz García",60004764H,s5000.04764@example.invalid,600-004-764,2026-12-04,activo,"Sede sintética",999999
S5000-04765,Nuria,"Pérez Núñez",60004765L,s5000.04765@example.invalid,"+34 600004765",2026-01-05,activo,"Sede sintética",999999
S5000-04766,Raúl,"Martín Sáez",60004766C,s5000.04766@example.invalid,600-004-766,2026-02-06,activo,"Sede sintética",999999
S5000-04767,Sofía,"Gómez León",60004767K,s5000.04767@example.invalid,"+34 600004767",2026-03-07,activo,"Sede sintética",999999
S5000-04768,Álvaro,"Muñoz García",60004768E,s5000.04768@example.invalid,600-004-768,2026-04-08,activo,"Sede sintética",999999
S5000-04769,Lucía,"Pérez Núñez",60004769T,s5000.04769@example.invalid,"+34 600004769",2026-05-09,activo,"Sede sintética",999999
S5000-04770,Iñigo,"Martín Sáez",60004770R,s5000.04770@example.invalid,600-004-770,2026-06-10,activo,"Sede sintética",999999
S5000-04771,"María José","Gómez León",60004771W,s5000.04771@example.invalid,"+34 600004771",2026-07-11,activo,"Sede sintética",999999
S5000-04772,Óscar,"Muñoz García",60004772A,s5000.04772@example.invalid,600-004-772,2026-08-12,activo,"Sede sintética",999999
S5000-04773,Nuria,"Pérez Núñez",60004773G,s5000.04773@example.invalid,"+34 600004773",2026-09-13,activo,"Sede sintética",999999
S5000-04774,Raúl,"Martín Sáez",60004774M,s5000.04774@example.invalid,600-004-774,2026-10-14,inactivo,"Sede sintética",999999
S5000-04775,Sofía,"Gómez León",60004775Y,s5000.04775@example.invalid,"+34 600004775",2026-11-15,activo,"Sede sintética",999999
S5000-04776,Álvaro,"Muñoz García",60004776F,s5000.04776@example.invalid,600-004-776,2026-12-16,activo,"Sede sintética",999999
S5000-04777,Lucía,"Pérez Núñez",60004777P,s5000.04777@example.invalid,"+34 600004777",2026-01-17,activo,"Sede sintética",999999
S5000-04778,Iñigo,"Martín Sáez",60004778D,s5000.04778@example.invalid,600-004-778,2026-02-18,activo,"Sede sintética",999999
S5000-04779,"María José","Gómez León",60004779X,s5000.04779@example.invalid,"+34 600004779",2026-03-19,activo,"Sede sintética",999999
S5000-04780,Óscar,"Muñoz García",60004780B,s5000.04780@example.invalid,600-004-780,2026-04-20,activo,"Sede sintética",999999
S5000-04781,Nuria,"Pérez Núñez",60004781N,s5000.04781@example.invalid,"+34 600004781",2026-05-21,activo,"Sede sintética",999999
S5000-04782,Raúl,"Martín Sáez",60004782J,s5000.04782@example.invalid,600-004-782,2026-06-22,activo,"Sede sintética",999999
S5000-04783,Sofía,"Gómez León",60004783Z,s5000.04783@example.invalid,"+34 600004783",2026-07-23,activo,"Sede sintética",999999
S5000-04784,Álvaro,"Muñoz García",60004784S,s5000.04784@example.invalid,600-004-784,2026-08-24,activo,"Sede sintética",999999
S5000-04785,Lucía,"Pérez Núñez",60004785Q,s5000.04785@example.invalid,"+34 600004785",2026-09-25,inactivo,"Sede sintética",999999
S5000-04786,Iñigo,"Martín Sáez",60004786V,s5000.04786@example.invalid,600-004-786,2026-10-26,activo,"Sede sintética",999999
S5000-04787,"María José","Gómez León",60004787H,s5000.04787@example.invalid,"+34 600004787",2026-11-27,activo,"Sede sintética",999999
S5000-04788,Óscar,"Muñoz García",60004788L,s5000.04788@example.invalid,600-004-788,2026-12-28,activo,"Sede sintética",999999
S5000-04789,Nuria,"Pérez Núñez",60004789C,s5000.04789@example.invalid,"+34 600004789",2026-01-01,activo,"Sede sintética",999999
S5000-04790,Raúl,"Martín Sáez",60004790K,s5000.04790@example.invalid,600-004-790,2026-02-02,activo,"Sede sintética",999999
S5000-04791,Sofía,"Gómez León",60004791E,s5000.04791@example.invalid,"+34 600004791",2026-03-03,activo,"Sede sintética",999999
S5000-04792,Álvaro,"Muñoz García",60004792T,s5000.04792@example.invalid,600-004-792,2026-04-04,activo,"Sede sintética",999999
S5000-04793,Lucía,"Pérez Núñez",60004793R,s5000.04793@example.invalid,"+34 600004793",2026-05-05,activo,"Sede sintética",999999
S5000-04794,Iñigo,"Martín Sáez",60004794W,s5000.04794@example.invalid,600-004-794,2026-06-06,activo,"Sede sintética",999999
S5000-04795,"María José","Gómez León",60004795A,s5000.04795@example.invalid,"+34 600004795",2026-07-07,activo,"Sede sintética",999999
S5000-04796,Óscar,"Muñoz García",60004796G,s5000.04796@example.invalid,600-004-796,2026-08-08,inactivo,"Sede sintética",999999
S5000-04797,Nuria,"Pérez Núñez",60004797M,s5000.04797@example.invalid,"+34 600004797",2026-09-09,activo,"Sede sintética",999999
S5000-04798,Raúl,"Martín Sáez",60004798Y,s5000.04798@example.invalid,600-004-798,2026-10-10,activo,"Sede sintética",999999
S5000-04799,Sofía,"Gómez León",60004799F,s5000.04799@example.invalid,"+34 600004799",2026-11-11,activo,"Sede sintética",999999
S5000-04800,Álvaro,"Muñoz García",60004800P,s5000.04800@example.invalid,600-004-800,2026-12-12,activo,"Sede sintética",999999
S5000-04801,Lucía,"Pérez Núñez",60004801D,s5000.04801@example.invalid,"+34 600004801",2026-01-13,activo,"Sede sintética",999999
S5000-04802,Iñigo,"Martín Sáez",60004802X,s5000.04802@example.invalid,600-004-802,2026-02-14,activo,"Sede sintética",999999
S5000-04803,"María José","Gómez León",60004803B,s5000.04803@example.invalid,"+34 600004803",2026-03-15,activo,"Sede sintética",999999
S5000-04804,Óscar,"Muñoz García",60004804N,s5000.04804@example.invalid,600-004-804,2026-04-16,activo,"Sede sintética",999999
S5000-04805,Nuria,"Pérez Núñez",60004805J,s5000.04805@example.invalid,"+34 600004805",2026-05-17,activo,"Sede sintética",999999
S5000-04806,Raúl,"Martín Sáez",60004806Z,s5000.04806@example.invalid,600-004-806,2026-06-18,activo,"Sede sintética",999999
S5000-04807,Sofía,"Gómez León",60004807S,s5000.04807@example.invalid,"+34 600004807",2026-07-19,inactivo,"Sede sintética",999999
S5000-04808,Álvaro,"Muñoz García",60004808Q,s5000.04808@example.invalid,600-004-808,2026-08-20,activo,"Sede sintética",999999
S5000-04809,Lucía,"Pérez Núñez",60004809V,s5000.04809@example.invalid,"+34 600004809",2026-09-21,activo,"Sede sintética",999999
S5000-04810,Iñigo,"Martín Sáez",60004810H,s5000.04810@example.invalid,600-004-810,2026-10-22,activo,"Sede sintética",999999
S5000-04811,"María José","Gómez León",60004811L,s5000.04811@example.invalid,"+34 600004811",2026-11-23,activo,"Sede sintética",999999
S5000-04812,Óscar,"Muñoz García",60004812C,s5000.04812@example.invalid,600-004-812,2026-12-24,activo,"Sede sintética",999999
S5000-04813,Nuria,"Pérez Núñez",60004813K,s5000.04813@example.invalid,"+34 600004813",2026-01-25,activo,"Sede sintética",999999
S5000-04814,Raúl,"Martín Sáez",60004814E,s5000.04814@example.invalid,600-004-814,2026-02-26,activo,"Sede sintética",999999
S5000-04815,Sofía,"Gómez León",60004815T,s5000.04815@example.invalid,"+34 600004815",2026-03-27,activo,"Sede sintética",999999
S5000-04816,Álvaro,"Muñoz García",60004816R,s5000.04816@example.invalid,600-004-816,2026-04-28,activo,"Sede sintética",999999
S5000-04817,Lucía,"Pérez Núñez",60004817W,s5000.04817@example.invalid,"+34 600004817",2026-05-01,activo,"Sede sintética",999999
S5000-04818,Iñigo,"Martín Sáez",60004818A,s5000.04818@example.invalid,600-004-818,2026-06-02,inactivo,"Sede sintética",999999
S5000-04819,"María José","Gómez León",60004819G,s5000.04819@example.invalid,"+34 600004819",2026-07-03,activo,"Sede sintética",999999
S5000-04820,Óscar,"Muñoz García",60004820M,s5000.04820@example.invalid,600-004-820,2026-08-04,activo,"Sede sintética",999999
S5000-04821,Nuria,"Pérez Núñez",60004821Y,s5000.04821@example.invalid,"+34 600004821",2026-09-05,activo,"Sede sintética",999999
S5000-04822,Raúl,"Martín Sáez",60004822F,s5000.04822@example.invalid,600-004-822,2026-10-06,activo,"Sede sintética",999999
S5000-04823,Sofía,"Gómez León",60004823P,s5000.04823@example.invalid,"+34 600004823",2026-11-07,activo,"Sede sintética",999999
S5000-04824,Álvaro,"Muñoz García",60004824D,s5000.04824@example.invalid,600-004-824,2026-12-08,activo,"Sede sintética",999999
S5000-04825,Lucía,"Pérez Núñez",60004825X,s5000.04825@example.invalid,"+34 600004825",2026-01-09,activo,"Sede sintética",999999
S5000-04826,Iñigo,"Martín Sáez",60004826B,s5000.04826@example.invalid,600-004-826,2026-02-10,activo,"Sede sintética",999999
S5000-04827,"María José","Gómez León",60004827N,s5000.04827@example.invalid,"+34 600004827",2026-03-11,activo,"Sede sintética",999999
S5000-04828,Óscar,"Muñoz García",60004828J,s5000.04828@example.invalid,600-004-828,2026-04-12,activo,"Sede sintética",999999
S5000-04829,Nuria,"Pérez Núñez",60004829Z,s5000.04829@example.invalid,"+34 600004829",2026-05-13,inactivo,"Sede sintética",999999
S5000-04830,Raúl,"Martín Sáez",60004830S,s5000.04830@example.invalid,600-004-830,2026-06-14,activo,"Sede sintética",999999
S5000-04831,Sofía,"Gómez León",60004831Q,s5000.04831@example.invalid,"+34 600004831",2026-07-15,activo,"Sede sintética",999999
S5000-04832,Álvaro,"Muñoz García",60004832V,s5000.04832@example.invalid,600-004-832,2026-08-16,activo,"Sede sintética",999999
S5000-04833,Lucía,"Pérez Núñez",60004833H,s5000.04833@example.invalid,"+34 600004833",2026-09-17,activo,"Sede sintética",999999
S5000-04834,Iñigo,"Martín Sáez",60004834L,s5000.04834@example.invalid,600-004-834,2026-10-18,activo,"Sede sintética",999999
S5000-04835,"María José","Gómez León",60004835C,s5000.04835@example.invalid,"+34 600004835",2026-11-19,activo,"Sede sintética",999999
S5000-04836,Óscar,"Muñoz García",60004836K,s5000.04836@example.invalid,600-004-836,2026-12-20,activo,"Sede sintética",999999
S5000-04837,Nuria,"Pérez Núñez",60004837E,s5000.04837@example.invalid,"+34 600004837",2026-01-21,activo,"Sede sintética",999999
S5000-04838,Raúl,"Martín Sáez",60004838T,s5000.04838@example.invalid,600-004-838,2026-02-22,activo,"Sede sintética",999999
S5000-04839,Sofía,"Gómez León",60004839R,s5000.04839@example.invalid,"+34 600004839",2026-03-23,activo,"Sede sintética",999999
S5000-04840,Álvaro,"Muñoz García",60004840W,s5000.04840@example.invalid,600-004-840,2026-04-24,inactivo,"Sede sintética",999999
S5000-04841,Lucía,"Pérez Núñez",60004841A,s5000.04841@example.invalid,"+34 600004841",2026-05-25,activo,"Sede sintética",999999
S5000-04842,Iñigo,"Martín Sáez",60004842G,s5000.04842@example.invalid,600-004-842,2026-06-26,activo,"Sede sintética",999999
S5000-04843,"María José","Gómez León",60004843M,s5000.04843@example.invalid,"+34 600004843",2026-07-27,activo,"Sede sintética",999999
S5000-04844,Óscar,"Muñoz García",60004844Y,s5000.04844@example.invalid,600-004-844,2026-08-28,activo,"Sede sintética",999999
S5000-04845,Nuria,"Pérez Núñez",60004845F,s5000.04845@example.invalid,"+34 600004845",2026-09-01,activo,"Sede sintética",999999
S5000-04846,Raúl,"Martín Sáez",60004846P,s5000.04846@example.invalid,600-004-846,2026-10-02,activo,"Sede sintética",999999
S5000-04847,Sofía,"Gómez León",60004847D,s5000.04847@example.invalid,"+34 600004847",2026-11-03,activo,"Sede sintética",999999
S5000-04848,Álvaro,"Muñoz García",60004848X,s5000.04848@example.invalid,600-004-848,2026-12-04,activo,"Sede sintética",999999
S5000-04849,Lucía,"Pérez Núñez",60004849B,s5000.04849@example.invalid,"+34 600004849",2026-01-05,activo,"Sede sintética",999999
S5000-04850,Iñigo,"Martín Sáez",60004850N,s5000.04850@example.invalid,600-004-850,2026-02-06,activo,"Sede sintética",999999
S5000-04851,"María José","Gómez León",60004851J,s5000.04851@example.invalid,"+34 600004851",2026-03-07,inactivo,"Sede sintética",999999
S5000-04852,Óscar,"Muñoz García",60004852Z,s5000.04852@example.invalid,600-004-852,2026-04-08,activo,"Sede sintética",999999
S5000-04853,Nuria,"Pérez Núñez",60004853S,s5000.04853@example.invalid,"+34 600004853",2026-05-09,activo,"Sede sintética",999999
S5000-04854,Raúl,"Martín Sáez",60004854Q,s5000.04854@example.invalid,600-004-854,2026-06-10,activo,"Sede sintética",999999
S5000-04855,Sofía,"Gómez León",60004855V,s5000.04855@example.invalid,"+34 600004855",2026-07-11,activo,"Sede sintética",999999
S5000-04856,Álvaro,"Muñoz García",60004856H,s5000.04856@example.invalid,600-004-856,2026-08-12,activo,"Sede sintética",999999
S5000-04857,Lucía,"Pérez Núñez",60004857L,s5000.04857@example.invalid,"+34 600004857",2026-09-13,activo,"Sede sintética",999999
S5000-04858,Iñigo,"Martín Sáez",60004858C,s5000.04858@example.invalid,600-004-858,2026-10-14,activo,"Sede sintética",999999
S5000-04859,"María José","Gómez León",60004859K,s5000.04859@example.invalid,"+34 600004859",2026-11-15,activo,"Sede sintética",999999
S5000-04860,Óscar,"Muñoz García",60004860E,s5000.04860@example.invalid,600-004-860,2026-12-16,activo,"Sede sintética",999999
S5000-04861,Nuria,"Pérez Núñez",60004861T,s5000.04861@example.invalid,"+34 600004861",2026-01-17,activo,"Sede sintética",999999
S5000-04862,Raúl,"Martín Sáez",60004862R,s5000.04862@example.invalid,600-004-862,2026-02-18,inactivo,"Sede sintética",999999
S5000-04863,Sofía,"Gómez León",60004863W,s5000.04863@example.invalid,"+34 600004863",2026-03-19,activo,"Sede sintética",999999
S5000-04864,Álvaro,"Muñoz García",60004864A,s5000.04864@example.invalid,600-004-864,2026-04-20,activo,"Sede sintética",999999
S5000-04865,Lucía,"Pérez Núñez",60004865G,s5000.04865@example.invalid,"+34 600004865",2026-05-21,activo,"Sede sintética",999999
S5000-04866,Iñigo,"Martín Sáez",60004866M,s5000.04866@example.invalid,600-004-866,2026-06-22,activo,"Sede sintética",999999
S5000-04867,"María José","Gómez León",60004867Y,s5000.04867@example.invalid,"+34 600004867",2026-07-23,activo,"Sede sintética",999999
S5000-04868,Óscar,"Muñoz García",60004868F,s5000.04868@example.invalid,600-004-868,2026-08-24,activo,"Sede sintética",999999
S5000-04869,Nuria,"Pérez Núñez",60004869P,s5000.04869@example.invalid,"+34 600004869",2026-09-25,activo,"Sede sintética",999999
S5000-04870,Raúl,"Martín Sáez",60004870D,s5000.04870@example.invalid,600-004-870,2026-10-26,activo,"Sede sintética",999999
S5000-04871,Sofía,"Gómez León",60004871X,s5000.04871@example.invalid,"+34 600004871",2026-11-27,activo,"Sede sintética",999999
S5000-04872,Álvaro,"Muñoz García",60004872B,s5000.04872@example.invalid,600-004-872,2026-12-28,activo,"Sede sintética",999999
S5000-04873,Lucía,"Pérez Núñez",60004873N,s5000.04873@example.invalid,"+34 600004873",2026-01-01,inactivo,"Sede sintética",999999
S5000-04874,Iñigo,"Martín Sáez",60004874J,s5000.04874@example.invalid,600-004-874,2026-02-02,activo,"Sede sintética",999999
S5000-04875,"María José","Gómez León",60004875Z,s5000.04875@example.invalid,"+34 600004875",2026-03-03,activo,"Sede sintética",999999
S5000-04876,Óscar,"Muñoz García",60004876S,s5000.04876@example.invalid,600-004-876,2026-04-04,activo,"Sede sintética",999999
S5000-04877,Nuria,"Pérez Núñez",60004877Q,s5000.04877@example.invalid,"+34 600004877",2026-05-05,activo,"Sede sintética",999999
S5000-04878,Raúl,"Martín Sáez",60004878V,s5000.04878@example.invalid,600-004-878,2026-06-06,activo,"Sede sintética",999999
S5000-04879,Sofía,"Gómez León",60004879H,s5000.04879@example.invalid,"+34 600004879",2026-07-07,activo,"Sede sintética",999999
S5000-04880,Álvaro,"Muñoz García",60004880L,s5000.04880@example.invalid,600-004-880,2026-08-08,activo,"Sede sintética",999999
S5000-04881,Lucía,"Pérez Núñez",60004881C,s5000.04881@example.invalid,"+34 600004881",2026-09-09,activo,"Sede sintética",999999
S5000-04882,Iñigo,"Martín Sáez",60004882K,s5000.04882@example.invalid,600-004-882,2026-10-10,activo,"Sede sintética",999999
S5000-04883,"María José","Gómez León",60004883E,s5000.04883@example.invalid,"+34 600004883",2026-11-11,activo,"Sede sintética",999999
S5000-04884,Óscar,"Muñoz García",60004884T,s5000.04884@example.invalid,600-004-884,2026-12-12,inactivo,"Sede sintética",999999
S5000-04885,Nuria,"Pérez Núñez",60004885R,s5000.04885@example.invalid,"+34 600004885",2026-01-13,activo,"Sede sintética",999999
S5000-04886,Raúl,"Martín Sáez",60004886W,s5000.04886@example.invalid,600-004-886,2026-02-14,activo,"Sede sintética",999999
S5000-04887,Sofía,"Gómez León",60004887A,s5000.04887@example.invalid,"+34 600004887",2026-03-15,activo,"Sede sintética",999999
S5000-04888,Álvaro,"Muñoz García",60004888G,s5000.04888@example.invalid,600-004-888,2026-04-16,activo,"Sede sintética",999999
S5000-04889,Lucía,"Pérez Núñez",60004889M,s5000.04889@example.invalid,"+34 600004889",2026-05-17,activo,"Sede sintética",999999
S5000-04890,Iñigo,"Martín Sáez",60004890Y,s5000.04890@example.invalid,600-004-890,2026-06-18,activo,"Sede sintética",999999
S5000-04891,"María José","Gómez León",60004891F,s5000.04891@example.invalid,"+34 600004891",2026-07-19,activo,"Sede sintética",999999
S5000-04892,Óscar,"Muñoz García",60004892P,s5000.04892@example.invalid,600-004-892,2026-08-20,activo,"Sede sintética",999999
S5000-04893,Nuria,"Pérez Núñez",60004893D,s5000.04893@example.invalid,"+34 600004893",2026-09-21,activo,"Sede sintética",999999
S5000-04894,Raúl,"Martín Sáez",60004894X,s5000.04894@example.invalid,600-004-894,2026-10-22,activo,"Sede sintética",999999
S5000-04895,Sofía,"Gómez León",60004895B,s5000.04895@example.invalid,"+34 600004895",2026-11-23,inactivo,"Sede sintética",999999
S5000-04896,Álvaro,"Muñoz García",60004896N,s5000.04896@example.invalid,600-004-896,2026-12-24,activo,"Sede sintética",999999
S5000-04897,Lucía,"Pérez Núñez",60004897J,s5000.04897@example.invalid,"+34 600004897",2026-01-25,activo,"Sede sintética",999999
S5000-04898,Iñigo,"Martín Sáez",60004898Z,s5000.04898@example.invalid,600-004-898,2026-02-26,activo,"Sede sintética",999999
S5000-04899,"María José","Gómez León",60004899S,s5000.04899@example.invalid,"+34 600004899",2026-03-27,activo,"Sede sintética",999999
S5000-04900,Óscar,"Muñoz García",60004900Q,s5000.04900@example.invalid,600-004-900,2026-04-28,activo,"Sede sintética",999999
S5000-04901,Nuria,"Pérez Núñez",60004901V,s5000.04901@example.invalid,"+34 600004901",2026-05-01,activo,"Sede sintética",999999
S5000-04902,Raúl,"Martín Sáez",60004902H,s5000.04902@example.invalid,600-004-902,2026-06-02,activo,"Sede sintética",999999
S5000-04903,Sofía,"Gómez León",60004903L,s5000.04903@example.invalid,"+34 600004903",2026-07-03,activo,"Sede sintética",999999
S5000-04904,Álvaro,"Muñoz García",60004904C,s5000.04904@example.invalid,600-004-904,2026-08-04,activo,"Sede sintética",999999
S5000-04905,Lucía,"Pérez Núñez",60004905K,s5000.04905@example.invalid,"+34 600004905",2026-09-05,activo,"Sede sintética",999999
S5000-04906,Iñigo,"Martín Sáez",60004906E,s5000.04906@example.invalid,600-004-906,2026-10-06,inactivo,"Sede sintética",999999
S5000-04907,"María José","Gómez León",60004907T,s5000.04907@example.invalid,"+34 600004907",2026-11-07,activo,"Sede sintética",999999
S5000-04908,Óscar,"Muñoz García",60004908R,s5000.04908@example.invalid,600-004-908,2026-12-08,activo,"Sede sintética",999999
S5000-04909,Nuria,"Pérez Núñez",60004909W,s5000.04909@example.invalid,"+34 600004909",2026-01-09,activo,"Sede sintética",999999
S5000-04910,Raúl,"Martín Sáez",60004910A,s5000.04910@example.invalid,600-004-910,2026-02-10,activo,"Sede sintética",999999
S5000-04911,Sofía,"Gómez León",60004911G,s5000.04911@example.invalid,"+34 600004911",2026-03-11,activo,"Sede sintética",999999
S5000-04912,Álvaro,"Muñoz García",60004912M,s5000.04912@example.invalid,600-004-912,2026-04-12,activo,"Sede sintética",999999
S5000-04913,Lucía,"Pérez Núñez",60004913Y,s5000.04913@example.invalid,"+34 600004913",2026-05-13,activo,"Sede sintética",999999
S5000-04914,Iñigo,"Martín Sáez",60004914F,s5000.04914@example.invalid,600-004-914,2026-06-14,activo,"Sede sintética",999999
S5000-04915,"María José","Gómez León",60004915P,s5000.04915@example.invalid,"+34 600004915",2026-07-15,activo,"Sede sintética",999999
S5000-04916,Óscar,"Muñoz García",60004916D,s5000.04916@example.invalid,600-004-916,2026-08-16,activo,"Sede sintética",999999
S5000-04917,Nuria,"Pérez Núñez",60004917X,s5000.04917@example.invalid,"+34 600004917",2026-09-17,inactivo,"Sede sintética",999999
S5000-04918,Raúl,"Martín Sáez",60004918B,s5000.04918@example.invalid,600-004-918,2026-10-18,activo,"Sede sintética",999999
S5000-04919,Sofía,"Gómez León",60004919N,s5000.04919@example.invalid,"+34 600004919",2026-11-19,activo,"Sede sintética",999999
S5000-04920,Álvaro,"Muñoz García",60004920J,s5000.04920@example.invalid,600-004-920,2026-12-20,activo,"Sede sintética",999999
S5000-04921,Lucía,"Pérez Núñez",60004921Z,s5000.04921@example.invalid,"+34 600004921",2026-01-21,activo,"Sede sintética",999999
S5000-04922,Iñigo,"Martín Sáez",60004922S,s5000.04922@example.invalid,600-004-922,2026-02-22,activo,"Sede sintética",999999
S5000-04923,"María José","Gómez León",60004923Q,s5000.04923@example.invalid,"+34 600004923",2026-03-23,activo,"Sede sintética",999999
S5000-04924,Óscar,"Muñoz García",60004924V,s5000.04924@example.invalid,600-004-924,2026-04-24,activo,"Sede sintética",999999
S5000-04925,Nuria,"Pérez Núñez",60004925H,s5000.04925@example.invalid,"+34 600004925",2026-05-25,activo,"Sede sintética",999999
S5000-04926,Raúl,"Martín Sáez",60004926L,s5000.04926@example.invalid,600-004-926,2026-06-26,activo,"Sede sintética",999999
S5000-04927,Sofía,"Gómez León",60004927C,s5000.04927@example.invalid,"+34 600004927",2026-07-27,activo,"Sede sintética",999999
S5000-04928,Álvaro,"Muñoz García",60004928K,s5000.04928@example.invalid,600-004-928,2026-08-28,inactivo,"Sede sintética",999999
S5000-04929,Lucía,"Pérez Núñez",60004929E,s5000.04929@example.invalid,"+34 600004929",2026-09-01,activo,"Sede sintética",999999
S5000-04930,Iñigo,"Martín Sáez",60004930T,s5000.04930@example.invalid,600-004-930,2026-10-02,activo,"Sede sintética",999999
S5000-04931,"María José","Gómez León",60004931R,s5000.04931@example.invalid,"+34 600004931",2026-11-03,activo,"Sede sintética",999999
S5000-04932,Óscar,"Muñoz García",60004932W,s5000.04932@example.invalid,600-004-932,2026-12-04,activo,"Sede sintética",999999
S5000-04933,Nuria,"Pérez Núñez",60004933A,s5000.04933@example.invalid,"+34 600004933",2026-01-05,activo,"Sede sintética",999999
S5000-04934,Raúl,"Martín Sáez",60004934G,s5000.04934@example.invalid,600-004-934,2026-02-06,activo,"Sede sintética",999999
S5000-04935,Sofía,"Gómez León",60004935M,s5000.04935@example.invalid,"+34 600004935",2026-03-07,activo,"Sede sintética",999999
S5000-04936,Álvaro,"Muñoz García",60004936Y,s5000.04936@example.invalid,600-004-936,2026-04-08,activo,"Sede sintética",999999
S5000-04937,Lucía,"Pérez Núñez",60004937F,s5000.04937@example.invalid,"+34 600004937",2026-05-09,activo,"Sede sintética",999999
S5000-04938,Iñigo,"Martín Sáez",60004938P,s5000.04938@example.invalid,600-004-938,2026-06-10,activo,"Sede sintética",999999
S5000-04939,"María José","Gómez León",60004939D,s5000.04939@example.invalid,"+34 600004939",2026-07-11,inactivo,"Sede sintética",999999
S5000-04940,Óscar,"Muñoz García",60004940X,s5000.04940@example.invalid,600-004-940,2026-08-12,activo,"Sede sintética",999999
S5000-04941,Nuria,"Pérez Núñez",60004941B,s5000.04941@example.invalid,"+34 600004941",2026-09-13,activo,"Sede sintética",999999
S5000-04942,Raúl,"Martín Sáez",60004942N,s5000.04942@example.invalid,600-004-942,2026-10-14,activo,"Sede sintética",999999
S5000-04943,Sofía,"Gómez León",60004943J,s5000.04943@example.invalid,"+34 600004943",2026-11-15,activo,"Sede sintética",999999
S5000-04944,Álvaro,"Muñoz García",60004944Z,s5000.04944@example.invalid,600-004-944,2026-12-16,activo,"Sede sintética",999999
S5000-04945,Lucía,"Pérez Núñez",60004945S,s5000.04945@example.invalid,"+34 600004945",2026-01-17,activo,"Sede sintética",999999
S5000-04946,Iñigo,"Martín Sáez",60004946Q,s5000.04946@example.invalid,600-004-946,2026-02-18,activo,"Sede sintética",999999
S5000-04947,"María José","Gómez León",60004947V,s5000.04947@example.invalid,"+34 600004947",2026-03-19,activo,"Sede sintética",999999
S5000-04948,Óscar,"Muñoz García",60004948H,s5000.04948@example.invalid,600-004-948,2026-04-20,activo,"Sede sintética",999999
S5000-04949,Nuria,"Pérez Núñez",60004949L,s5000.04949@example.invalid,"+34 600004949",2026-05-21,activo,"Sede sintética",999999
S5000-04950,Raúl,"Martín Sáez",60004950C,s5000.04950@example.invalid,600-004-950,2026-06-22,inactivo,"Sede sintética",999999
S5000-04951,Sofía,"Gómez León",60004951K,s5000.04951@example.invalid,"+34 600004951",2026-07-23,activo,"Sede sintética",999999
S5000-04952,Álvaro,"Muñoz García",60004952E,s5000.04952@example.invalid,600-004-952,2026-08-24,activo,"Sede sintética",999999
S5000-04953,Lucía,"Pérez Núñez",60004953T,s5000.04953@example.invalid,"+34 600004953",2026-09-25,activo,"Sede sintética",999999
S5000-04954,Iñigo,"Martín Sáez",60004954R,s5000.04954@example.invalid,600-004-954,2026-10-26,activo,"Sede sintética",999999
S5000-04955,"María José","Gómez León",60004955W,s5000.04955@example.invalid,"+34 600004955",2026-11-27,activo,"Sede sintética",999999
S5000-04956,Óscar,"Muñoz García",60004956A,s5000.04956@example.invalid,600-004-956,2026-12-28,activo,"Sede sintética",999999
S5000-04957,Nuria,"Pérez Núñez",60004957G,s5000.04957@example.invalid,"+34 600004957",2026-01-01,activo,"Sede sintética",999999
S5000-04958,Raúl,"Martín Sáez",60004958M,s5000.04958@example.invalid,600-004-958,2026-02-02,activo,"Sede sintética",999999
S5000-04959,Sofía,"Gómez León",60004959Y,s5000.04959@example.invalid,"+34 600004959",2026-03-03,activo,"Sede sintética",999999
S5000-04960,Álvaro,"Muñoz García",60004960F,s5000.04960@example.invalid,600-004-960,2026-04-04,activo,"Sede sintética",999999
S5000-04961,Lucía,"Pérez Núñez",60004961P,s5000.04961@example.invalid,"+34 600004961",2026-05-05,inactivo,"Sede sintética",999999
S5000-04962,Iñigo,"Martín Sáez",60004962D,s5000.04962@example.invalid,600-004-962,2026-06-06,activo,"Sede sintética",999999
S5000-04963,"María José","Gómez León",60004963X,s5000.04963@example.invalid,"+34 600004963",2026-07-07,activo,"Sede sintética",999999
S5000-04964,Óscar,"Muñoz García",60004964B,s5000.04964@example.invalid,600-004-964,2026-08-08,activo,"Sede sintética",999999
S5000-04965,Nuria,"Pérez Núñez",60004965N,s5000.04965@example.invalid,"+34 600004965",2026-09-09,activo,"Sede sintética",999999
S5000-04966,Raúl,"Martín Sáez",60004966J,s5000.04966@example.invalid,600-004-966,2026-10-10,activo,"Sede sintética",999999
S5000-04967,Sofía,"Gómez León",60004967Z,s5000.04967@example.invalid,"+34 600004967",2026-11-11,activo,"Sede sintética",999999
S5000-04968,Álvaro,"Muñoz García",60004968S,s5000.04968@example.invalid,600-004-968,2026-12-12,activo,"Sede sintética",999999
S5000-04969,Lucía,"Pérez Núñez",60004969Q,s5000.04969@example.invalid,"+34 600004969",2026-01-13,activo,"Sede sintética",999999
S5000-04970,Iñigo,"Martín Sáez",60004970V,s5000.04970@example.invalid,600-004-970,2026-02-14,activo,"Sede sintética",999999
S5000-04971,"María José","Gómez León",60004971H,s5000.04971@example.invalid,"+34 600004971",2026-03-15,activo,"Sede sintética",999999
S5000-04972,Óscar,"Muñoz García",60004972L,s5000.04972@example.invalid,600-004-972,2026-04-16,inactivo,"Sede sintética",999999
S5000-04973,Nuria,"Pérez Núñez",60004973C,s5000.04973@example.invalid,"+34 600004973",2026-05-17,activo,"Sede sintética",999999
S5000-04974,Raúl,"Martín Sáez",60004974K,s5000.04974@example.invalid,600-004-974,2026-06-18,activo,"Sede sintética",999999
S5000-04975,Sofía,"Gómez León",60004975E,s5000.04975@example.invalid,"+34 600004975",2026-07-19,activo,"Sede sintética",999999
S5000-04976,Álvaro,"Muñoz García",60004976T,s5000.04976@example.invalid,600-004-976,2026-08-20,activo,"Sede sintética",999999
S5000-04977,Lucía,"Pérez Núñez",60004977R,s5000.04977@example.invalid,"+34 600004977",2026-09-21,activo,"Sede sintética",999999
S5000-04978,Iñigo,"Martín Sáez",60004978W,s5000.04978@example.invalid,600-004-978,2026-10-22,activo,"Sede sintética",999999
S5000-04979,"María José","Gómez León",60004979A,s5000.04979@example.invalid,"+34 600004979",2026-11-23,activo,"Sede sintética",999999
S5000-04980,Óscar,"Muñoz García",60004980G,s5000.04980@example.invalid,600-004-980,2026-12-24,activo,"Sede sintética",999999
S5000-04981,Nuria,"Pérez Núñez",60004981M,s5000.04981@example.invalid,"+34 600004981",2026-01-25,activo,"Sede sintética",999999
S5000-04982,Raúl,"Martín Sáez",60004982Y,s5000.04982@example.invalid,600-004-982,2026-02-26,activo,"Sede sintética",999999
S5000-04983,Sofía,"Gómez León",60004983F,s5000.04983@example.invalid,"+34 600004983",2026-03-27,inactivo,"Sede sintética",999999
S5000-04984,Álvaro,"Muñoz García",60004984P,s5000.04984@example.invalid,600-004-984,2026-04-28,activo,"Sede sintética",999999
S5000-04985,Lucía,"Pérez Núñez",60004985D,s5000.04985@example.invalid,"+34 600004985",2026-05-01,activo,"Sede sintética",999999
S5000-04986,Iñigo,"Martín Sáez",60004986X,s5000.04986@example.invalid,600-004-986,2026-06-02,activo,"Sede sintética",999999
S5000-04987,"María José","Gómez León",60004987B,s5000.04987@example.invalid,"+34 600004987",2026-07-03,activo,"Sede sintética",999999
S5000-04988,Óscar,"Muñoz García",60004988N,s5000.04988@example.invalid,600-004-988,2026-08-04,activo,"Sede sintética",999999
S5000-04989,Nuria,"Pérez Núñez",60004989J,s5000.04989@example.invalid,"+34 600004989",2026-09-05,activo,"Sede sintética",999999
S5000-04990,Raúl,"Martín Sáez",60004990Z,s5000.04990@example.invalid,600-004-990,2026-10-06,activo,"Sede sintética",999999
S5000-04991,Sofía,"Gómez León",60004991S,s5000.04991@example.invalid,"+34 600004991",2026-11-07,activo,"Sede sintética",999999
S5000-04992,Álvaro,"Muñoz García",60004992Q,s5000.04992@example.invalid,600-004-992,2026-12-08,activo,"Sede sintética",999999
S5000-04993,Lucía,"Pérez Núñez",60004993V,s5000.04993@example.invalid,"+34 600004993",2026-01-09,activo,"Sede sintética",999999
S5000-04994,Iñigo,"Martín Sáez",60004994H,s5000.04994@example.invalid,600-004-994,2026-02-10,inactivo,"Sede sintética",999999
S5000-04995,"María José","Gómez León",60004995L,s5000.04995@example.invalid,"+34 600004995",2026-03-11,activo,"Sede sintética",999999
S5000-04996,Óscar,"Muñoz García",60004996C,s5000.04996@example.invalid,600-004-996,2026-04-12,activo,"Sede sintética",999999
S5000-04997,Nuria,"Pérez Núñez",60004997K,s5000.04997@example.invalid,"+34 600004997",2026-05-13,activo,"Sede sintética",999999
S5000-04998,Raúl,"Martín Sáez",60004998E,s5000.04998@example.invalid,600-004-998,2026-06-14,activo,"Sede sintética",999999
S5000-04999,Sofía,"Gómez León",60004999T,s5000.04999@example.invalid,"+34 600004999",2026-07-15,activo,"Sede sintética",999999
S5000-05000,Álvaro,"Muñoz García",60005000R,s5000.05000@example.invalid,600-005-000,2026-08-16,activo,"Sede sintética",999999
